period,period_date,trust_code,trust_name,icb_name,specialty_code,specialty_name,total_waiting,within_18_weeks,over_52_weeks,pct_within_18_weeks,missed_target
RTT-April-2026,2026-04-01,NPR01,ABOUT HEALTH HQ,NHS SOMERSET INTEGRATED CARE BOARD,C_330,Dermatology Service,1396,1396,0,1.0,False
RTT-April-2026,2026-04-01,S0L9O,ACES BIRMINGHAM,NHS BIRMINGHAM AND SOLIHULL INTEGRATED CARE BOARD,C_130,Ophthalmology Service,18,13,0,0.7222,False
RTT-April-2026,2026-04-01,E6F9I,ACES BRADFORD,NHS WEST YORKSHIRE INTEGRATED CARE BOARD,C_130,Ophthalmology Service,1,1,0,1.0,False
RTT-April-2026,2026-04-01,T1T4S,ACES BRISTOL,"NHS BRISTOL, NORTH SOMERSET AND SOUTH GLOUCESTERSHIRE INTEGRATED CARE BOARD",C_130,Ophthalmology Service,68,59,0,0.8676,False
RTT-April-2026,2026-04-01,H3W7Q,ACES CHELMSFORD,NHS ESSEX INTEGRATED CARE BOARD,C_130,Ophthalmology Service,60,50,0,0.8333,False
RTT-April-2026,2026-04-01,U6A5N,ACES CHISWICK,NHS WEST AND NORTH LONDON INTEGRATED CARE BOARD,C_130,Ophthalmology Service,6,4,0,0.6667,True
RTT-April-2026,2026-04-01,R6B6E,ACES DARLINGTON,NHS NORTH EAST AND NORTH CUMBRIA INTEGRATED CARE BOARD,C_130,Ophthalmology Service,1,1,0,1.0,False
RTT-April-2026,2026-04-01,Z4F8Y,ACES DARTFORD,NHS KENT AND MEDWAY INTEGRATED CARE BOARD,C_130,Ophthalmology Service,369,316,0,0.8564,False
RTT-April-2026,2026-04-01,N1M9Z,ACES EXETER,NHS DEVON INTEGRATED CARE BOARD,C_130,Ophthalmology Service,49,38,0,0.7755,False
RTT-April-2026,2026-04-01,F2C9F,ACES HARLEY STREET,NHS WEST AND NORTH LONDON INTEGRATED CARE BOARD,C_130,Ophthalmology Service,1,0,0,0.0,True
RTT-April-2026,2026-04-01,X7M7U,ACES LAKESIDE,NHS ESSEX INTEGRATED CARE BOARD,C_130,Ophthalmology Service,11,11,0,1.0,False
RTT-April-2026,2026-04-01,X0R3Y,ACES LEEDS KING STREET,NHS WEST YORKSHIRE INTEGRATED CARE BOARD,C_130,Ophthalmology Service,11,7,1,0.6364,True
RTT-April-2026,2026-04-01,P1G3N,ACES LEEDS WHITE ROSE,NHS WEST YORKSHIRE INTEGRATED CARE BOARD,C_130,Ophthalmology Service,5,2,0,0.4,True
RTT-April-2026,2026-04-01,T1I9W,ACES LINCOLN,NHS LINCOLNSHIRE INTEGRATED CARE BOARD,C_130,Ophthalmology Service,10,8,1,0.8,False
RTT-April-2026,2026-04-01,D2L5T,ACES LIVERPOOL,NHS CHESHIRE AND MERSEYSIDE INTEGRATED CARE BOARD,C_130,Ophthalmology Service,60,50,0,0.8333,False
RTT-April-2026,2026-04-01,X1M4L,ACES MAIDSTONE,NHS KENT AND MEDWAY INTEGRATED CARE BOARD,C_130,Ophthalmology Service,2,0,0,0.0,True
RTT-April-2026,2026-04-01,W7J4C,ACES MANCHESTER,NHS GREATER MANCHESTER INTEGRATED CARE BOARD,C_130,Ophthalmology Service,74,44,0,0.5946,True
RTT-April-2026,2026-04-01,N1L8R,ACES MANCHESTER ST JOHNS STREET,NHS GREATER MANCHESTER INTEGRATED CARE BOARD,C_130,Ophthalmology Service,13,11,0,0.8462,False
RTT-April-2026,2026-04-01,S8O6A,ACES MANCHESTER TRAFFORD,NHS GREATER MANCHESTER INTEGRATED CARE BOARD,C_130,Ophthalmology Service,2,2,0,1.0,False
RTT-April-2026,2026-04-01,U1P4Z,ACES MILTON KEYNES,NHS CENTRAL EAST INTEGRATED CARE BOARD,C_130,Ophthalmology Service,137,116,0,0.8467,False
RTT-April-2026,2026-04-01,I7G8X,ACES NEWCASTLE,NHS NORTH EAST AND NORTH CUMBRIA INTEGRATED CARE BOARD,C_130,Ophthalmology Service,29,23,0,0.7931,False
RTT-April-2026,2026-04-01,A4Y8X,ACES NOTTINGHAM,NHS NOTTINGHAM AND NOTTINGHAMSHIRE INTEGRATED CARE BOARD,C_130,Ophthalmology Service,26,20,0,0.7692,False
RTT-April-2026,2026-04-01,Q4W9A,ACES SOUTHAMPTON,NHS HAMPSHIRE AND ISLE OF WIGHT INTEGRATED CARE BOARD,C_130,Ophthalmology Service,43,38,0,0.8837,False
RTT-April-2026,2026-04-01,Y7W8F,ACES SOUTHAMPTON - EAST ST,NHS HAMPSHIRE AND ISLE OF WIGHT INTEGRATED CARE BOARD,C_130,Ophthalmology Service,15,14,0,0.9333,False
RTT-April-2026,2026-04-01,N8Z8E,ACES TORQUAY,NHS DEVON INTEGRATED CARE BOARD,C_130,Ophthalmology Service,3,1,0,0.3333,True
RTT-April-2026,2026-04-01,A9P5F,ACES WHITE CITY,NHS WEST AND NORTH LONDON INTEGRATED CARE BOARD,C_130,Ophthalmology Service,110,86,0,0.7818,False
RTT-April-2026,2026-04-01,X7Y2H,ACES WILMSLOW,NHS CHESHIRE AND MERSEYSIDE INTEGRATED CARE BOARD,C_130,Ophthalmology Service,5,5,0,1.0,False
RTT-April-2026,2026-04-01,RCF,AIREDALE NHS FOUNDATION TRUST,NHS WEST YORKSHIRE INTEGRATED CARE BOARD,C_320,Cardiology Service,1575,1215,3,0.7714,False
RTT-April-2026,2026-04-01,RCF,AIREDALE NHS FOUNDATION TRUST,NHS WEST YORKSHIRE INTEGRATED CARE BOARD,C_330,Dermatology Service,35,35,0,1.0,False
RTT-April-2026,2026-04-01,RCF,AIREDALE NHS FOUNDATION TRUST,NHS WEST YORKSHIRE INTEGRATED CARE BOARD,C_120,Ear Nose and Throat Service,1229,827,2,0.6729,True
RTT-April-2026,2026-04-01,RCF,AIREDALE NHS FOUNDATION TRUST,NHS WEST YORKSHIRE INTEGRATED CARE BOARD,C_430,Elderly Medicine Service,44,38,0,0.8636,False
RTT-April-2026,2026-04-01,RCF,AIREDALE NHS FOUNDATION TRUST,NHS WEST YORKSHIRE INTEGRATED CARE BOARD,C_301,Gastroenterology Service,775,560,5,0.7226,False
RTT-April-2026,2026-04-01,RCF,AIREDALE NHS FOUNDATION TRUST,NHS WEST YORKSHIRE INTEGRATED CARE BOARD,C_300,General Internal Medicine Service,2,2,0,1.0,False
RTT-April-2026,2026-04-01,RCF,AIREDALE NHS FOUNDATION TRUST,NHS WEST YORKSHIRE INTEGRATED CARE BOARD,C_100,General Surgery Service,1731,1221,15,0.7054,False
RTT-April-2026,2026-04-01,RCF,AIREDALE NHS FOUNDATION TRUST,NHS WEST YORKSHIRE INTEGRATED CARE BOARD,C_502,Gynaecology Service,1762,1051,1,0.5965,True
RTT-April-2026,2026-04-01,RCF,AIREDALE NHS FOUNDATION TRUST,NHS WEST YORKSHIRE INTEGRATED CARE BOARD,C_400,Neurology Service,887,693,0,0.7813,False
RTT-April-2026,2026-04-01,RCF,AIREDALE NHS FOUNDATION TRUST,NHS WEST YORKSHIRE INTEGRATED CARE BOARD,C_130,Ophthalmology Service,601,500,0,0.8319,False
RTT-April-2026,2026-04-01,RCF,AIREDALE NHS FOUNDATION TRUST,NHS WEST YORKSHIRE INTEGRATED CARE BOARD,C_140,Oral Surgery Service,444,324,0,0.7297,False
RTT-April-2026,2026-04-01,RCF,AIREDALE NHS FOUNDATION TRUST,NHS WEST YORKSHIRE INTEGRATED CARE BOARD,X02,Other - Medical Services,971,906,0,0.9331,False
RTT-April-2026,2026-04-01,RCF,AIREDALE NHS FOUNDATION TRUST,NHS WEST YORKSHIRE INTEGRATED CARE BOARD,X06,Other - Other Services,1,1,0,1.0,False
RTT-April-2026,2026-04-01,RCF,AIREDALE NHS FOUNDATION TRUST,NHS WEST YORKSHIRE INTEGRATED CARE BOARD,X04,Other - Paediatric Services,670,521,1,0.7776,False
RTT-April-2026,2026-04-01,RCF,AIREDALE NHS FOUNDATION TRUST,NHS WEST YORKSHIRE INTEGRATED CARE BOARD,X05,Other - Surgical Services,65,31,0,0.4769,True
RTT-April-2026,2026-04-01,RCF,AIREDALE NHS FOUNDATION TRUST,NHS WEST YORKSHIRE INTEGRATED CARE BOARD,C_160,Plastic Surgery Service,51,40,1,0.7843,False
RTT-April-2026,2026-04-01,RCF,AIREDALE NHS FOUNDATION TRUST,NHS WEST YORKSHIRE INTEGRATED CARE BOARD,C_340,Respiratory Medicine Service,613,412,0,0.6721,True
RTT-April-2026,2026-04-01,RCF,AIREDALE NHS FOUNDATION TRUST,NHS WEST YORKSHIRE INTEGRATED CARE BOARD,C_410,Rheumatology Service,445,321,0,0.7213,False
RTT-April-2026,2026-04-01,RCF,AIREDALE NHS FOUNDATION TRUST,NHS WEST YORKSHIRE INTEGRATED CARE BOARD,C_110,Trauma and Orthopaedic Service,1469,903,8,0.6147,True
RTT-April-2026,2026-04-01,RCF,AIREDALE NHS FOUNDATION TRUST,NHS WEST YORKSHIRE INTEGRATED CARE BOARD,C_101,Urology Service,974,774,2,0.7947,False
RTT-April-2026,2026-04-01,RBS,ALDER HEY CHILDREN'S NHS FOUNDATION TRUST,NHS CHESHIRE AND MERSEYSIDE INTEGRATED CARE BOARD,X04,Other - Paediatric Services,16793,11598,213,0.6906,True
RTT-April-2026,2026-04-01,NT401,ALEXANDRA HOSPITAL,NHS GREATER MANCHESTER INTEGRATED CARE BOARD,C_301,Gastroenterology Service,32,29,0,0.9062,False
RTT-April-2026,2026-04-01,NT401,ALEXANDRA HOSPITAL,NHS GREATER MANCHESTER INTEGRATED CARE BOARD,C_100,General Surgery Service,234,114,0,0.4872,True
RTT-April-2026,2026-04-01,NT401,ALEXANDRA HOSPITAL,NHS GREATER MANCHESTER INTEGRATED CARE BOARD,X06,Other - Other Services,1,1,0,1.0,False
RTT-April-2026,2026-04-01,NT401,ALEXANDRA HOSPITAL,NHS GREATER MANCHESTER INTEGRATED CARE BOARD,C_110,Trauma and Orthopaedic Service,411,262,0,0.6375,True
RTT-April-2026,2026-04-01,F7B2B,ANGLIA COMMUNITY EYE SERVICE - BURY ST EDMUNDS,NHS NORFOLK AND SUFFOLK INTEGRATED CARE BOARD,C_130,Ophthalmology Service,13,10,0,0.7692,False
RTT-April-2026,2026-04-01,H7X1I,ANGLIA COMMUNITY EYE SERVICE - CAMBRIDGE,NHS CENTRAL EAST INTEGRATED CARE BOARD,C_130,Ophthalmology Service,224,184,2,0.8214,False
RTT-April-2026,2026-04-01,K7J9E,ANGLIA COMMUNITY EYE SERVICE - NORWICH,NHS NORFOLK AND SUFFOLK INTEGRATED CARE BOARD,C_130,Ophthalmology Service,12,9,0,0.75,False
RTT-April-2026,2026-04-01,O9Q4E,ANGLIA COMMUNITY EYE SERVICE - PETERBOROUGH,NHS CENTRAL EAST INTEGRATED CARE BOARD,C_130,Ophthalmology Service,359,274,1,0.7632,False
RTT-April-2026,2026-04-01,NX507,ANGLIA COMMUNITY EYE SERVICE - THETFORD HEALTHY LIVING CENTRE,NHS NORFOLK AND SUFFOLK INTEGRATED CARE BOARD,C_130,Ophthalmology Service,185,168,0,0.9081,False
RTT-April-2026,2026-04-01,NX501,ANGLIA COMMUNITY EYE SERVICE LTD,NHS CENTRAL EAST INTEGRATED CARE BOARD,C_130,Ophthalmology Service,566,495,1,0.8746,False
RTT-April-2026,2026-04-01,NX504,ANGLIA COMMUNITY EYE SERVICES FAKENHAM,NHS NORFOLK AND SUFFOLK INTEGRATED CARE BOARD,C_130,Ophthalmology Service,233,217,0,0.9313,False
RTT-April-2026,2026-04-01,RTK,ASHFORD AND ST PETER'S HOSPITALS NHS FOUNDATION TRUST,NHS SURREY AND SUSSEX INTEGRATED CARE BOARD,C_320,Cardiology Service,2151,1536,0,0.7141,False
RTT-April-2026,2026-04-01,RTK,ASHFORD AND ST PETER'S HOSPITALS NHS FOUNDATION TRUST,NHS SURREY AND SUSSEX INTEGRATED CARE BOARD,C_170,Cardiothoracic Surgery Service,5,5,0,1.0,False
RTT-April-2026,2026-04-01,RTK,ASHFORD AND ST PETER'S HOSPITALS NHS FOUNDATION TRUST,NHS SURREY AND SUSSEX INTEGRATED CARE BOARD,C_330,Dermatology Service,4421,2832,3,0.6406,True
RTT-April-2026,2026-04-01,RTK,ASHFORD AND ST PETER'S HOSPITALS NHS FOUNDATION TRUST,NHS SURREY AND SUSSEX INTEGRATED CARE BOARD,C_120,Ear Nose and Throat Service,4085,2389,114,0.5848,True
RTT-April-2026,2026-04-01,RTK,ASHFORD AND ST PETER'S HOSPITALS NHS FOUNDATION TRUST,NHS SURREY AND SUSSEX INTEGRATED CARE BOARD,C_430,Elderly Medicine Service,218,176,0,0.8073,False
RTT-April-2026,2026-04-01,RTK,ASHFORD AND ST PETER'S HOSPITALS NHS FOUNDATION TRUST,NHS SURREY AND SUSSEX INTEGRATED CARE BOARD,C_301,Gastroenterology Service,1805,1202,21,0.6659,True
RTT-April-2026,2026-04-01,RTK,ASHFORD AND ST PETER'S HOSPITALS NHS FOUNDATION TRUST,NHS SURREY AND SUSSEX INTEGRATED CARE BOARD,C_300,General Internal Medicine Service,111,110,0,0.991,False
RTT-April-2026,2026-04-01,RTK,ASHFORD AND ST PETER'S HOSPITALS NHS FOUNDATION TRUST,NHS SURREY AND SUSSEX INTEGRATED CARE BOARD,C_100,General Surgery Service,614,445,7,0.7248,False
RTT-April-2026,2026-04-01,RTK,ASHFORD AND ST PETER'S HOSPITALS NHS FOUNDATION TRUST,NHS SURREY AND SUSSEX INTEGRATED CARE BOARD,C_502,Gynaecology Service,3412,1876,12,0.5498,True
RTT-April-2026,2026-04-01,RTK,ASHFORD AND ST PETER'S HOSPITALS NHS FOUNDATION TRUST,NHS SURREY AND SUSSEX INTEGRATED CARE BOARD,C_400,Neurology Service,1028,542,0,0.5272,True
RTT-April-2026,2026-04-01,RTK,ASHFORD AND ST PETER'S HOSPITALS NHS FOUNDATION TRUST,NHS SURREY AND SUSSEX INTEGRATED CARE BOARD,C_130,Ophthalmology Service,5134,3251,8,0.6332,True
RTT-April-2026,2026-04-01,RTK,ASHFORD AND ST PETER'S HOSPITALS NHS FOUNDATION TRUST,NHS SURREY AND SUSSEX INTEGRATED CARE BOARD,C_140,Oral Surgery Service,4297,2277,111,0.5299,True
RTT-April-2026,2026-04-01,RTK,ASHFORD AND ST PETER'S HOSPITALS NHS FOUNDATION TRUST,NHS SURREY AND SUSSEX INTEGRATED CARE BOARD,X02,Other - Medical Services,2414,1851,7,0.7668,False
RTT-April-2026,2026-04-01,RTK,ASHFORD AND ST PETER'S HOSPITALS NHS FOUNDATION TRUST,NHS SURREY AND SUSSEX INTEGRATED CARE BOARD,X06,Other - Other Services,763,656,10,0.8598,False
RTT-April-2026,2026-04-01,RTK,ASHFORD AND ST PETER'S HOSPITALS NHS FOUNDATION TRUST,NHS SURREY AND SUSSEX INTEGRATED CARE BOARD,X04,Other - Paediatric Services,2117,1518,6,0.7171,False
RTT-April-2026,2026-04-01,RTK,ASHFORD AND ST PETER'S HOSPITALS NHS FOUNDATION TRUST,NHS SURREY AND SUSSEX INTEGRATED CARE BOARD,X05,Other - Surgical Services,8250,4498,202,0.5452,True
RTT-April-2026,2026-04-01,RTK,ASHFORD AND ST PETER'S HOSPITALS NHS FOUNDATION TRUST,NHS SURREY AND SUSSEX INTEGRATED CARE BOARD,C_160,Plastic Surgery Service,18,18,0,1.0,False
RTT-April-2026,2026-04-01,RTK,ASHFORD AND ST PETER'S HOSPITALS NHS FOUNDATION TRUST,NHS SURREY AND SUSSEX INTEGRATED CARE BOARD,C_340,Respiratory Medicine Service,1109,791,2,0.7133,False
RTT-April-2026,2026-04-01,RTK,ASHFORD AND ST PETER'S HOSPITALS NHS FOUNDATION TRUST,NHS SURREY AND SUSSEX INTEGRATED CARE BOARD,C_410,Rheumatology Service,316,207,2,0.6551,True
RTT-April-2026,2026-04-01,RTK,ASHFORD AND ST PETER'S HOSPITALS NHS FOUNDATION TRUST,NHS SURREY AND SUSSEX INTEGRATED CARE BOARD,C_110,Trauma and Orthopaedic Service,7136,4600,83,0.6446,True
RTT-April-2026,2026-04-01,RTK,ASHFORD AND ST PETER'S HOSPITALS NHS FOUNDATION TRUST,NHS SURREY AND SUSSEX INTEGRATED CARE BOARD,C_101,Urology Service,1985,1160,22,0.5844,True
RTT-April-2026,2026-04-01,NVC01,ASHTEAD HOSPITAL,NHS SURREY AND SUSSEX INTEGRATED CARE BOARD,C_301,Gastroenterology Service,106,82,0,0.7736,False
RTT-April-2026,2026-04-01,NVC01,ASHTEAD HOSPITAL,NHS SURREY AND SUSSEX INTEGRATED CARE BOARD,C_100,General Surgery Service,229,187,2,0.8166,False
RTT-April-2026,2026-04-01,NVC01,ASHTEAD HOSPITAL,NHS SURREY AND SUSSEX INTEGRATED CARE BOARD,C_400,Neurology Service,1,1,0,1.0,False
RTT-April-2026,2026-04-01,NVC01,ASHTEAD HOSPITAL,NHS SURREY AND SUSSEX INTEGRATED CARE BOARD,C_130,Ophthalmology Service,82,71,0,0.8659,False
RTT-April-2026,2026-04-01,NVC01,ASHTEAD HOSPITAL,NHS SURREY AND SUSSEX INTEGRATED CARE BOARD,X02,Other - Medical Services,41,16,0,0.3902,True
RTT-April-2026,2026-04-01,NVC01,ASHTEAD HOSPITAL,NHS SURREY AND SUSSEX INTEGRATED CARE BOARD,C_160,Plastic Surgery Service,7,5,0,0.7143,False
RTT-April-2026,2026-04-01,NVC01,ASHTEAD HOSPITAL,NHS SURREY AND SUSSEX INTEGRATED CARE BOARD,C_110,Trauma and Orthopaedic Service,465,323,1,0.6946,True
RTT-April-2026,2026-04-01,NVC01,ASHTEAD HOSPITAL,NHS SURREY AND SUSSEX INTEGRATED CARE BOARD,C_101,Urology Service,97,82,2,0.8454,False
RTT-April-2026,2026-04-01,RF4,"BARKING, HAVERING AND REDBRIDGE UNIVERSITY HOSPITALS NHS TRUST",NHS NORTH EAST LONDON INTEGRATED CARE BOARD,C_320,Cardiology Service,4423,3417,1,0.7726,False
RTT-April-2026,2026-04-01,RF4,"BARKING, HAVERING AND REDBRIDGE UNIVERSITY HOSPITALS NHS TRUST",NHS NORTH EAST LONDON INTEGRATED CARE BOARD,C_170,Cardiothoracic Surgery Service,1,0,0,0.0,True
RTT-April-2026,2026-04-01,RF4,"BARKING, HAVERING AND REDBRIDGE UNIVERSITY HOSPITALS NHS TRUST",NHS NORTH EAST LONDON INTEGRATED CARE BOARD,C_330,Dermatology Service,3895,2286,6,0.5869,True
RTT-April-2026,2026-04-01,RF4,"BARKING, HAVERING AND REDBRIDGE UNIVERSITY HOSPITALS NHS TRUST",NHS NORTH EAST LONDON INTEGRATED CARE BOARD,C_120,Ear Nose and Throat Service,5762,3753,65,0.6513,True
RTT-April-2026,2026-04-01,RF4,"BARKING, HAVERING AND REDBRIDGE UNIVERSITY HOSPITALS NHS TRUST",NHS NORTH EAST LONDON INTEGRATED CARE BOARD,C_430,Elderly Medicine Service,575,547,2,0.9513,False
RTT-April-2026,2026-04-01,RF4,"BARKING, HAVERING AND REDBRIDGE UNIVERSITY HOSPITALS NHS TRUST",NHS NORTH EAST LONDON INTEGRATED CARE BOARD,C_301,Gastroenterology Service,4310,3213,4,0.7455,False
RTT-April-2026,2026-04-01,RF4,"BARKING, HAVERING AND REDBRIDGE UNIVERSITY HOSPITALS NHS TRUST",NHS NORTH EAST LONDON INTEGRATED CARE BOARD,C_300,General Internal Medicine Service,13,12,0,0.9231,False
RTT-April-2026,2026-04-01,RF4,"BARKING, HAVERING AND REDBRIDGE UNIVERSITY HOSPITALS NHS TRUST",NHS NORTH EAST LONDON INTEGRATED CARE BOARD,C_100,General Surgery Service,7339,3941,139,0.537,True
RTT-April-2026,2026-04-01,RF4,"BARKING, HAVERING AND REDBRIDGE UNIVERSITY HOSPITALS NHS TRUST",NHS NORTH EAST LONDON INTEGRATED CARE BOARD,C_502,Gynaecology Service,6321,3089,368,0.4887,True
RTT-April-2026,2026-04-01,RF4,"BARKING, HAVERING AND REDBRIDGE UNIVERSITY HOSPITALS NHS TRUST",NHS NORTH EAST LONDON INTEGRATED CARE BOARD,C_400,Neurology Service,3329,1876,123,0.5635,True
RTT-April-2026,2026-04-01,RF4,"BARKING, HAVERING AND REDBRIDGE UNIVERSITY HOSPITALS NHS TRUST",NHS NORTH EAST LONDON INTEGRATED CARE BOARD,C_150,Neurosurgical Service,2506,1907,8,0.761,False
RTT-April-2026,2026-04-01,RF4,"BARKING, HAVERING AND REDBRIDGE UNIVERSITY HOSPITALS NHS TRUST",NHS NORTH EAST LONDON INTEGRATED CARE BOARD,C_130,Ophthalmology Service,3988,3383,0,0.8483,False
RTT-April-2026,2026-04-01,RF4,"BARKING, HAVERING AND REDBRIDGE UNIVERSITY HOSPITALS NHS TRUST",NHS NORTH EAST LONDON INTEGRATED CARE BOARD,C_140,Oral Surgery Service,2233,1730,8,0.7747,False
RTT-April-2026,2026-04-01,RF4,"BARKING, HAVERING AND REDBRIDGE UNIVERSITY HOSPITALS NHS TRUST",NHS NORTH EAST LONDON INTEGRATED CARE BOARD,X02,Other - Medical Services,8281,6101,132,0.7367,False
RTT-April-2026,2026-04-01,RF4,"BARKING, HAVERING AND REDBRIDGE UNIVERSITY HOSPITALS NHS TRUST",NHS NORTH EAST LONDON INTEGRATED CARE BOARD,X06,Other - Other Services,611,534,1,0.874,False
RTT-April-2026,2026-04-01,RF4,"BARKING, HAVERING AND REDBRIDGE UNIVERSITY HOSPITALS NHS TRUST",NHS NORTH EAST LONDON INTEGRATED CARE BOARD,X04,Other - Paediatric Services,428,259,0,0.6051,True
RTT-April-2026,2026-04-01,RF4,"BARKING, HAVERING AND REDBRIDGE UNIVERSITY HOSPITALS NHS TRUST",NHS NORTH EAST LONDON INTEGRATED CARE BOARD,X05,Other - Surgical Services,3576,2379,4,0.6653,True
RTT-April-2026,2026-04-01,RF4,"BARKING, HAVERING AND REDBRIDGE UNIVERSITY HOSPITALS NHS TRUST",NHS NORTH EAST LONDON INTEGRATED CARE BOARD,C_340,Respiratory Medicine Service,2992,2817,0,0.9415,False
RTT-April-2026,2026-04-01,RF4,"BARKING, HAVERING AND REDBRIDGE UNIVERSITY HOSPITALS NHS TRUST",NHS NORTH EAST LONDON INTEGRATED CARE BOARD,C_410,Rheumatology Service,1100,926,1,0.8418,False
RTT-April-2026,2026-04-01,RF4,"BARKING, HAVERING AND REDBRIDGE UNIVERSITY HOSPITALS NHS TRUST",NHS NORTH EAST LONDON INTEGRATED CARE BOARD,C_110,Trauma and Orthopaedic Service,6006,3674,54,0.6117,True
RTT-April-2026,2026-04-01,RF4,"BARKING, HAVERING AND REDBRIDGE UNIVERSITY HOSPITALS NHS TRUST",NHS NORTH EAST LONDON INTEGRATED CARE BOARD,C_101,Urology Service,4552,3285,1,0.7217,False
RTT-April-2026,2026-04-01,RFF,BARNSLEY HOSPITAL NHS FOUNDATION TRUST,NHS SOUTH YORKSHIRE INTEGRATED CARE BOARD,C_320,Cardiology Service,694,650,0,0.9366,False
RTT-April-2026,2026-04-01,RFF,BARNSLEY HOSPITAL NHS FOUNDATION TRUST,NHS SOUTH YORKSHIRE INTEGRATED CARE BOARD,C_330,Dermatology Service,1596,1280,0,0.802,False
RTT-April-2026,2026-04-01,RFF,BARNSLEY HOSPITAL NHS FOUNDATION TRUST,NHS SOUTH YORKSHIRE INTEGRATED CARE BOARD,C_120,Ear Nose and Throat Service,3207,2200,4,0.686,True
RTT-April-2026,2026-04-01,RFF,BARNSLEY HOSPITAL NHS FOUNDATION TRUST,NHS SOUTH YORKSHIRE INTEGRATED CARE BOARD,C_430,Elderly Medicine Service,154,151,0,0.9805,False
RTT-April-2026,2026-04-01,RFF,BARNSLEY HOSPITAL NHS FOUNDATION TRUST,NHS SOUTH YORKSHIRE INTEGRATED CARE BOARD,C_301,Gastroenterology Service,1212,1140,0,0.9406,False
RTT-April-2026,2026-04-01,RFF,BARNSLEY HOSPITAL NHS FOUNDATION TRUST,NHS SOUTH YORKSHIRE INTEGRATED CARE BOARD,C_300,General Internal Medicine Service,41,39,0,0.9512,False
RTT-April-2026,2026-04-01,RFF,BARNSLEY HOSPITAL NHS FOUNDATION TRUST,NHS SOUTH YORKSHIRE INTEGRATED CARE BOARD,C_100,General Surgery Service,2057,1459,9,0.7093,False
RTT-April-2026,2026-04-01,RFF,BARNSLEY HOSPITAL NHS FOUNDATION TRUST,NHS SOUTH YORKSHIRE INTEGRATED CARE BOARD,C_502,Gynaecology Service,2161,1481,17,0.6853,True
RTT-April-2026,2026-04-01,RFF,BARNSLEY HOSPITAL NHS FOUNDATION TRUST,NHS SOUTH YORKSHIRE INTEGRATED CARE BOARD,C_130,Ophthalmology Service,3269,2390,1,0.7311,False
RTT-April-2026,2026-04-01,RFF,BARNSLEY HOSPITAL NHS FOUNDATION TRUST,NHS SOUTH YORKSHIRE INTEGRATED CARE BOARD,C_140,Oral Surgery Service,1591,872,11,0.5481,True
RTT-April-2026,2026-04-01,RFF,BARNSLEY HOSPITAL NHS FOUNDATION TRUST,NHS SOUTH YORKSHIRE INTEGRATED CARE BOARD,X02,Other - Medical Services,450,437,0,0.9711,False
RTT-April-2026,2026-04-01,RFF,BARNSLEY HOSPITAL NHS FOUNDATION TRUST,NHS SOUTH YORKSHIRE INTEGRATED CARE BOARD,X06,Other - Other Services,38,30,2,0.7895,False
RTT-April-2026,2026-04-01,RFF,BARNSLEY HOSPITAL NHS FOUNDATION TRUST,NHS SOUTH YORKSHIRE INTEGRATED CARE BOARD,X04,Other - Paediatric Services,887,743,0,0.8377,False
RTT-April-2026,2026-04-01,RFF,BARNSLEY HOSPITAL NHS FOUNDATION TRUST,NHS SOUTH YORKSHIRE INTEGRATED CARE BOARD,C_340,Respiratory Medicine Service,346,334,0,0.9653,False
RTT-April-2026,2026-04-01,RFF,BARNSLEY HOSPITAL NHS FOUNDATION TRUST,NHS SOUTH YORKSHIRE INTEGRATED CARE BOARD,C_410,Rheumatology Service,182,180,0,0.989,False
RTT-April-2026,2026-04-01,RFF,BARNSLEY HOSPITAL NHS FOUNDATION TRUST,NHS SOUTH YORKSHIRE INTEGRATED CARE BOARD,C_110,Trauma and Orthopaedic Service,2794,1558,51,0.5576,True
RTT-April-2026,2026-04-01,RFF,BARNSLEY HOSPITAL NHS FOUNDATION TRUST,NHS SOUTH YORKSHIRE INTEGRATED CARE BOARD,C_101,Urology Service,1180,787,14,0.6669,True
RTT-April-2026,2026-04-01,R1H,BARTS HEALTH NHS TRUST,NHS NORTH EAST LONDON INTEGRATED CARE BOARD,C_320,Cardiology Service,8829,6529,0,0.7395,False
RTT-April-2026,2026-04-01,R1H,BARTS HEALTH NHS TRUST,NHS NORTH EAST LONDON INTEGRATED CARE BOARD,C_170,Cardiothoracic Surgery Service,10,10,0,1.0,False
RTT-April-2026,2026-04-01,R1H,BARTS HEALTH NHS TRUST,NHS NORTH EAST LONDON INTEGRATED CARE BOARD,C_330,Dermatology Service,7342,3837,265,0.5226,True
RTT-April-2026,2026-04-01,R1H,BARTS HEALTH NHS TRUST,NHS NORTH EAST LONDON INTEGRATED CARE BOARD,C_120,Ear Nose and Throat Service,6305,2900,147,0.46,True
RTT-April-2026,2026-04-01,R1H,BARTS HEALTH NHS TRUST,NHS NORTH EAST LONDON INTEGRATED CARE BOARD,C_430,Elderly Medicine Service,174,159,0,0.9138,False
RTT-April-2026,2026-04-01,R1H,BARTS HEALTH NHS TRUST,NHS NORTH EAST LONDON INTEGRATED CARE BOARD,C_301,Gastroenterology Service,7693,5024,12,0.6531,True
RTT-April-2026,2026-04-01,R1H,BARTS HEALTH NHS TRUST,NHS NORTH EAST LONDON INTEGRATED CARE BOARD,C_300,General Internal Medicine Service,74,48,0,0.6486,True
RTT-April-2026,2026-04-01,R1H,BARTS HEALTH NHS TRUST,NHS NORTH EAST LONDON INTEGRATED CARE BOARD,C_100,General Surgery Service,4717,2871,58,0.6086,True
RTT-April-2026,2026-04-01,R1H,BARTS HEALTH NHS TRUST,NHS NORTH EAST LONDON INTEGRATED CARE BOARD,C_502,Gynaecology Service,8792,6074,18,0.6909,True
RTT-April-2026,2026-04-01,R1H,BARTS HEALTH NHS TRUST,NHS NORTH EAST LONDON INTEGRATED CARE BOARD,C_400,Neurology Service,2883,1586,14,0.5501,True
RTT-April-2026,2026-04-01,R1H,BARTS HEALTH NHS TRUST,NHS NORTH EAST LONDON INTEGRATED CARE BOARD,C_150,Neurosurgical Service,1550,839,21,0.5413,True
RTT-April-2026,2026-04-01,R1H,BARTS HEALTH NHS TRUST,NHS NORTH EAST LONDON INTEGRATED CARE BOARD,C_130,Ophthalmology Service,5702,3875,5,0.6796,True
RTT-April-2026,2026-04-01,R1H,BARTS HEALTH NHS TRUST,NHS NORTH EAST LONDON INTEGRATED CARE BOARD,C_140,Oral Surgery Service,3618,2084,67,0.576,True
RTT-April-2026,2026-04-01,R1H,BARTS HEALTH NHS TRUST,NHS NORTH EAST LONDON INTEGRATED CARE BOARD,X02,Other - Medical Services,19111,12961,16,0.6782,True
RTT-April-2026,2026-04-01,R1H,BARTS HEALTH NHS TRUST,NHS NORTH EAST LONDON INTEGRATED CARE BOARD,X06,Other - Other Services,1156,819,1,0.7085,False
RTT-April-2026,2026-04-01,R1H,BARTS HEALTH NHS TRUST,NHS NORTH EAST LONDON INTEGRATED CARE BOARD,X04,Other - Paediatric Services,9555,5374,273,0.5624,True
RTT-April-2026,2026-04-01,R1H,BARTS HEALTH NHS TRUST,NHS NORTH EAST LONDON INTEGRATED CARE BOARD,X05,Other - Surgical Services,11272,7604,97,0.6746,True
RTT-April-2026,2026-04-01,R1H,BARTS HEALTH NHS TRUST,NHS NORTH EAST LONDON INTEGRATED CARE BOARD,C_160,Plastic Surgery Service,1199,606,57,0.5054,True
RTT-April-2026,2026-04-01,R1H,BARTS HEALTH NHS TRUST,NHS NORTH EAST LONDON INTEGRATED CARE BOARD,C_340,Respiratory Medicine Service,5606,3855,9,0.6877,True
RTT-April-2026,2026-04-01,R1H,BARTS HEALTH NHS TRUST,NHS NORTH EAST LONDON INTEGRATED CARE BOARD,C_410,Rheumatology Service,1110,943,2,0.8495,False
RTT-April-2026,2026-04-01,R1H,BARTS HEALTH NHS TRUST,NHS NORTH EAST LONDON INTEGRATED CARE BOARD,C_110,Trauma and Orthopaedic Service,8659,4857,83,0.5609,True
RTT-April-2026,2026-04-01,R1H,BARTS HEALTH NHS TRUST,NHS NORTH EAST LONDON INTEGRATED CARE BOARD,C_101,Urology Service,6446,3716,47,0.5765,True
RTT-April-2026,2026-04-01,NT402,BATH CLINIC,"NHS BATH AND NORTH EAST SOMERSET, SWINDON AND WILTSHIRE INTEGRATED CARE BOARD",C_301,Gastroenterology Service,5,3,0,0.6,True
RTT-April-2026,2026-04-01,NT402,BATH CLINIC,"NHS BATH AND NORTH EAST SOMERSET, SWINDON AND WILTSHIRE INTEGRATED CARE BOARD",C_100,General Surgery Service,29,22,0,0.7586,False
RTT-April-2026,2026-04-01,NT402,BATH CLINIC,"NHS BATH AND NORTH EAST SOMERSET, SWINDON AND WILTSHIRE INTEGRATED CARE BOARD",C_130,Ophthalmology Service,211,132,0,0.6256,True
RTT-April-2026,2026-04-01,NT402,BATH CLINIC,"NHS BATH AND NORTH EAST SOMERSET, SWINDON AND WILTSHIRE INTEGRATED CARE BOARD",C_110,Trauma and Orthopaedic Service,424,340,0,0.8019,False
RTT-April-2026,2026-04-01,NRP,BEACON MEDICAL SERVICES GROUP LIMITED,NHS GREATER MANCHESTER INTEGRATED CARE BOARD,C_120,Ear Nose and Throat Service,2668,2658,0,0.9963,False
RTT-April-2026,2026-04-01,NRP,BEACON MEDICAL SERVICES GROUP LIMITED,NHS GREATER MANCHESTER INTEGRATED CARE BOARD,C_301,Gastroenterology Service,2018,1748,0,0.8662,False
RTT-April-2026,2026-04-01,NVC0I,BEACON PARK HOSPITAL,NHS STAFFORDSHIRE AND STOKE-ON-TRENT INTEGRATED CARE BOARD,C_301,Gastroenterology Service,124,97,0,0.7823,False
RTT-April-2026,2026-04-01,NVC0I,BEACON PARK HOSPITAL,NHS STAFFORDSHIRE AND STOKE-ON-TRENT INTEGRATED CARE BOARD,C_100,General Surgery Service,47,24,0,0.5106,True
RTT-April-2026,2026-04-01,NVC0I,BEACON PARK HOSPITAL,NHS STAFFORDSHIRE AND STOKE-ON-TRENT INTEGRATED CARE BOARD,C_502,Gynaecology Service,171,112,0,0.655,True
RTT-April-2026,2026-04-01,NVC0I,BEACON PARK HOSPITAL,NHS STAFFORDSHIRE AND STOKE-ON-TRENT INTEGRATED CARE BOARD,C_130,Ophthalmology Service,350,189,0,0.54,True
RTT-April-2026,2026-04-01,NVC0I,BEACON PARK HOSPITAL,NHS STAFFORDSHIRE AND STOKE-ON-TRENT INTEGRATED CARE BOARD,X02,Other - Medical Services,240,89,1,0.3708,True
RTT-April-2026,2026-04-01,NVC0I,BEACON PARK HOSPITAL,NHS STAFFORDSHIRE AND STOKE-ON-TRENT INTEGRATED CARE BOARD,C_110,Trauma and Orthopaedic Service,311,202,0,0.6495,True
RTT-April-2026,2026-04-01,NVC0I,BEACON PARK HOSPITAL,NHS STAFFORDSHIRE AND STOKE-ON-TRENT INTEGRATED CARE BOARD,C_101,Urology Service,162,95,0,0.5864,True
RTT-April-2026,2026-04-01,NT403,BEARDWOOD HOSPITAL,NHS LANCASHIRE AND SOUTH CUMBRIA INTEGRATED CARE BOARD,C_120,Ear Nose and Throat Service,111,104,0,0.9369,False
RTT-April-2026,2026-04-01,NT403,BEARDWOOD HOSPITAL,NHS LANCASHIRE AND SOUTH CUMBRIA INTEGRATED CARE BOARD,C_301,Gastroenterology Service,52,43,0,0.8269,False
RTT-April-2026,2026-04-01,NT403,BEARDWOOD HOSPITAL,NHS LANCASHIRE AND SOUTH CUMBRIA INTEGRATED CARE BOARD,C_100,General Surgery Service,240,177,0,0.7375,False
RTT-April-2026,2026-04-01,NT403,BEARDWOOD HOSPITAL,NHS LANCASHIRE AND SOUTH CUMBRIA INTEGRATED CARE BOARD,C_502,Gynaecology Service,211,112,0,0.5308,True
RTT-April-2026,2026-04-01,NT403,BEARDWOOD HOSPITAL,NHS LANCASHIRE AND SOUTH CUMBRIA INTEGRATED CARE BOARD,C_150,Neurosurgical Service,72,64,0,0.8889,False
RTT-April-2026,2026-04-01,NT403,BEARDWOOD HOSPITAL,NHS LANCASHIRE AND SOUTH CUMBRIA INTEGRATED CARE BOARD,X06,Other - Other Services,7,5,0,0.7143,False
RTT-April-2026,2026-04-01,NT403,BEARDWOOD HOSPITAL,NHS LANCASHIRE AND SOUTH CUMBRIA INTEGRATED CARE BOARD,C_110,Trauma and Orthopaedic Service,1381,1042,0,0.7545,False
RTT-April-2026,2026-04-01,NT403,BEARDWOOD HOSPITAL,NHS LANCASHIRE AND SOUTH CUMBRIA INTEGRATED CARE BOARD,C_101,Urology Service,159,125,0,0.7862,False
RTT-April-2026,2026-04-01,NT404,BEAUMONT HOSPITAL,NHS GREATER MANCHESTER INTEGRATED CARE BOARD,C_120,Ear Nose and Throat Service,263,162,0,0.616,True
RTT-April-2026,2026-04-01,NT404,BEAUMONT HOSPITAL,NHS GREATER MANCHESTER INTEGRATED CARE BOARD,C_301,Gastroenterology Service,27,24,0,0.8889,False
RTT-April-2026,2026-04-01,NT404,BEAUMONT HOSPITAL,NHS GREATER MANCHESTER INTEGRATED CARE BOARD,C_100,General Surgery Service,590,375,0,0.6356,True
RTT-April-2026,2026-04-01,NT404,BEAUMONT HOSPITAL,NHS GREATER MANCHESTER INTEGRATED CARE BOARD,C_502,Gynaecology Service,645,460,0,0.7132,False
RTT-April-2026,2026-04-01,NT404,BEAUMONT HOSPITAL,NHS GREATER MANCHESTER INTEGRATED CARE BOARD,X06,Other - Other Services,207,141,0,0.6812,True
RTT-April-2026,2026-04-01,NT404,BEAUMONT HOSPITAL,NHS GREATER MANCHESTER INTEGRATED CARE BOARD,C_110,Trauma and Orthopaedic Service,1218,685,0,0.5624,True
RTT-April-2026,2026-04-01,NT404,BEAUMONT HOSPITAL,NHS GREATER MANCHESTER INTEGRATED CARE BOARD,C_101,Urology Service,244,153,1,0.627,True
RTT-April-2026,2026-04-01,RC9,BEDFORDSHIRE HOSPITALS NHS FOUNDATION TRUST,NHS CENTRAL EAST INTEGRATED CARE BOARD,C_320,Cardiology Service,6444,4081,2,0.6333,True
RTT-April-2026,2026-04-01,RC9,BEDFORDSHIRE HOSPITALS NHS FOUNDATION TRUST,NHS CENTRAL EAST INTEGRATED CARE BOARD,C_330,Dermatology Service,7405,4271,1,0.5768,True
RTT-April-2026,2026-04-01,RC9,BEDFORDSHIRE HOSPITALS NHS FOUNDATION TRUST,NHS CENTRAL EAST INTEGRATED CARE BOARD,C_120,Ear Nose and Throat Service,7053,4201,55,0.5956,True
RTT-April-2026,2026-04-01,RC9,BEDFORDSHIRE HOSPITALS NHS FOUNDATION TRUST,NHS CENTRAL EAST INTEGRATED CARE BOARD,C_430,Elderly Medicine Service,296,264,0,0.8919,False
RTT-April-2026,2026-04-01,RC9,BEDFORDSHIRE HOSPITALS NHS FOUNDATION TRUST,NHS CENTRAL EAST INTEGRATED CARE BOARD,C_301,Gastroenterology Service,3373,2155,2,0.6389,True
RTT-April-2026,2026-04-01,RC9,BEDFORDSHIRE HOSPITALS NHS FOUNDATION TRUST,NHS CENTRAL EAST INTEGRATED CARE BOARD,C_300,General Internal Medicine Service,844,803,0,0.9514,False
RTT-April-2026,2026-04-01,RC9,BEDFORDSHIRE HOSPITALS NHS FOUNDATION TRUST,NHS CENTRAL EAST INTEGRATED CARE BOARD,C_100,General Surgery Service,3710,2093,9,0.5642,True
RTT-April-2026,2026-04-01,RC9,BEDFORDSHIRE HOSPITALS NHS FOUNDATION TRUST,NHS CENTRAL EAST INTEGRATED CARE BOARD,C_502,Gynaecology Service,5922,3967,7,0.6699,True
RTT-April-2026,2026-04-01,RC9,BEDFORDSHIRE HOSPITALS NHS FOUNDATION TRUST,NHS CENTRAL EAST INTEGRATED CARE BOARD,C_400,Neurology Service,2566,1556,0,0.6064,True
RTT-April-2026,2026-04-01,RC9,BEDFORDSHIRE HOSPITALS NHS FOUNDATION TRUST,NHS CENTRAL EAST INTEGRATED CARE BOARD,C_130,Ophthalmology Service,3355,2447,0,0.7294,False
RTT-April-2026,2026-04-01,RC9,BEDFORDSHIRE HOSPITALS NHS FOUNDATION TRUST,NHS CENTRAL EAST INTEGRATED CARE BOARD,C_140,Oral Surgery Service,7102,3216,197,0.4528,True
RTT-April-2026,2026-04-01,RC9,BEDFORDSHIRE HOSPITALS NHS FOUNDATION TRUST,NHS CENTRAL EAST INTEGRATED CARE BOARD,X02,Other - Medical Services,2600,2046,0,0.7869,False
RTT-April-2026,2026-04-01,RC9,BEDFORDSHIRE HOSPITALS NHS FOUNDATION TRUST,NHS CENTRAL EAST INTEGRATED CARE BOARD,X06,Other - Other Services,968,714,0,0.7376,False
RTT-April-2026,2026-04-01,RC9,BEDFORDSHIRE HOSPITALS NHS FOUNDATION TRUST,NHS CENTRAL EAST INTEGRATED CARE BOARD,X04,Other - Paediatric Services,5207,3319,11,0.6374,True
RTT-April-2026,2026-04-01,RC9,BEDFORDSHIRE HOSPITALS NHS FOUNDATION TRUST,NHS CENTRAL EAST INTEGRATED CARE BOARD,X05,Other - Surgical Services,5960,4128,4,0.6926,True
RTT-April-2026,2026-04-01,RC9,BEDFORDSHIRE HOSPITALS NHS FOUNDATION TRUST,NHS CENTRAL EAST INTEGRATED CARE BOARD,C_160,Plastic Surgery Service,1543,841,1,0.545,True
RTT-April-2026,2026-04-01,RC9,BEDFORDSHIRE HOSPITALS NHS FOUNDATION TRUST,NHS CENTRAL EAST INTEGRATED CARE BOARD,C_340,Respiratory Medicine Service,3367,2347,0,0.6971,True
RTT-April-2026,2026-04-01,RC9,BEDFORDSHIRE HOSPITALS NHS FOUNDATION TRUST,NHS CENTRAL EAST INTEGRATED CARE BOARD,C_410,Rheumatology Service,1044,953,0,0.9128,False
RTT-April-2026,2026-04-01,RC9,BEDFORDSHIRE HOSPITALS NHS FOUNDATION TRUST,NHS CENTRAL EAST INTEGRATED CARE BOARD,C_110,Trauma and Orthopaedic Service,6422,2781,235,0.433,True
RTT-April-2026,2026-04-01,RC9,BEDFORDSHIRE HOSPITALS NHS FOUNDATION TRUST,NHS CENTRAL EAST INTEGRATED CARE BOARD,C_101,Urology Service,4396,2907,1,0.6613,True
RTT-April-2026,2026-04-01,NWF01,BENENDEN HOSPITAL,NHS KENT AND MEDWAY INTEGRATED CARE BOARD,C_120,Ear Nose and Throat Service,109,90,0,0.8257,False
RTT-April-2026,2026-04-01,NWF01,BENENDEN HOSPITAL,NHS KENT AND MEDWAY INTEGRATED CARE BOARD,C_301,Gastroenterology Service,100,79,0,0.79,False
RTT-April-2026,2026-04-01,NWF01,BENENDEN HOSPITAL,NHS KENT AND MEDWAY INTEGRATED CARE BOARD,C_100,General Surgery Service,137,118,0,0.8613,False
RTT-April-2026,2026-04-01,NWF01,BENENDEN HOSPITAL,NHS KENT AND MEDWAY INTEGRATED CARE BOARD,C_502,Gynaecology Service,246,198,0,0.8049,False
RTT-April-2026,2026-04-01,NWF01,BENENDEN HOSPITAL,NHS KENT AND MEDWAY INTEGRATED CARE BOARD,C_130,Ophthalmology Service,70,63,0,0.9,False
RTT-April-2026,2026-04-01,NWF01,BENENDEN HOSPITAL,NHS KENT AND MEDWAY INTEGRATED CARE BOARD,C_110,Trauma and Orthopaedic Service,690,538,3,0.7797,False
RTT-April-2026,2026-04-01,NWF01,BENENDEN HOSPITAL,NHS KENT AND MEDWAY INTEGRATED CARE BOARD,C_101,Urology Service,63,54,0,0.8571,False
RTT-April-2026,2026-04-01,RWX,BERKSHIRE HEALTHCARE NHS FOUNDATION TRUST,NHS THAMES VALLEY INTEGRATED CARE BOARD,X04,Other - Paediatric Services,99,99,0,1.0,False
RTT-April-2026,2026-04-01,NP9,BESPOKE HEALTHCARE LTD,NHS LANCASHIRE AND SOUTH CUMBRIA INTEGRATED CARE BOARD,C_400,Neurology Service,614,467,0,0.7606,False
RTT-April-2026,2026-04-01,RYW,BIRMINGHAM COMMUNITY HEALTHCARE NHS FOUNDATION TRUST,NHS BIRMINGHAM AND SOLIHULL INTEGRATED CARE BOARD,C_140,Oral Surgery Service,6319,4493,1,0.711,False
RTT-April-2026,2026-04-01,RYW,BIRMINGHAM COMMUNITY HEALTHCARE NHS FOUNDATION TRUST,NHS BIRMINGHAM AND SOLIHULL INTEGRATED CARE BOARD,X02,Other - Medical Services,3466,3139,0,0.9057,False
RTT-April-2026,2026-04-01,RYW,BIRMINGHAM COMMUNITY HEALTHCARE NHS FOUNDATION TRUST,NHS BIRMINGHAM AND SOLIHULL INTEGRATED CARE BOARD,X03,Other - Mental Health Services,987,869,0,0.8804,False
RTT-April-2026,2026-04-01,RYW,BIRMINGHAM COMMUNITY HEALTHCARE NHS FOUNDATION TRUST,NHS BIRMINGHAM AND SOLIHULL INTEGRATED CARE BOARD,X05,Other - Surgical Services,3567,2646,0,0.7418,False
RTT-April-2026,2026-04-01,RYW,BIRMINGHAM COMMUNITY HEALTHCARE NHS FOUNDATION TRUST,NHS BIRMINGHAM AND SOLIHULL INTEGRATED CARE BOARD,C_110,Trauma and Orthopaedic Service,73,73,0,1.0,False
RTT-April-2026,2026-04-01,RQ3,BIRMINGHAM WOMEN'S AND CHILDREN'S NHS FOUNDATION TRUST,NHS BIRMINGHAM AND SOLIHULL INTEGRATED CARE BOARD,C_120,Ear Nose and Throat Service,6,0,0,0.0,True
RTT-April-2026,2026-04-01,RQ3,BIRMINGHAM WOMEN'S AND CHILDREN'S NHS FOUNDATION TRUST,NHS BIRMINGHAM AND SOLIHULL INTEGRATED CARE BOARD,C_502,Gynaecology Service,6100,3235,13,0.5303,True
RTT-April-2026,2026-04-01,RQ3,BIRMINGHAM WOMEN'S AND CHILDREN'S NHS FOUNDATION TRUST,NHS BIRMINGHAM AND SOLIHULL INTEGRATED CARE BOARD,X02,Other - Medical Services,6092,4133,59,0.6784,True
RTT-April-2026,2026-04-01,RQ3,BIRMINGHAM WOMEN'S AND CHILDREN'S NHS FOUNDATION TRUST,NHS BIRMINGHAM AND SOLIHULL INTEGRATED CARE BOARD,X03,Other - Mental Health Services,1,1,0,1.0,False
RTT-April-2026,2026-04-01,RQ3,BIRMINGHAM WOMEN'S AND CHILDREN'S NHS FOUNDATION TRUST,NHS BIRMINGHAM AND SOLIHULL INTEGRATED CARE BOARD,X06,Other - Other Services,343,283,0,0.8251,False
RTT-April-2026,2026-04-01,RQ3,BIRMINGHAM WOMEN'S AND CHILDREN'S NHS FOUNDATION TRUST,NHS BIRMINGHAM AND SOLIHULL INTEGRATED CARE BOARD,X04,Other - Paediatric Services,9190,5862,58,0.6379,True
RTT-April-2026,2026-04-01,RQ3,BIRMINGHAM WOMEN'S AND CHILDREN'S NHS FOUNDATION TRUST,NHS BIRMINGHAM AND SOLIHULL INTEGRATED CARE BOARD,X05,Other - Surgical Services,58,18,0,0.3103,True
RTT-April-2026,2026-04-01,RQ3,BIRMINGHAM WOMEN'S AND CHILDREN'S NHS FOUNDATION TRUST,NHS BIRMINGHAM AND SOLIHULL INTEGRATED CARE BOARD,C_110,Trauma and Orthopaedic Service,1,1,0,1.0,False
RTT-April-2026,2026-04-01,RQ3,BIRMINGHAM WOMEN'S AND CHILDREN'S NHS FOUNDATION TRUST,NHS BIRMINGHAM AND SOLIHULL INTEGRATED CARE BOARD,C_101,Urology Service,1,0,0,0.0,True
RTT-April-2026,2026-04-01,NT405,BISHOPS WOOD HOSPITAL,NHS WEST AND NORTH LONDON INTEGRATED CARE BOARD,C_301,Gastroenterology Service,13,11,0,0.8462,False
RTT-April-2026,2026-04-01,NT405,BISHOPS WOOD HOSPITAL,NHS WEST AND NORTH LONDON INTEGRATED CARE BOARD,C_100,General Surgery Service,46,41,0,0.8913,False
RTT-April-2026,2026-04-01,NT405,BISHOPS WOOD HOSPITAL,NHS WEST AND NORTH LONDON INTEGRATED CARE BOARD,C_502,Gynaecology Service,61,52,0,0.8525,False
RTT-April-2026,2026-04-01,NT405,BISHOPS WOOD HOSPITAL,NHS WEST AND NORTH LONDON INTEGRATED CARE BOARD,C_130,Ophthalmology Service,14,11,0,0.7857,False
RTT-April-2026,2026-04-01,NT405,BISHOPS WOOD HOSPITAL,NHS WEST AND NORTH LONDON INTEGRATED CARE BOARD,X06,Other - Other Services,5,5,0,1.0,False
RTT-April-2026,2026-04-01,NT405,BISHOPS WOOD HOSPITAL,NHS WEST AND NORTH LONDON INTEGRATED CARE BOARD,C_110,Trauma and Orthopaedic Service,260,243,0,0.9346,False
RTT-April-2026,2026-04-01,NT405,BISHOPS WOOD HOSPITAL,NHS WEST AND NORTH LONDON INTEGRATED CARE BOARD,C_101,Urology Service,144,102,0,0.7083,False
RTT-April-2026,2026-04-01,NT406,BLACKHEATH HOSPITAL,NHS SOUTH EAST LONDON INTEGRATED CARE BOARD,C_301,Gastroenterology Service,202,146,0,0.7228,False
RTT-April-2026,2026-04-01,NT406,BLACKHEATH HOSPITAL,NHS SOUTH EAST LONDON INTEGRATED CARE BOARD,C_100,General Surgery Service,145,120,3,0.8276,False
RTT-April-2026,2026-04-01,NT406,BLACKHEATH HOSPITAL,NHS SOUTH EAST LONDON INTEGRATED CARE BOARD,C_502,Gynaecology Service,1,1,0,1.0,False
RTT-April-2026,2026-04-01,NT406,BLACKHEATH HOSPITAL,NHS SOUTH EAST LONDON INTEGRATED CARE BOARD,C_150,Neurosurgical Service,8,7,0,0.875,False
RTT-April-2026,2026-04-01,NT406,BLACKHEATH HOSPITAL,NHS SOUTH EAST LONDON INTEGRATED CARE BOARD,C_130,Ophthalmology Service,122,82,0,0.6721,True
RTT-April-2026,2026-04-01,NT406,BLACKHEATH HOSPITAL,NHS SOUTH EAST LONDON INTEGRATED CARE BOARD,X06,Other - Other Services,129,92,0,0.7132,False
RTT-April-2026,2026-04-01,NT406,BLACKHEATH HOSPITAL,NHS SOUTH EAST LONDON INTEGRATED CARE BOARD,C_110,Trauma and Orthopaedic Service,641,407,10,0.6349,True
RTT-April-2026,2026-04-01,NT406,BLACKHEATH HOSPITAL,NHS SOUTH EAST LONDON INTEGRATED CARE BOARD,C_101,Urology Service,237,182,0,0.7679,False
RTT-April-2026,2026-04-01,RXL,BLACKPOOL TEACHING HOSPITALS NHS FOUNDATION TRUST,NHS LANCASHIRE AND SOUTH CUMBRIA INTEGRATED CARE BOARD,C_320,Cardiology Service,5490,2942,291,0.5359,True
RTT-April-2026,2026-04-01,RXL,BLACKPOOL TEACHING HOSPITALS NHS FOUNDATION TRUST,NHS LANCASHIRE AND SOUTH CUMBRIA INTEGRATED CARE BOARD,C_170,Cardiothoracic Surgery Service,953,433,84,0.4544,True
RTT-April-2026,2026-04-01,RXL,BLACKPOOL TEACHING HOSPITALS NHS FOUNDATION TRUST,NHS LANCASHIRE AND SOUTH CUMBRIA INTEGRATED CARE BOARD,C_330,Dermatology Service,3056,2038,0,0.6669,True
RTT-April-2026,2026-04-01,RXL,BLACKPOOL TEACHING HOSPITALS NHS FOUNDATION TRUST,NHS LANCASHIRE AND SOUTH CUMBRIA INTEGRATED CARE BOARD,C_120,Ear Nose and Throat Service,3251,2066,5,0.6355,True
RTT-April-2026,2026-04-01,RXL,BLACKPOOL TEACHING HOSPITALS NHS FOUNDATION TRUST,NHS LANCASHIRE AND SOUTH CUMBRIA INTEGRATED CARE BOARD,C_430,Elderly Medicine Service,56,55,0,0.9821,False
RTT-April-2026,2026-04-01,RXL,BLACKPOOL TEACHING HOSPITALS NHS FOUNDATION TRUST,NHS LANCASHIRE AND SOUTH CUMBRIA INTEGRATED CARE BOARD,C_301,Gastroenterology Service,3852,2317,116,0.6015,True
RTT-April-2026,2026-04-01,RXL,BLACKPOOL TEACHING HOSPITALS NHS FOUNDATION TRUST,NHS LANCASHIRE AND SOUTH CUMBRIA INTEGRATED CARE BOARD,C_300,General Internal Medicine Service,1,1,0,1.0,False
RTT-April-2026,2026-04-01,RXL,BLACKPOOL TEACHING HOSPITALS NHS FOUNDATION TRUST,NHS LANCASHIRE AND SOUTH CUMBRIA INTEGRATED CARE BOARD,C_100,General Surgery Service,1108,665,5,0.6002,True
RTT-April-2026,2026-04-01,RXL,BLACKPOOL TEACHING HOSPITALS NHS FOUNDATION TRUST,NHS LANCASHIRE AND SOUTH CUMBRIA INTEGRATED CARE BOARD,C_502,Gynaecology Service,2950,1344,327,0.4556,True
RTT-April-2026,2026-04-01,RXL,BLACKPOOL TEACHING HOSPITALS NHS FOUNDATION TRUST,NHS LANCASHIRE AND SOUTH CUMBRIA INTEGRATED CARE BOARD,C_130,Ophthalmology Service,3480,2206,11,0.6339,True
RTT-April-2026,2026-04-01,RXL,BLACKPOOL TEACHING HOSPITALS NHS FOUNDATION TRUST,NHS LANCASHIRE AND SOUTH CUMBRIA INTEGRATED CARE BOARD,C_140,Oral Surgery Service,1949,924,12,0.4741,True
RTT-April-2026,2026-04-01,RXL,BLACKPOOL TEACHING HOSPITALS NHS FOUNDATION TRUST,NHS LANCASHIRE AND SOUTH CUMBRIA INTEGRATED CARE BOARD,X02,Other - Medical Services,3000,2211,1,0.737,False
RTT-April-2026,2026-04-01,RXL,BLACKPOOL TEACHING HOSPITALS NHS FOUNDATION TRUST,NHS LANCASHIRE AND SOUTH CUMBRIA INTEGRATED CARE BOARD,X04,Other - Paediatric Services,1341,1007,0,0.7509,False
RTT-April-2026,2026-04-01,RXL,BLACKPOOL TEACHING HOSPITALS NHS FOUNDATION TRUST,NHS LANCASHIRE AND SOUTH CUMBRIA INTEGRATED CARE BOARD,X05,Other - Surgical Services,1947,1576,3,0.8095,False
RTT-April-2026,2026-04-01,RXL,BLACKPOOL TEACHING HOSPITALS NHS FOUNDATION TRUST,NHS LANCASHIRE AND SOUTH CUMBRIA INTEGRATED CARE BOARD,C_160,Plastic Surgery Service,205,154,0,0.7512,False
RTT-April-2026,2026-04-01,RXL,BLACKPOOL TEACHING HOSPITALS NHS FOUNDATION TRUST,NHS LANCASHIRE AND SOUTH CUMBRIA INTEGRATED CARE BOARD,C_340,Respiratory Medicine Service,1338,753,50,0.5628,True
RTT-April-2026,2026-04-01,RXL,BLACKPOOL TEACHING HOSPITALS NHS FOUNDATION TRUST,NHS LANCASHIRE AND SOUTH CUMBRIA INTEGRATED CARE BOARD,C_410,Rheumatology Service,1117,756,1,0.6768,True
RTT-April-2026,2026-04-01,RXL,BLACKPOOL TEACHING HOSPITALS NHS FOUNDATION TRUST,NHS LANCASHIRE AND SOUTH CUMBRIA INTEGRATED CARE BOARD,C_110,Trauma and Orthopaedic Service,2705,1564,0,0.5782,True
RTT-April-2026,2026-04-01,RXL,BLACKPOOL TEACHING HOSPITALS NHS FOUNDATION TRUST,NHS LANCASHIRE AND SOUTH CUMBRIA INTEGRATED CARE BOARD,C_101,Urology Service,2554,1396,48,0.5466,True
RTT-April-2026,2026-04-01,NVC31,BLAKELANDS HOSPITAL,NHS CENTRAL EAST INTEGRATED CARE BOARD,C_301,Gastroenterology Service,223,201,0,0.9013,False
RTT-April-2026,2026-04-01,NVC31,BLAKELANDS HOSPITAL,NHS CENTRAL EAST INTEGRATED CARE BOARD,C_100,General Surgery Service,338,265,0,0.784,False
RTT-April-2026,2026-04-01,NVC31,BLAKELANDS HOSPITAL,NHS CENTRAL EAST INTEGRATED CARE BOARD,C_130,Ophthalmology Service,315,252,1,0.8,False
RTT-April-2026,2026-04-01,NVC31,BLAKELANDS HOSPITAL,NHS CENTRAL EAST INTEGRATED CARE BOARD,X02,Other - Medical Services,207,140,0,0.6763,True
RTT-April-2026,2026-04-01,NVC31,BLAKELANDS HOSPITAL,NHS CENTRAL EAST INTEGRATED CARE BOARD,X06,Other - Other Services,1,0,0,0.0,True
RTT-April-2026,2026-04-01,NVC31,BLAKELANDS HOSPITAL,NHS CENTRAL EAST INTEGRATED CARE BOARD,C_110,Trauma and Orthopaedic Service,1074,643,4,0.5987,True
RTT-April-2026,2026-04-01,NVC31,BLAKELANDS HOSPITAL,NHS CENTRAL EAST INTEGRATED CARE BOARD,C_101,Urology Service,99,83,1,0.8384,False
RTT-April-2026,2026-04-01,RMC,BOLTON NHS FOUNDATION TRUST,NHS GREATER MANCHESTER INTEGRATED CARE BOARD,C_320,Cardiology Service,3132,1503,16,0.4799,True
RTT-April-2026,2026-04-01,RMC,BOLTON NHS FOUNDATION TRUST,NHS GREATER MANCHESTER INTEGRATED CARE BOARD,C_170,Cardiothoracic Surgery Service,58,21,0,0.3621,True
RTT-April-2026,2026-04-01,RMC,BOLTON NHS FOUNDATION TRUST,NHS GREATER MANCHESTER INTEGRATED CARE BOARD,C_330,Dermatology Service,2291,1797,6,0.7844,False
RTT-April-2026,2026-04-01,RMC,BOLTON NHS FOUNDATION TRUST,NHS GREATER MANCHESTER INTEGRATED CARE BOARD,C_120,Ear Nose and Throat Service,4461,2252,95,0.5048,True
RTT-April-2026,2026-04-01,RMC,BOLTON NHS FOUNDATION TRUST,NHS GREATER MANCHESTER INTEGRATED CARE BOARD,C_430,Elderly Medicine Service,301,247,0,0.8206,False
RTT-April-2026,2026-04-01,RMC,BOLTON NHS FOUNDATION TRUST,NHS GREATER MANCHESTER INTEGRATED CARE BOARD,C_301,Gastroenterology Service,1478,1188,0,0.8038,False
RTT-April-2026,2026-04-01,RMC,BOLTON NHS FOUNDATION TRUST,NHS GREATER MANCHESTER INTEGRATED CARE BOARD,C_300,General Internal Medicine Service,27,25,0,0.9259,False
RTT-April-2026,2026-04-01,RMC,BOLTON NHS FOUNDATION TRUST,NHS GREATER MANCHESTER INTEGRATED CARE BOARD,C_100,General Surgery Service,3814,2459,21,0.6447,True
RTT-April-2026,2026-04-01,RMC,BOLTON NHS FOUNDATION TRUST,NHS GREATER MANCHESTER INTEGRATED CARE BOARD,C_502,Gynaecology Service,3213,1557,49,0.4846,True
RTT-April-2026,2026-04-01,RMC,BOLTON NHS FOUNDATION TRUST,NHS GREATER MANCHESTER INTEGRATED CARE BOARD,C_400,Neurology Service,120,38,0,0.3167,True
RTT-April-2026,2026-04-01,RMC,BOLTON NHS FOUNDATION TRUST,NHS GREATER MANCHESTER INTEGRATED CARE BOARD,C_130,Ophthalmology Service,4861,3653,37,0.7515,False
RTT-April-2026,2026-04-01,RMC,BOLTON NHS FOUNDATION TRUST,NHS GREATER MANCHESTER INTEGRATED CARE BOARD,C_140,Oral Surgery Service,2385,1232,52,0.5166,True
RTT-April-2026,2026-04-01,RMC,BOLTON NHS FOUNDATION TRUST,NHS GREATER MANCHESTER INTEGRATED CARE BOARD,X02,Other - Medical Services,2466,1681,5,0.6817,True
RTT-April-2026,2026-04-01,RMC,BOLTON NHS FOUNDATION TRUST,NHS GREATER MANCHESTER INTEGRATED CARE BOARD,X06,Other - Other Services,26,9,0,0.3462,True
RTT-April-2026,2026-04-01,RMC,BOLTON NHS FOUNDATION TRUST,NHS GREATER MANCHESTER INTEGRATED CARE BOARD,X04,Other - Paediatric Services,176,106,0,0.6023,True
RTT-April-2026,2026-04-01,RMC,BOLTON NHS FOUNDATION TRUST,NHS GREATER MANCHESTER INTEGRATED CARE BOARD,X05,Other - Surgical Services,537,276,6,0.514,True
RTT-April-2026,2026-04-01,RMC,BOLTON NHS FOUNDATION TRUST,NHS GREATER MANCHESTER INTEGRATED CARE BOARD,C_160,Plastic Surgery Service,698,279,46,0.3997,True
RTT-April-2026,2026-04-01,RMC,BOLTON NHS FOUNDATION TRUST,NHS GREATER MANCHESTER INTEGRATED CARE BOARD,C_340,Respiratory Medicine Service,1133,788,7,0.6955,True
RTT-April-2026,2026-04-01,RMC,BOLTON NHS FOUNDATION TRUST,NHS GREATER MANCHESTER INTEGRATED CARE BOARD,C_410,Rheumatology Service,536,463,0,0.8638,False
RTT-April-2026,2026-04-01,RMC,BOLTON NHS FOUNDATION TRUST,NHS GREATER MANCHESTER INTEGRATED CARE BOARD,C_110,Trauma and Orthopaedic Service,2259,1163,51,0.5148,True
RTT-April-2026,2026-04-01,RMC,BOLTON NHS FOUNDATION TRUST,NHS GREATER MANCHESTER INTEGRATED CARE BOARD,C_101,Urology Service,2807,1608,49,0.5729,True
RTT-April-2026,2026-04-01,R5J3Z,BORDER HEALTH ALLIANCE LIMITED,NHS HEREFORDSHIRE AND WORCESTERSHIRE INTEGRATED CARE BOARD,C_130,Ophthalmology Service,654,469,0,0.7171,False
RTT-April-2026,2026-04-01,NVC27,BOSTON WEST HOSPITAL,NHS LINCOLNSHIRE INTEGRATED CARE BOARD,C_301,Gastroenterology Service,142,110,1,0.7746,False
RTT-April-2026,2026-04-01,NVC27,BOSTON WEST HOSPITAL,NHS LINCOLNSHIRE INTEGRATED CARE BOARD,C_100,General Surgery Service,173,128,0,0.7399,False
RTT-April-2026,2026-04-01,NVC27,BOSTON WEST HOSPITAL,NHS LINCOLNSHIRE INTEGRATED CARE BOARD,C_502,Gynaecology Service,292,133,2,0.4555,True
RTT-April-2026,2026-04-01,NVC27,BOSTON WEST HOSPITAL,NHS LINCOLNSHIRE INTEGRATED CARE BOARD,C_130,Ophthalmology Service,698,541,0,0.7751,False
RTT-April-2026,2026-04-01,NVC27,BOSTON WEST HOSPITAL,NHS LINCOLNSHIRE INTEGRATED CARE BOARD,X02,Other - Medical Services,2,1,0,0.5,True
RTT-April-2026,2026-04-01,NVC27,BOSTON WEST HOSPITAL,NHS LINCOLNSHIRE INTEGRATED CARE BOARD,C_110,Trauma and Orthopaedic Service,970,461,7,0.4753,True
RTT-April-2026,2026-04-01,NVC27,BOSTON WEST HOSPITAL,NHS LINCOLNSHIRE INTEGRATED CARE BOARD,C_101,Urology Service,134,100,0,0.7463,False
RTT-April-2026,2026-04-01,TAD,BRADFORD DISTRICT CARE NHS FOUNDATION TRUST,NHS WEST YORKSHIRE INTEGRATED CARE BOARD,X02,Other - Medical Services,568,297,26,0.5229,True
RTT-April-2026,2026-04-01,RAE,BRADFORD TEACHING HOSPITALS NHS FOUNDATION TRUST,NHS WEST YORKSHIRE INTEGRATED CARE BOARD,C_320,Cardiology Service,870,680,0,0.7816,False
RTT-April-2026,2026-04-01,RAE,BRADFORD TEACHING HOSPITALS NHS FOUNDATION TRUST,NHS WEST YORKSHIRE INTEGRATED CARE BOARD,C_330,Dermatology Service,880,791,0,0.8989,False
RTT-April-2026,2026-04-01,RAE,BRADFORD TEACHING HOSPITALS NHS FOUNDATION TRUST,NHS WEST YORKSHIRE INTEGRATED CARE BOARD,C_120,Ear Nose and Throat Service,3193,1938,1,0.607,True
RTT-April-2026,2026-04-01,RAE,BRADFORD TEACHING HOSPITALS NHS FOUNDATION TRUST,NHS WEST YORKSHIRE INTEGRATED CARE BOARD,C_430,Elderly Medicine Service,53,51,0,0.9623,False
RTT-April-2026,2026-04-01,RAE,BRADFORD TEACHING HOSPITALS NHS FOUNDATION TRUST,NHS WEST YORKSHIRE INTEGRATED CARE BOARD,C_301,Gastroenterology Service,1241,982,0,0.7913,False
RTT-April-2026,2026-04-01,RAE,BRADFORD TEACHING HOSPITALS NHS FOUNDATION TRUST,NHS WEST YORKSHIRE INTEGRATED CARE BOARD,C_300,General Internal Medicine Service,65,61,0,0.9385,False
RTT-April-2026,2026-04-01,RAE,BRADFORD TEACHING HOSPITALS NHS FOUNDATION TRUST,NHS WEST YORKSHIRE INTEGRATED CARE BOARD,C_100,General Surgery Service,352,233,0,0.6619,True
RTT-April-2026,2026-04-01,RAE,BRADFORD TEACHING HOSPITALS NHS FOUNDATION TRUST,NHS WEST YORKSHIRE INTEGRATED CARE BOARD,C_502,Gynaecology Service,2784,2042,1,0.7335,False
RTT-April-2026,2026-04-01,RAE,BRADFORD TEACHING HOSPITALS NHS FOUNDATION TRUST,NHS WEST YORKSHIRE INTEGRATED CARE BOARD,C_400,Neurology Service,1246,696,0,0.5586,True
RTT-April-2026,2026-04-01,RAE,BRADFORD TEACHING HOSPITALS NHS FOUNDATION TRUST,NHS WEST YORKSHIRE INTEGRATED CARE BOARD,C_130,Ophthalmology Service,2210,1635,0,0.7398,False
RTT-April-2026,2026-04-01,RAE,BRADFORD TEACHING HOSPITALS NHS FOUNDATION TRUST,NHS WEST YORKSHIRE INTEGRATED CARE BOARD,C_140,Oral Surgery Service,1763,880,1,0.4991,True
RTT-April-2026,2026-04-01,RAE,BRADFORD TEACHING HOSPITALS NHS FOUNDATION TRUST,NHS WEST YORKSHIRE INTEGRATED CARE BOARD,X02,Other - Medical Services,4270,2814,18,0.659,True
RTT-April-2026,2026-04-01,RAE,BRADFORD TEACHING HOSPITALS NHS FOUNDATION TRUST,NHS WEST YORKSHIRE INTEGRATED CARE BOARD,X06,Other - Other Services,482,420,0,0.8714,False
RTT-April-2026,2026-04-01,RAE,BRADFORD TEACHING HOSPITALS NHS FOUNDATION TRUST,NHS WEST YORKSHIRE INTEGRATED CARE BOARD,X04,Other - Paediatric Services,1787,1293,0,0.7236,False
RTT-April-2026,2026-04-01,RAE,BRADFORD TEACHING HOSPITALS NHS FOUNDATION TRUST,NHS WEST YORKSHIRE INTEGRATED CARE BOARD,X05,Other - Surgical Services,3366,2440,0,0.7249,False
RTT-April-2026,2026-04-01,RAE,BRADFORD TEACHING HOSPITALS NHS FOUNDATION TRUST,NHS WEST YORKSHIRE INTEGRATED CARE BOARD,C_160,Plastic Surgery Service,1041,570,1,0.5476,True
RTT-April-2026,2026-04-01,RAE,BRADFORD TEACHING HOSPITALS NHS FOUNDATION TRUST,NHS WEST YORKSHIRE INTEGRATED CARE BOARD,C_340,Respiratory Medicine Service,962,567,1,0.5894,True
RTT-April-2026,2026-04-01,RAE,BRADFORD TEACHING HOSPITALS NHS FOUNDATION TRUST,NHS WEST YORKSHIRE INTEGRATED CARE BOARD,C_410,Rheumatology Service,440,370,0,0.8409,False
RTT-April-2026,2026-04-01,RAE,BRADFORD TEACHING HOSPITALS NHS FOUNDATION TRUST,NHS WEST YORKSHIRE INTEGRATED CARE BOARD,C_110,Trauma and Orthopaedic Service,1985,986,48,0.4967,True
RTT-April-2026,2026-04-01,RAE,BRADFORD TEACHING HOSPITALS NHS FOUNDATION TRUST,NHS WEST YORKSHIRE INTEGRATED CARE BOARD,C_101,Urology Service,2103,1297,2,0.6167,True
RTT-April-2026,2026-04-01,RXQ,BUCKINGHAMSHIRE HEALTHCARE NHS TRUST,NHS THAMES VALLEY INTEGRATED CARE BOARD,C_320,Cardiology Service,2903,1465,0,0.5047,True
RTT-April-2026,2026-04-01,RXQ,BUCKINGHAMSHIRE HEALTHCARE NHS TRUST,NHS THAMES VALLEY INTEGRATED CARE BOARD,C_330,Dermatology Service,2753,1893,0,0.6876,True
RTT-April-2026,2026-04-01,RXQ,BUCKINGHAMSHIRE HEALTHCARE NHS TRUST,NHS THAMES VALLEY INTEGRATED CARE BOARD,C_120,Ear Nose and Throat Service,4515,2639,0,0.5845,True
RTT-April-2026,2026-04-01,RXQ,BUCKINGHAMSHIRE HEALTHCARE NHS TRUST,NHS THAMES VALLEY INTEGRATED CARE BOARD,C_430,Elderly Medicine Service,249,244,0,0.9799,False
RTT-April-2026,2026-04-01,RXQ,BUCKINGHAMSHIRE HEALTHCARE NHS TRUST,NHS THAMES VALLEY INTEGRATED CARE BOARD,C_301,Gastroenterology Service,3624,2541,0,0.7012,False
RTT-April-2026,2026-04-01,RXQ,BUCKINGHAMSHIRE HEALTHCARE NHS TRUST,NHS THAMES VALLEY INTEGRATED CARE BOARD,C_300,General Internal Medicine Service,1,1,0,1.0,False
RTT-April-2026,2026-04-01,RXQ,BUCKINGHAMSHIRE HEALTHCARE NHS TRUST,NHS THAMES VALLEY INTEGRATED CARE BOARD,C_100,General Surgery Service,2520,1491,1,0.5917,True
RTT-April-2026,2026-04-01,RXQ,BUCKINGHAMSHIRE HEALTHCARE NHS TRUST,NHS THAMES VALLEY INTEGRATED CARE BOARD,C_502,Gynaecology Service,3810,1936,19,0.5081,True
RTT-April-2026,2026-04-01,RXQ,BUCKINGHAMSHIRE HEALTHCARE NHS TRUST,NHS THAMES VALLEY INTEGRATED CARE BOARD,C_400,Neurology Service,2827,1383,0,0.4892,True
RTT-April-2026,2026-04-01,RXQ,BUCKINGHAMSHIRE HEALTHCARE NHS TRUST,NHS THAMES VALLEY INTEGRATED CARE BOARD,C_130,Ophthalmology Service,5212,3675,0,0.7051,False
RTT-April-2026,2026-04-01,RXQ,BUCKINGHAMSHIRE HEALTHCARE NHS TRUST,NHS THAMES VALLEY INTEGRATED CARE BOARD,C_140,Oral Surgery Service,939,699,1,0.7444,False
RTT-April-2026,2026-04-01,RXQ,BUCKINGHAMSHIRE HEALTHCARE NHS TRUST,NHS THAMES VALLEY INTEGRATED CARE BOARD,X02,Other - Medical Services,4284,2683,2,0.6263,True
RTT-April-2026,2026-04-01,RXQ,BUCKINGHAMSHIRE HEALTHCARE NHS TRUST,NHS THAMES VALLEY INTEGRATED CARE BOARD,X06,Other - Other Services,315,302,0,0.9587,False
RTT-April-2026,2026-04-01,RXQ,BUCKINGHAMSHIRE HEALTHCARE NHS TRUST,NHS THAMES VALLEY INTEGRATED CARE BOARD,X04,Other - Paediatric Services,829,558,0,0.6731,True
RTT-April-2026,2026-04-01,RXQ,BUCKINGHAMSHIRE HEALTHCARE NHS TRUST,NHS THAMES VALLEY INTEGRATED CARE BOARD,X05,Other - Surgical Services,1345,1058,0,0.7866,False
RTT-April-2026,2026-04-01,RXQ,BUCKINGHAMSHIRE HEALTHCARE NHS TRUST,NHS THAMES VALLEY INTEGRATED CARE BOARD,C_160,Plastic Surgery Service,1400,964,0,0.6886,True
RTT-April-2026,2026-04-01,RXQ,BUCKINGHAMSHIRE HEALTHCARE NHS TRUST,NHS THAMES VALLEY INTEGRATED CARE BOARD,C_340,Respiratory Medicine Service,830,616,0,0.7422,False
RTT-April-2026,2026-04-01,RXQ,BUCKINGHAMSHIRE HEALTHCARE NHS TRUST,NHS THAMES VALLEY INTEGRATED CARE BOARD,C_410,Rheumatology Service,414,349,0,0.843,False
RTT-April-2026,2026-04-01,RXQ,BUCKINGHAMSHIRE HEALTHCARE NHS TRUST,NHS THAMES VALLEY INTEGRATED CARE BOARD,C_110,Trauma and Orthopaedic Service,4807,2423,36,0.5041,True
RTT-April-2026,2026-04-01,RXQ,BUCKINGHAMSHIRE HEALTHCARE NHS TRUST,NHS THAMES VALLEY INTEGRATED CARE BOARD,C_101,Urology Service,2780,1769,10,0.6363,True
RTT-April-2026,2026-04-01,A4M8P,BUCKSHAW HOSPITAL,NHS LANCASHIRE AND SOUTH CUMBRIA INTEGRATED CARE BOARD,C_120,Ear Nose and Throat Service,724,614,0,0.8481,False
RTT-April-2026,2026-04-01,A4M8P,BUCKSHAW HOSPITAL,NHS LANCASHIRE AND SOUTH CUMBRIA INTEGRATED CARE BOARD,C_301,Gastroenterology Service,8,3,0,0.375,True
RTT-April-2026,2026-04-01,A4M8P,BUCKSHAW HOSPITAL,NHS LANCASHIRE AND SOUTH CUMBRIA INTEGRATED CARE BOARD,C_100,General Surgery Service,948,668,1,0.7046,False
RTT-April-2026,2026-04-01,A4M8P,BUCKSHAW HOSPITAL,NHS LANCASHIRE AND SOUTH CUMBRIA INTEGRATED CARE BOARD,C_502,Gynaecology Service,583,258,6,0.4425,True
RTT-April-2026,2026-04-01,A4M8P,BUCKSHAW HOSPITAL,NHS LANCASHIRE AND SOUTH CUMBRIA INTEGRATED CARE BOARD,X02,Other - Medical Services,45,25,0,0.5556,True
RTT-April-2026,2026-04-01,A4M8P,BUCKSHAW HOSPITAL,NHS LANCASHIRE AND SOUTH CUMBRIA INTEGRATED CARE BOARD,X06,Other - Other Services,1,0,0,0.0,True
RTT-April-2026,2026-04-01,A4M8P,BUCKSHAW HOSPITAL,NHS LANCASHIRE AND SOUTH CUMBRIA INTEGRATED CARE BOARD,C_110,Trauma and Orthopaedic Service,219,180,0,0.8219,False
RTT-April-2026,2026-04-01,A4M8P,BUCKSHAW HOSPITAL,NHS LANCASHIRE AND SOUTH CUMBRIA INTEGRATED CARE BOARD,C_101,Urology Service,532,422,0,0.7932,False
RTT-April-2026,2026-04-01,RWY,CALDERDALE AND HUDDERSFIELD NHS FOUNDATION TRUST,NHS WEST YORKSHIRE INTEGRATED CARE BOARD,C_320,Cardiology Service,1779,1449,0,0.8145,False
RTT-April-2026,2026-04-01,RWY,CALDERDALE AND HUDDERSFIELD NHS FOUNDATION TRUST,NHS WEST YORKSHIRE INTEGRATED CARE BOARD,C_330,Dermatology Service,1313,1167,0,0.8888,False
RTT-April-2026,2026-04-01,RWY,CALDERDALE AND HUDDERSFIELD NHS FOUNDATION TRUST,NHS WEST YORKSHIRE INTEGRATED CARE BOARD,C_120,Ear Nose and Throat Service,5335,3239,0,0.6071,True
RTT-April-2026,2026-04-01,RWY,CALDERDALE AND HUDDERSFIELD NHS FOUNDATION TRUST,NHS WEST YORKSHIRE INTEGRATED CARE BOARD,C_430,Elderly Medicine Service,161,132,0,0.8199,False
RTT-April-2026,2026-04-01,RWY,CALDERDALE AND HUDDERSFIELD NHS FOUNDATION TRUST,NHS WEST YORKSHIRE INTEGRATED CARE BOARD,C_301,Gastroenterology Service,2736,1955,9,0.7145,False
RTT-April-2026,2026-04-01,RWY,CALDERDALE AND HUDDERSFIELD NHS FOUNDATION TRUST,NHS WEST YORKSHIRE INTEGRATED CARE BOARD,C_300,General Internal Medicine Service,70,69,0,0.9857,False
RTT-April-2026,2026-04-01,RWY,CALDERDALE AND HUDDERSFIELD NHS FOUNDATION TRUST,NHS WEST YORKSHIRE INTEGRATED CARE BOARD,C_100,General Surgery Service,5421,4008,0,0.7393,False
RTT-April-2026,2026-04-01,RWY,CALDERDALE AND HUDDERSFIELD NHS FOUNDATION TRUST,NHS WEST YORKSHIRE INTEGRATED CARE BOARD,C_502,Gynaecology Service,3133,2260,0,0.7214,False
RTT-April-2026,2026-04-01,RWY,CALDERDALE AND HUDDERSFIELD NHS FOUNDATION TRUST,NHS WEST YORKSHIRE INTEGRATED CARE BOARD,C_400,Neurology Service,825,753,0,0.9127,False
RTT-April-2026,2026-04-01,RWY,CALDERDALE AND HUDDERSFIELD NHS FOUNDATION TRUST,NHS WEST YORKSHIRE INTEGRATED CARE BOARD,C_130,Ophthalmology Service,2499,2242,0,0.8972,False
RTT-April-2026,2026-04-01,RWY,CALDERDALE AND HUDDERSFIELD NHS FOUNDATION TRUST,NHS WEST YORKSHIRE INTEGRATED CARE BOARD,C_140,Oral Surgery Service,1923,1026,0,0.5335,True
RTT-April-2026,2026-04-01,RWY,CALDERDALE AND HUDDERSFIELD NHS FOUNDATION TRUST,NHS WEST YORKSHIRE INTEGRATED CARE BOARD,X02,Other - Medical Services,1555,1263,0,0.8122,False
RTT-April-2026,2026-04-01,RWY,CALDERDALE AND HUDDERSFIELD NHS FOUNDATION TRUST,NHS WEST YORKSHIRE INTEGRATED CARE BOARD,X06,Other - Other Services,227,219,0,0.9648,False
RTT-April-2026,2026-04-01,RWY,CALDERDALE AND HUDDERSFIELD NHS FOUNDATION TRUST,NHS WEST YORKSHIRE INTEGRATED CARE BOARD,X04,Other - Paediatric Services,1564,1315,0,0.8408,False
RTT-April-2026,2026-04-01,RWY,CALDERDALE AND HUDDERSFIELD NHS FOUNDATION TRUST,NHS WEST YORKSHIRE INTEGRATED CARE BOARD,X05,Other - Surgical Services,376,311,0,0.8271,False
RTT-April-2026,2026-04-01,RWY,CALDERDALE AND HUDDERSFIELD NHS FOUNDATION TRUST,NHS WEST YORKSHIRE INTEGRATED CARE BOARD,C_160,Plastic Surgery Service,607,354,0,0.5832,True
RTT-April-2026,2026-04-01,RWY,CALDERDALE AND HUDDERSFIELD NHS FOUNDATION TRUST,NHS WEST YORKSHIRE INTEGRATED CARE BOARD,C_340,Respiratory Medicine Service,943,749,0,0.7943,False
RTT-April-2026,2026-04-01,RWY,CALDERDALE AND HUDDERSFIELD NHS FOUNDATION TRUST,NHS WEST YORKSHIRE INTEGRATED CARE BOARD,C_410,Rheumatology Service,1120,854,1,0.7625,False
RTT-April-2026,2026-04-01,RWY,CALDERDALE AND HUDDERSFIELD NHS FOUNDATION TRUST,NHS WEST YORKSHIRE INTEGRATED CARE BOARD,C_110,Trauma and Orthopaedic Service,2593,1896,0,0.7312,False
RTT-April-2026,2026-04-01,RWY,CALDERDALE AND HUDDERSFIELD NHS FOUNDATION TRUST,NHS WEST YORKSHIRE INTEGRATED CARE BOARD,C_101,Urology Service,1936,1538,0,0.7944,False
RTT-April-2026,2026-04-01,RGT,CAMBRIDGE UNIVERSITY HOSPITALS NHS FOUNDATION TRUST,NHS CENTRAL EAST INTEGRATED CARE BOARD,C_320,Cardiology Service,3283,1633,154,0.4974,True
RTT-April-2026,2026-04-01,RGT,CAMBRIDGE UNIVERSITY HOSPITALS NHS FOUNDATION TRUST,NHS CENTRAL EAST INTEGRATED CARE BOARD,C_330,Dermatology Service,3363,2029,3,0.6033,True
RTT-April-2026,2026-04-01,RGT,CAMBRIDGE UNIVERSITY HOSPITALS NHS FOUNDATION TRUST,NHS CENTRAL EAST INTEGRATED CARE BOARD,C_120,Ear Nose and Throat Service,3728,1860,131,0.4989,True
RTT-April-2026,2026-04-01,RGT,CAMBRIDGE UNIVERSITY HOSPITALS NHS FOUNDATION TRUST,NHS CENTRAL EAST INTEGRATED CARE BOARD,C_430,Elderly Medicine Service,65,65,0,1.0,False
RTT-April-2026,2026-04-01,RGT,CAMBRIDGE UNIVERSITY HOSPITALS NHS FOUNDATION TRUST,NHS CENTRAL EAST INTEGRATED CARE BOARD,C_301,Gastroenterology Service,1670,1409,0,0.8437,False
RTT-April-2026,2026-04-01,RGT,CAMBRIDGE UNIVERSITY HOSPITALS NHS FOUNDATION TRUST,NHS CENTRAL EAST INTEGRATED CARE BOARD,C_300,General Internal Medicine Service,745,275,73,0.3691,True
RTT-April-2026,2026-04-01,RGT,CAMBRIDGE UNIVERSITY HOSPITALS NHS FOUNDATION TRUST,NHS CENTRAL EAST INTEGRATED CARE BOARD,C_100,General Surgery Service,1477,799,11,0.541,True
RTT-April-2026,2026-04-01,RGT,CAMBRIDGE UNIVERSITY HOSPITALS NHS FOUNDATION TRUST,NHS CENTRAL EAST INTEGRATED CARE BOARD,C_502,Gynaecology Service,4462,2113,213,0.4736,True
RTT-April-2026,2026-04-01,RGT,CAMBRIDGE UNIVERSITY HOSPITALS NHS FOUNDATION TRUST,NHS CENTRAL EAST INTEGRATED CARE BOARD,C_400,Neurology Service,1487,1043,3,0.7014,False
RTT-April-2026,2026-04-01,RGT,CAMBRIDGE UNIVERSITY HOSPITALS NHS FOUNDATION TRUST,NHS CENTRAL EAST INTEGRATED CARE BOARD,C_150,Neurosurgical Service,1952,1325,37,0.6788,True
RTT-April-2026,2026-04-01,RGT,CAMBRIDGE UNIVERSITY HOSPITALS NHS FOUNDATION TRUST,NHS CENTRAL EAST INTEGRATED CARE BOARD,C_130,Ophthalmology Service,4231,2854,39,0.6745,True
RTT-April-2026,2026-04-01,RGT,CAMBRIDGE UNIVERSITY HOSPITALS NHS FOUNDATION TRUST,NHS CENTRAL EAST INTEGRATED CARE BOARD,C_140,Oral Surgery Service,3816,1650,114,0.4324,True
RTT-April-2026,2026-04-01,RGT,CAMBRIDGE UNIVERSITY HOSPITALS NHS FOUNDATION TRUST,NHS CENTRAL EAST INTEGRATED CARE BOARD,X02,Other - Medical Services,8273,6721,8,0.8124,False
RTT-April-2026,2026-04-01,RGT,CAMBRIDGE UNIVERSITY HOSPITALS NHS FOUNDATION TRUST,NHS CENTRAL EAST INTEGRATED CARE BOARD,X03,Other - Mental Health Services,7,2,0,0.2857,True
RTT-April-2026,2026-04-01,RGT,CAMBRIDGE UNIVERSITY HOSPITALS NHS FOUNDATION TRUST,NHS CENTRAL EAST INTEGRATED CARE BOARD,X06,Other - Other Services,917,654,9,0.7132,False
RTT-April-2026,2026-04-01,RGT,CAMBRIDGE UNIVERSITY HOSPITALS NHS FOUNDATION TRUST,NHS CENTRAL EAST INTEGRATED CARE BOARD,X04,Other - Paediatric Services,4687,3045,89,0.6497,True
RTT-April-2026,2026-04-01,RGT,CAMBRIDGE UNIVERSITY HOSPITALS NHS FOUNDATION TRUST,NHS CENTRAL EAST INTEGRATED CARE BOARD,X05,Other - Surgical Services,4293,3136,23,0.7305,False
RTT-April-2026,2026-04-01,RGT,CAMBRIDGE UNIVERSITY HOSPITALS NHS FOUNDATION TRUST,NHS CENTRAL EAST INTEGRATED CARE BOARD,C_160,Plastic Surgery Service,2028,1215,4,0.5991,True
RTT-April-2026,2026-04-01,RGT,CAMBRIDGE UNIVERSITY HOSPITALS NHS FOUNDATION TRUST,NHS CENTRAL EAST INTEGRATED CARE BOARD,C_340,Respiratory Medicine Service,663,628,0,0.9472,False
RTT-April-2026,2026-04-01,RGT,CAMBRIDGE UNIVERSITY HOSPITALS NHS FOUNDATION TRUST,NHS CENTRAL EAST INTEGRATED CARE BOARD,C_410,Rheumatology Service,1838,1551,0,0.8439,False
RTT-April-2026,2026-04-01,RGT,CAMBRIDGE UNIVERSITY HOSPITALS NHS FOUNDATION TRUST,NHS CENTRAL EAST INTEGRATED CARE BOARD,C_110,Trauma and Orthopaedic Service,4486,2397,14,0.5343,True
RTT-April-2026,2026-04-01,RGT,CAMBRIDGE UNIVERSITY HOSPITALS NHS FOUNDATION TRUST,NHS CENTRAL EAST INTEGRATED CARE BOARD,C_101,Urology Service,2283,1497,15,0.6557,True
RTT-April-2026,2026-04-01,RT1,CAMBRIDGESHIRE AND PETERBOROUGH NHS FOUNDATION TRUST,NHS CENTRAL EAST INTEGRATED CARE BOARD,X06,Other - Other Services,153,61,6,0.3987,True
RTT-April-2026,2026-04-01,NL3,CARE PLUS GROUP,NHS HUMBER AND NORTH YORKSHIRE INTEGRATED CARE BOARD,C_320,Cardiology Service,182,156,1,0.8571,False
RTT-April-2026,2026-04-01,NT451,CAVELL HOSPITAL,NHS WEST AND NORTH LONDON INTEGRATED CARE BOARD,C_301,Gastroenterology Service,338,256,0,0.7574,False
RTT-April-2026,2026-04-01,NT451,CAVELL HOSPITAL,NHS WEST AND NORTH LONDON INTEGRATED CARE BOARD,C_100,General Surgery Service,262,167,2,0.6374,True
RTT-April-2026,2026-04-01,NT451,CAVELL HOSPITAL,NHS WEST AND NORTH LONDON INTEGRATED CARE BOARD,C_502,Gynaecology Service,146,100,0,0.6849,True
RTT-April-2026,2026-04-01,NT451,CAVELL HOSPITAL,NHS WEST AND NORTH LONDON INTEGRATED CARE BOARD,X06,Other - Other Services,55,51,0,0.9273,False
RTT-April-2026,2026-04-01,NT451,CAVELL HOSPITAL,NHS WEST AND NORTH LONDON INTEGRATED CARE BOARD,C_110,Trauma and Orthopaedic Service,508,378,2,0.7441,False
RTT-April-2026,2026-04-01,NT451,CAVELL HOSPITAL,NHS WEST AND NORTH LONDON INTEGRATED CARE BOARD,C_101,Urology Service,25,6,2,0.24,True
RTT-April-2026,2026-04-01,U0K8N,CES MEDICAL,NHS KENT AND MEDWAY INTEGRATED CARE BOARD,C_130,Ophthalmology Service,56,49,0,0.875,False
RTT-April-2026,2026-04-01,NT408,CHAUCER HOSPITAL,NHS KENT AND MEDWAY INTEGRATED CARE BOARD,C_100,General Surgery Service,98,66,0,0.6735,True
RTT-April-2026,2026-04-01,NT408,CHAUCER HOSPITAL,NHS KENT AND MEDWAY INTEGRATED CARE BOARD,C_130,Ophthalmology Service,187,175,0,0.9358,False
RTT-April-2026,2026-04-01,NT408,CHAUCER HOSPITAL,NHS KENT AND MEDWAY INTEGRATED CARE BOARD,X06,Other - Other Services,4,4,0,1.0,False
RTT-April-2026,2026-04-01,NT408,CHAUCER HOSPITAL,NHS KENT AND MEDWAY INTEGRATED CARE BOARD,C_110,Trauma and Orthopaedic Service,552,418,1,0.7572,False
RTT-April-2026,2026-04-01,NT408,CHAUCER HOSPITAL,NHS KENT AND MEDWAY INTEGRATED CARE BOARD,C_101,Urology Service,5,4,0,0.8,False
RTT-April-2026,2026-04-01,RQM,CHELSEA AND WESTMINSTER HOSPITAL NHS FOUNDATION TRUST,NHS WEST AND NORTH LONDON INTEGRATED CARE BOARD,C_320,Cardiology Service,1725,1651,0,0.9571,False
RTT-April-2026,2026-04-01,RQM,CHELSEA AND WESTMINSTER HOSPITAL NHS FOUNDATION TRUST,NHS WEST AND NORTH LONDON INTEGRATED CARE BOARD,C_330,Dermatology Service,5417,3739,1,0.6902,True
RTT-April-2026,2026-04-01,RQM,CHELSEA AND WESTMINSTER HOSPITAL NHS FOUNDATION TRUST,NHS WEST AND NORTH LONDON INTEGRATED CARE BOARD,C_120,Ear Nose and Throat Service,5608,3114,151,0.5553,True
RTT-April-2026,2026-04-01,RQM,CHELSEA AND WESTMINSTER HOSPITAL NHS FOUNDATION TRUST,NHS WEST AND NORTH LONDON INTEGRATED CARE BOARD,C_430,Elderly Medicine Service,269,238,0,0.8848,False
RTT-April-2026,2026-04-01,RQM,CHELSEA AND WESTMINSTER HOSPITAL NHS FOUNDATION TRUST,NHS WEST AND NORTH LONDON INTEGRATED CARE BOARD,C_301,Gastroenterology Service,2046,1737,0,0.849,False
RTT-April-2026,2026-04-01,RQM,CHELSEA AND WESTMINSTER HOSPITAL NHS FOUNDATION TRUST,NHS WEST AND NORTH LONDON INTEGRATED CARE BOARD,C_300,General Internal Medicine Service,57,55,0,0.9649,False
RTT-April-2026,2026-04-01,RQM,CHELSEA AND WESTMINSTER HOSPITAL NHS FOUNDATION TRUST,NHS WEST AND NORTH LONDON INTEGRATED CARE BOARD,C_100,General Surgery Service,4638,2558,111,0.5515,True
RTT-April-2026,2026-04-01,RQM,CHELSEA AND WESTMINSTER HOSPITAL NHS FOUNDATION TRUST,NHS WEST AND NORTH LONDON INTEGRATED CARE BOARD,C_502,Gynaecology Service,6901,6013,0,0.8713,False
RTT-April-2026,2026-04-01,RQM,CHELSEA AND WESTMINSTER HOSPITAL NHS FOUNDATION TRUST,NHS WEST AND NORTH LONDON INTEGRATED CARE BOARD,C_400,Neurology Service,2033,1252,0,0.6158,True
RTT-April-2026,2026-04-01,RQM,CHELSEA AND WESTMINSTER HOSPITAL NHS FOUNDATION TRUST,NHS WEST AND NORTH LONDON INTEGRATED CARE BOARD,C_130,Ophthalmology Service,2534,1585,53,0.6255,True
RTT-April-2026,2026-04-01,RQM,CHELSEA AND WESTMINSTER HOSPITAL NHS FOUNDATION TRUST,NHS WEST AND NORTH LONDON INTEGRATED CARE BOARD,C_140,Oral Surgery Service,2154,865,74,0.4016,True
RTT-April-2026,2026-04-01,RQM,CHELSEA AND WESTMINSTER HOSPITAL NHS FOUNDATION TRUST,NHS WEST AND NORTH LONDON INTEGRATED CARE BOARD,X02,Other - Medical Services,1305,1174,0,0.8996,False
RTT-April-2026,2026-04-01,RQM,CHELSEA AND WESTMINSTER HOSPITAL NHS FOUNDATION TRUST,NHS WEST AND NORTH LONDON INTEGRATED CARE BOARD,X03,Other - Mental Health Services,3,3,0,1.0,False
RTT-April-2026,2026-04-01,RQM,CHELSEA AND WESTMINSTER HOSPITAL NHS FOUNDATION TRUST,NHS WEST AND NORTH LONDON INTEGRATED CARE BOARD,X06,Other - Other Services,6226,4557,8,0.7319,False
RTT-April-2026,2026-04-01,RQM,CHELSEA AND WESTMINSTER HOSPITAL NHS FOUNDATION TRUST,NHS WEST AND NORTH LONDON INTEGRATED CARE BOARD,X04,Other - Paediatric Services,9725,6575,89,0.6761,True
RTT-April-2026,2026-04-01,RQM,CHELSEA AND WESTMINSTER HOSPITAL NHS FOUNDATION TRUST,NHS WEST AND NORTH LONDON INTEGRATED CARE BOARD,X05,Other - Surgical Services,6603,4231,64,0.6408,True
RTT-April-2026,2026-04-01,RQM,CHELSEA AND WESTMINSTER HOSPITAL NHS FOUNDATION TRUST,NHS WEST AND NORTH LONDON INTEGRATED CARE BOARD,C_160,Plastic Surgery Service,3184,1487,156,0.467,True
RTT-April-2026,2026-04-01,RQM,CHELSEA AND WESTMINSTER HOSPITAL NHS FOUNDATION TRUST,NHS WEST AND NORTH LONDON INTEGRATED CARE BOARD,C_340,Respiratory Medicine Service,1499,1269,0,0.8466,False
RTT-April-2026,2026-04-01,RQM,CHELSEA AND WESTMINSTER HOSPITAL NHS FOUNDATION TRUST,NHS WEST AND NORTH LONDON INTEGRATED CARE BOARD,C_410,Rheumatology Service,1217,916,0,0.7527,False
RTT-April-2026,2026-04-01,RQM,CHELSEA AND WESTMINSTER HOSPITAL NHS FOUNDATION TRUST,NHS WEST AND NORTH LONDON INTEGRATED CARE BOARD,C_110,Trauma and Orthopaedic Service,5763,2909,191,0.5048,True
RTT-April-2026,2026-04-01,RQM,CHELSEA AND WESTMINSTER HOSPITAL NHS FOUNDATION TRUST,NHS WEST AND NORTH LONDON INTEGRATED CARE BOARD,C_101,Urology Service,7269,4684,57,0.6444,True
RTT-April-2026,2026-04-01,NT409,CHELSFIELD PARK HOSPITAL,NHS SOUTH EAST LONDON INTEGRATED CARE BOARD,C_120,Ear Nose and Throat Service,3,0,0,0.0,True
RTT-April-2026,2026-04-01,NT409,CHELSFIELD PARK HOSPITAL,NHS SOUTH EAST LONDON INTEGRATED CARE BOARD,C_301,Gastroenterology Service,51,47,0,0.9216,False
RTT-April-2026,2026-04-01,NT409,CHELSFIELD PARK HOSPITAL,NHS SOUTH EAST LONDON INTEGRATED CARE BOARD,C_100,General Surgery Service,111,89,0,0.8018,False
RTT-April-2026,2026-04-01,NT409,CHELSFIELD PARK HOSPITAL,NHS SOUTH EAST LONDON INTEGRATED CARE BOARD,C_150,Neurosurgical Service,3,3,0,1.0,False
RTT-April-2026,2026-04-01,NT409,CHELSFIELD PARK HOSPITAL,NHS SOUTH EAST LONDON INTEGRATED CARE BOARD,X06,Other - Other Services,214,189,0,0.8832,False
RTT-April-2026,2026-04-01,NT409,CHELSFIELD PARK HOSPITAL,NHS SOUTH EAST LONDON INTEGRATED CARE BOARD,C_110,Trauma and Orthopaedic Service,332,262,0,0.7892,False
RTT-April-2026,2026-04-01,NT409,CHELSFIELD PARK HOSPITAL,NHS SOUTH EAST LONDON INTEGRATED CARE BOARD,C_101,Urology Service,40,34,0,0.85,False
RTT-April-2026,2026-04-01,RFS,CHESTERFIELD ROYAL HOSPITAL NHS FOUNDATION TRUST,NHS DERBY AND DERBYSHIRE INTEGRATED CARE BOARD,C_320,Cardiology Service,1090,741,2,0.6798,True
RTT-April-2026,2026-04-01,RFS,CHESTERFIELD ROYAL HOSPITAL NHS FOUNDATION TRUST,NHS DERBY AND DERBYSHIRE INTEGRATED CARE BOARD,C_330,Dermatology Service,2137,1427,7,0.6678,True
RTT-April-2026,2026-04-01,RFS,CHESTERFIELD ROYAL HOSPITAL NHS FOUNDATION TRUST,NHS DERBY AND DERBYSHIRE INTEGRATED CARE BOARD,C_120,Ear Nose and Throat Service,2677,1712,61,0.6395,True
RTT-April-2026,2026-04-01,RFS,CHESTERFIELD ROYAL HOSPITAL NHS FOUNDATION TRUST,NHS DERBY AND DERBYSHIRE INTEGRATED CARE BOARD,C_301,Gastroenterology Service,1540,950,19,0.6169,True
RTT-April-2026,2026-04-01,RFS,CHESTERFIELD ROYAL HOSPITAL NHS FOUNDATION TRUST,NHS DERBY AND DERBYSHIRE INTEGRATED CARE BOARD,C_300,General Internal Medicine Service,468,360,0,0.7692,False
RTT-April-2026,2026-04-01,RFS,CHESTERFIELD ROYAL HOSPITAL NHS FOUNDATION TRUST,NHS DERBY AND DERBYSHIRE INTEGRATED CARE BOARD,C_100,General Surgery Service,1428,670,165,0.4692,True
RTT-April-2026,2026-04-01,RFS,CHESTERFIELD ROYAL HOSPITAL NHS FOUNDATION TRUST,NHS DERBY AND DERBYSHIRE INTEGRATED CARE BOARD,C_502,Gynaecology Service,2579,1555,100,0.6029,True
RTT-April-2026,2026-04-01,RFS,CHESTERFIELD ROYAL HOSPITAL NHS FOUNDATION TRUST,NHS DERBY AND DERBYSHIRE INTEGRATED CARE BOARD,C_130,Ophthalmology Service,2015,1400,9,0.6948,True
RTT-April-2026,2026-04-01,RFS,CHESTERFIELD ROYAL HOSPITAL NHS FOUNDATION TRUST,NHS DERBY AND DERBYSHIRE INTEGRATED CARE BOARD,C_140,Oral Surgery Service,1253,651,84,0.5196,True
RTT-April-2026,2026-04-01,RFS,CHESTERFIELD ROYAL HOSPITAL NHS FOUNDATION TRUST,NHS DERBY AND DERBYSHIRE INTEGRATED CARE BOARD,X02,Other - Medical Services,2119,1298,14,0.6126,True
RTT-April-2026,2026-04-01,RFS,CHESTERFIELD ROYAL HOSPITAL NHS FOUNDATION TRUST,NHS DERBY AND DERBYSHIRE INTEGRATED CARE BOARD,X04,Other - Paediatric Services,2272,1474,27,0.6488,True
RTT-April-2026,2026-04-01,RFS,CHESTERFIELD ROYAL HOSPITAL NHS FOUNDATION TRUST,NHS DERBY AND DERBYSHIRE INTEGRATED CARE BOARD,X05,Other - Surgical Services,2844,1702,59,0.5985,True
RTT-April-2026,2026-04-01,RFS,CHESTERFIELD ROYAL HOSPITAL NHS FOUNDATION TRUST,NHS DERBY AND DERBYSHIRE INTEGRATED CARE BOARD,C_340,Respiratory Medicine Service,479,377,1,0.7871,False
RTT-April-2026,2026-04-01,RFS,CHESTERFIELD ROYAL HOSPITAL NHS FOUNDATION TRUST,NHS DERBY AND DERBYSHIRE INTEGRATED CARE BOARD,C_410,Rheumatology Service,384,274,18,0.7135,False
RTT-April-2026,2026-04-01,RFS,CHESTERFIELD ROYAL HOSPITAL NHS FOUNDATION TRUST,NHS DERBY AND DERBYSHIRE INTEGRATED CARE BOARD,C_110,Trauma and Orthopaedic Service,2277,1140,43,0.5007,True
RTT-April-2026,2026-04-01,RFS,CHESTERFIELD ROYAL HOSPITAL NHS FOUNDATION TRUST,NHS DERBY AND DERBYSHIRE INTEGRATED CARE BOARD,C_101,Urology Service,1866,1141,59,0.6115,True
RTT-April-2026,2026-04-01,NT410,CHILTERN HOSPITAL,NHS THAMES VALLEY INTEGRATED CARE BOARD,C_320,Cardiology Service,1,0,0,0.0,True
RTT-April-2026,2026-04-01,NT410,CHILTERN HOSPITAL,NHS THAMES VALLEY INTEGRATED CARE BOARD,C_301,Gastroenterology Service,27,24,0,0.8889,False
RTT-April-2026,2026-04-01,NT410,CHILTERN HOSPITAL,NHS THAMES VALLEY INTEGRATED CARE BOARD,C_100,General Surgery Service,40,37,0,0.925,False
RTT-April-2026,2026-04-01,NT410,CHILTERN HOSPITAL,NHS THAMES VALLEY INTEGRATED CARE BOARD,X06,Other - Other Services,8,7,0,0.875,False
RTT-April-2026,2026-04-01,NT410,CHILTERN HOSPITAL,NHS THAMES VALLEY INTEGRATED CARE BOARD,C_110,Trauma and Orthopaedic Service,269,220,0,0.8178,False
RTT-April-2026,2026-04-01,NT410,CHILTERN HOSPITAL,NHS THAMES VALLEY INTEGRATED CARE BOARD,C_101,Urology Service,36,28,0,0.7778,False
RTT-April-2026,2026-04-01,F9Z4V,CIRCLE READING HOSPITAL,NHS THAMES VALLEY INTEGRATED CARE BOARD,C_320,Cardiology Service,3,3,0,1.0,False
RTT-April-2026,2026-04-01,F9Z4V,CIRCLE READING HOSPITAL,NHS THAMES VALLEY INTEGRATED CARE BOARD,C_120,Ear Nose and Throat Service,26,13,0,0.5,True
RTT-April-2026,2026-04-01,F9Z4V,CIRCLE READING HOSPITAL,NHS THAMES VALLEY INTEGRATED CARE BOARD,C_301,Gastroenterology Service,8,8,0,1.0,False
RTT-April-2026,2026-04-01,F9Z4V,CIRCLE READING HOSPITAL,NHS THAMES VALLEY INTEGRATED CARE BOARD,C_100,General Surgery Service,135,119,0,0.8815,False
RTT-April-2026,2026-04-01,F9Z4V,CIRCLE READING HOSPITAL,NHS THAMES VALLEY INTEGRATED CARE BOARD,C_502,Gynaecology Service,81,58,0,0.716,False
RTT-April-2026,2026-04-01,F9Z4V,CIRCLE READING HOSPITAL,NHS THAMES VALLEY INTEGRATED CARE BOARD,C_130,Ophthalmology Service,143,114,0,0.7972,False
RTT-April-2026,2026-04-01,F9Z4V,CIRCLE READING HOSPITAL,NHS THAMES VALLEY INTEGRATED CARE BOARD,X06,Other - Other Services,45,37,0,0.8222,False
RTT-April-2026,2026-04-01,F9Z4V,CIRCLE READING HOSPITAL,NHS THAMES VALLEY INTEGRATED CARE BOARD,C_110,Trauma and Orthopaedic Service,1158,877,5,0.7573,False
RTT-April-2026,2026-04-01,B3M1X,CLAREMONT PRIVATE HOSPITAL,NHS SOUTH YORKSHIRE INTEGRATED CARE BOARD,C_120,Ear Nose and Throat Service,253,154,1,0.6087,True
RTT-April-2026,2026-04-01,B3M1X,CLAREMONT PRIVATE HOSPITAL,NHS SOUTH YORKSHIRE INTEGRATED CARE BOARD,C_301,Gastroenterology Service,1,0,0,0.0,True
RTT-April-2026,2026-04-01,B3M1X,CLAREMONT PRIVATE HOSPITAL,NHS SOUTH YORKSHIRE INTEGRATED CARE BOARD,C_100,General Surgery Service,349,179,2,0.5129,True
RTT-April-2026,2026-04-01,B3M1X,CLAREMONT PRIVATE HOSPITAL,NHS SOUTH YORKSHIRE INTEGRATED CARE BOARD,C_502,Gynaecology Service,179,106,1,0.5922,True
RTT-April-2026,2026-04-01,B3M1X,CLAREMONT PRIVATE HOSPITAL,NHS SOUTH YORKSHIRE INTEGRATED CARE BOARD,C_150,Neurosurgical Service,381,244,7,0.6404,True
RTT-April-2026,2026-04-01,B3M1X,CLAREMONT PRIVATE HOSPITAL,NHS SOUTH YORKSHIRE INTEGRATED CARE BOARD,C_130,Ophthalmology Service,19,13,0,0.6842,True
RTT-April-2026,2026-04-01,B3M1X,CLAREMONT PRIVATE HOSPITAL,NHS SOUTH YORKSHIRE INTEGRATED CARE BOARD,C_110,Trauma and Orthopaedic Service,1615,943,6,0.5839,True
RTT-April-2026,2026-04-01,B3M1X,CLAREMONT PRIVATE HOSPITAL,NHS SOUTH YORKSHIRE INTEGRATED CARE BOARD,C_101,Urology Service,138,80,0,0.5797,True
RTT-April-2026,2026-04-01,NT411,CLEMENTINE CHURCHILL HOSPITAL,NHS WEST AND NORTH LONDON INTEGRATED CARE BOARD,C_320,Cardiology Service,1,1,0,1.0,False
RTT-April-2026,2026-04-01,NT411,CLEMENTINE CHURCHILL HOSPITAL,NHS WEST AND NORTH LONDON INTEGRATED CARE BOARD,C_120,Ear Nose and Throat Service,566,541,0,0.9558,False
RTT-April-2026,2026-04-01,NT411,CLEMENTINE CHURCHILL HOSPITAL,NHS WEST AND NORTH LONDON INTEGRATED CARE BOARD,C_301,Gastroenterology Service,215,214,0,0.9953,False
RTT-April-2026,2026-04-01,NT411,CLEMENTINE CHURCHILL HOSPITAL,NHS WEST AND NORTH LONDON INTEGRATED CARE BOARD,C_100,General Surgery Service,318,318,0,1.0,False
RTT-April-2026,2026-04-01,NT411,CLEMENTINE CHURCHILL HOSPITAL,NHS WEST AND NORTH LONDON INTEGRATED CARE BOARD,C_502,Gynaecology Service,188,187,0,0.9947,False
RTT-April-2026,2026-04-01,NT411,CLEMENTINE CHURCHILL HOSPITAL,NHS WEST AND NORTH LONDON INTEGRATED CARE BOARD,C_130,Ophthalmology Service,38,38,0,1.0,False
RTT-April-2026,2026-04-01,NT411,CLEMENTINE CHURCHILL HOSPITAL,NHS WEST AND NORTH LONDON INTEGRATED CARE BOARD,X06,Other - Other Services,8,7,0,0.875,False
RTT-April-2026,2026-04-01,NT411,CLEMENTINE CHURCHILL HOSPITAL,NHS WEST AND NORTH LONDON INTEGRATED CARE BOARD,C_110,Trauma and Orthopaedic Service,780,769,0,0.9859,False
RTT-April-2026,2026-04-01,NVC28,CLIFTON PARK HOSPITAL,NHS HUMBER AND NORTH YORKSHIRE INTEGRATED CARE BOARD,X02,Other - Medical Services,4,2,0,0.5,True
RTT-April-2026,2026-04-01,NVC28,CLIFTON PARK HOSPITAL,NHS HUMBER AND NORTH YORKSHIRE INTEGRATED CARE BOARD,C_110,Trauma and Orthopaedic Service,1563,991,7,0.634,True
RTT-April-2026,2026-04-01,NVC29,COBALT HOSPITAL,NHS NORTH EAST AND NORTH CUMBRIA INTEGRATED CARE BOARD,C_301,Gastroenterology Service,304,291,0,0.9572,False
RTT-April-2026,2026-04-01,NVC29,COBALT HOSPITAL,NHS NORTH EAST AND NORTH CUMBRIA INTEGRATED CARE BOARD,C_100,General Surgery Service,313,163,0,0.5208,True
RTT-April-2026,2026-04-01,NVC29,COBALT HOSPITAL,NHS NORTH EAST AND NORTH CUMBRIA INTEGRATED CARE BOARD,C_160,Plastic Surgery Service,853,499,0,0.585,True
RTT-April-2026,2026-04-01,NVC29,COBALT HOSPITAL,NHS NORTH EAST AND NORTH CUMBRIA INTEGRATED CARE BOARD,C_110,Trauma and Orthopaedic Service,446,235,4,0.5269,True
RTT-April-2026,2026-04-01,NWV01,COHESE HEALTHCARE,"NHS BRISTOL, NORTH SOMERSET AND SOUTH GLOUCESTERSHIRE INTEGRATED CARE BOARD",C_101,Urology Service,954,953,0,0.999,False
RTT-April-2026,2026-04-01,NLG,COMMUNITAS CLINICS,NHS SOUTH WEST LONDON INTEGRATED CARE BOARD,C_120,Ear Nose and Throat Service,4440,3111,27,0.7007,False
RTT-April-2026,2026-04-01,AAV,COMMUNITY HEALTH AND EYECARE LIMITED,NHS LANCASHIRE AND SOUTH CUMBRIA INTEGRATED CARE BOARD,C_301,Gastroenterology Service,681,656,0,0.9633,False
RTT-April-2026,2026-04-01,AAV,COMMUNITY HEALTH AND EYECARE LIMITED,NHS LANCASHIRE AND SOUTH CUMBRIA INTEGRATED CARE BOARD,C_130,Ophthalmology Service,4580,4078,0,0.8904,False
RTT-April-2026,2026-04-01,NYR,CORA HEALTH DIAGNOSTICS (FORMERLY HEALTHSHARE DIAGNOSTICS),NHS KENT AND MEDWAY INTEGRATED CARE BOARD,C_330,Dermatology Service,373,178,24,0.4772,True
RTT-April-2026,2026-04-01,NYR,CORA HEALTH DIAGNOSTICS (FORMERLY HEALTHSHARE DIAGNOSTICS),NHS KENT AND MEDWAY INTEGRATED CARE BOARD,C_502,Gynaecology Service,643,391,9,0.6081,True
RTT-April-2026,2026-04-01,NYR,CORA HEALTH DIAGNOSTICS (FORMERLY HEALTHSHARE DIAGNOSTICS),NHS KENT AND MEDWAY INTEGRATED CARE BOARD,C_130,Ophthalmology Service,28,15,5,0.5357,True
RTT-April-2026,2026-04-01,NYR,CORA HEALTH DIAGNOSTICS (FORMERLY HEALTHSHARE DIAGNOSTICS),NHS KENT AND MEDWAY INTEGRATED CARE BOARD,C_160,Plastic Surgery Service,165,85,0,0.5152,True
RTT-April-2026,2026-04-01,NYR,CORA HEALTH DIAGNOSTICS (FORMERLY HEALTHSHARE DIAGNOSTICS),NHS KENT AND MEDWAY INTEGRATED CARE BOARD,C_410,Rheumatology Service,77,63,0,0.8182,False
RTT-April-2026,2026-04-01,NYR,CORA HEALTH DIAGNOSTICS (FORMERLY HEALTHSHARE DIAGNOSTICS),NHS KENT AND MEDWAY INTEGRATED CARE BOARD,C_110,Trauma and Orthopaedic Service,353,233,1,0.6601,True
RTT-April-2026,2026-04-01,NYR,CORA HEALTH DIAGNOSTICS (FORMERLY HEALTHSHARE DIAGNOSTICS),NHS KENT AND MEDWAY INTEGRATED CARE BOARD,C_101,Urology Service,164,121,0,0.7378,False
RTT-April-2026,2026-04-01,NMG,CORA HEALTH MSK (FORMERLY CONNECT HEALTH LTD),NHS NORTH EAST AND NORTH CUMBRIA INTEGRATED CARE BOARD,X06,Other - Other Services,18494,16916,4,0.9147,False
RTT-April-2026,2026-04-01,NMG,CORA HEALTH MSK (FORMERLY CONNECT HEALTH LTD),NHS NORTH EAST AND NORTH CUMBRIA INTEGRATED CARE BOARD,C_410,Rheumatology Service,696,620,0,0.8908,False
RTT-April-2026,2026-04-01,RJ8,CORNWALL PARTNERSHIP NHS FOUNDATION TRUST,NHS CORNWALL AND THE ISLES OF SCILLY INTEGRATED CARE BOARD,X02,Other - Medical Services,603,590,0,0.9784,False
RTT-April-2026,2026-04-01,RJ8,CORNWALL PARTNERSHIP NHS FOUNDATION TRUST,NHS CORNWALL AND THE ISLES OF SCILLY INTEGRATED CARE BOARD,C_110,Trauma and Orthopaedic Service,100,97,0,0.97,False
RTT-April-2026,2026-04-01,DFY01,COTSWOLDS SURGICAL PARTNERS,"NHS BATH AND NORTH EAST SOMERSET, SWINDON AND WILTSHIRE INTEGRATED CARE BOARD",C_330,Dermatology Service,91,90,0,0.989,False
RTT-April-2026,2026-04-01,DFY01,COTSWOLDS SURGICAL PARTNERS,"NHS BATH AND NORTH EAST SOMERSET, SWINDON AND WILTSHIRE INTEGRATED CARE BOARD",C_160,Plastic Surgery Service,184,182,0,0.9891,False
RTT-April-2026,2026-04-01,RJR,COUNTESS OF CHESTER HOSPITAL NHS FOUNDATION TRUST,NHS CHESHIRE AND MERSEYSIDE INTEGRATED CARE BOARD,C_320,Cardiology Service,733,618,0,0.8431,False
RTT-April-2026,2026-04-01,RJR,COUNTESS OF CHESTER HOSPITAL NHS FOUNDATION TRUST,NHS CHESHIRE AND MERSEYSIDE INTEGRATED CARE BOARD,C_330,Dermatology Service,2456,1676,11,0.6824,True
RTT-April-2026,2026-04-01,RJR,COUNTESS OF CHESTER HOSPITAL NHS FOUNDATION TRUST,NHS CHESHIRE AND MERSEYSIDE INTEGRATED CARE BOARD,C_120,Ear Nose and Throat Service,3330,2172,18,0.6523,True
RTT-April-2026,2026-04-01,RJR,COUNTESS OF CHESTER HOSPITAL NHS FOUNDATION TRUST,NHS CHESHIRE AND MERSEYSIDE INTEGRATED CARE BOARD,C_430,Elderly Medicine Service,268,246,0,0.9179,False
RTT-April-2026,2026-04-01,RJR,COUNTESS OF CHESTER HOSPITAL NHS FOUNDATION TRUST,NHS CHESHIRE AND MERSEYSIDE INTEGRATED CARE BOARD,C_301,Gastroenterology Service,777,698,0,0.8983,False
RTT-April-2026,2026-04-01,RJR,COUNTESS OF CHESTER HOSPITAL NHS FOUNDATION TRUST,NHS CHESHIRE AND MERSEYSIDE INTEGRATED CARE BOARD,C_300,General Internal Medicine Service,60,59,0,0.9833,False
RTT-April-2026,2026-04-01,RJR,COUNTESS OF CHESTER HOSPITAL NHS FOUNDATION TRUST,NHS CHESHIRE AND MERSEYSIDE INTEGRATED CARE BOARD,C_100,General Surgery Service,961,646,7,0.6722,True
RTT-April-2026,2026-04-01,RJR,COUNTESS OF CHESTER HOSPITAL NHS FOUNDATION TRUST,NHS CHESHIRE AND MERSEYSIDE INTEGRATED CARE BOARD,C_502,Gynaecology Service,2808,1636,120,0.5826,True
RTT-April-2026,2026-04-01,RJR,COUNTESS OF CHESTER HOSPITAL NHS FOUNDATION TRUST,NHS CHESHIRE AND MERSEYSIDE INTEGRATED CARE BOARD,C_130,Ophthalmology Service,3271,2064,19,0.631,True
RTT-April-2026,2026-04-01,RJR,COUNTESS OF CHESTER HOSPITAL NHS FOUNDATION TRUST,NHS CHESHIRE AND MERSEYSIDE INTEGRATED CARE BOARD,C_140,Oral Surgery Service,2195,1012,34,0.461,True
RTT-April-2026,2026-04-01,RJR,COUNTESS OF CHESTER HOSPITAL NHS FOUNDATION TRUST,NHS CHESHIRE AND MERSEYSIDE INTEGRATED CARE BOARD,X02,Other - Medical Services,3055,2064,1,0.6756,True
RTT-April-2026,2026-04-01,RJR,COUNTESS OF CHESTER HOSPITAL NHS FOUNDATION TRUST,NHS CHESHIRE AND MERSEYSIDE INTEGRATED CARE BOARD,X06,Other - Other Services,386,353,0,0.9145,False
RTT-April-2026,2026-04-01,RJR,COUNTESS OF CHESTER HOSPITAL NHS FOUNDATION TRUST,NHS CHESHIRE AND MERSEYSIDE INTEGRATED CARE BOARD,X05,Other - Surgical Services,5642,3608,32,0.6395,True
RTT-April-2026,2026-04-01,RJR,COUNTESS OF CHESTER HOSPITAL NHS FOUNDATION TRUST,NHS CHESHIRE AND MERSEYSIDE INTEGRATED CARE BOARD,C_160,Plastic Surgery Service,974,636,19,0.653,True
RTT-April-2026,2026-04-01,RJR,COUNTESS OF CHESTER HOSPITAL NHS FOUNDATION TRUST,NHS CHESHIRE AND MERSEYSIDE INTEGRATED CARE BOARD,C_340,Respiratory Medicine Service,1003,830,0,0.8275,False
RTT-April-2026,2026-04-01,RJR,COUNTESS OF CHESTER HOSPITAL NHS FOUNDATION TRUST,NHS CHESHIRE AND MERSEYSIDE INTEGRATED CARE BOARD,C_410,Rheumatology Service,393,361,0,0.9186,False
RTT-April-2026,2026-04-01,RJR,COUNTESS OF CHESTER HOSPITAL NHS FOUNDATION TRUST,NHS CHESHIRE AND MERSEYSIDE INTEGRATED CARE BOARD,C_110,Trauma and Orthopaedic Service,2205,1444,1,0.6549,True
RTT-April-2026,2026-04-01,RJR,COUNTESS OF CHESTER HOSPITAL NHS FOUNDATION TRUST,NHS CHESHIRE AND MERSEYSIDE INTEGRATED CARE BOARD,C_101,Urology Service,1375,925,1,0.6727,True
RTT-April-2026,2026-04-01,RXP,COUNTY DURHAM AND DARLINGTON NHS FOUNDATION TRUST,NHS NORTH EAST AND NORTH CUMBRIA INTEGRATED CARE BOARD,C_320,Cardiology Service,1400,1136,0,0.8114,False
RTT-April-2026,2026-04-01,RXP,COUNTY DURHAM AND DARLINGTON NHS FOUNDATION TRUST,NHS NORTH EAST AND NORTH CUMBRIA INTEGRATED CARE BOARD,C_170,Cardiothoracic Surgery Service,20,7,0,0.35,True
RTT-April-2026,2026-04-01,RXP,COUNTY DURHAM AND DARLINGTON NHS FOUNDATION TRUST,NHS NORTH EAST AND NORTH CUMBRIA INTEGRATED CARE BOARD,C_330,Dermatology Service,5604,2759,298,0.4923,True
RTT-April-2026,2026-04-01,RXP,COUNTY DURHAM AND DARLINGTON NHS FOUNDATION TRUST,NHS NORTH EAST AND NORTH CUMBRIA INTEGRATED CARE BOARD,C_120,Ear Nose and Throat Service,3958,2894,0,0.7312,False
RTT-April-2026,2026-04-01,RXP,COUNTY DURHAM AND DARLINGTON NHS FOUNDATION TRUST,NHS NORTH EAST AND NORTH CUMBRIA INTEGRATED CARE BOARD,C_430,Elderly Medicine Service,409,363,0,0.8875,False
RTT-April-2026,2026-04-01,RXP,COUNTY DURHAM AND DARLINGTON NHS FOUNDATION TRUST,NHS NORTH EAST AND NORTH CUMBRIA INTEGRATED CARE BOARD,C_301,Gastroenterology Service,3673,2280,4,0.6207,True
RTT-April-2026,2026-04-01,RXP,COUNTY DURHAM AND DARLINGTON NHS FOUNDATION TRUST,NHS NORTH EAST AND NORTH CUMBRIA INTEGRATED CARE BOARD,C_300,General Internal Medicine Service,1535,985,0,0.6417,True
RTT-April-2026,2026-04-01,RXP,COUNTY DURHAM AND DARLINGTON NHS FOUNDATION TRUST,NHS NORTH EAST AND NORTH CUMBRIA INTEGRATED CARE BOARD,C_100,General Surgery Service,6173,3696,158,0.5987,True
RTT-April-2026,2026-04-01,RXP,COUNTY DURHAM AND DARLINGTON NHS FOUNDATION TRUST,NHS NORTH EAST AND NORTH CUMBRIA INTEGRATED CARE BOARD,C_502,Gynaecology Service,4583,2988,95,0.652,True
RTT-April-2026,2026-04-01,RXP,COUNTY DURHAM AND DARLINGTON NHS FOUNDATION TRUST,NHS NORTH EAST AND NORTH CUMBRIA INTEGRATED CARE BOARD,C_130,Ophthalmology Service,3044,2131,7,0.7001,False
RTT-April-2026,2026-04-01,RXP,COUNTY DURHAM AND DARLINGTON NHS FOUNDATION TRUST,NHS NORTH EAST AND NORTH CUMBRIA INTEGRATED CARE BOARD,C_140,Oral Surgery Service,713,471,0,0.6606,True
RTT-April-2026,2026-04-01,RXP,COUNTY DURHAM AND DARLINGTON NHS FOUNDATION TRUST,NHS NORTH EAST AND NORTH CUMBRIA INTEGRATED CARE BOARD,X02,Other - Medical Services,750,687,0,0.916,False
RTT-April-2026,2026-04-01,RXP,COUNTY DURHAM AND DARLINGTON NHS FOUNDATION TRUST,NHS NORTH EAST AND NORTH CUMBRIA INTEGRATED CARE BOARD,X03,Other - Mental Health Services,489,316,0,0.6462,True
RTT-April-2026,2026-04-01,RXP,COUNTY DURHAM AND DARLINGTON NHS FOUNDATION TRUST,NHS NORTH EAST AND NORTH CUMBRIA INTEGRATED CARE BOARD,X04,Other - Paediatric Services,4746,3200,64,0.6743,True
RTT-April-2026,2026-04-01,RXP,COUNTY DURHAM AND DARLINGTON NHS FOUNDATION TRUST,NHS NORTH EAST AND NORTH CUMBRIA INTEGRATED CARE BOARD,C_160,Plastic Surgery Service,1541,952,33,0.6178,True
RTT-April-2026,2026-04-01,RXP,COUNTY DURHAM AND DARLINGTON NHS FOUNDATION TRUST,NHS NORTH EAST AND NORTH CUMBRIA INTEGRATED CARE BOARD,C_340,Respiratory Medicine Service,1650,1081,0,0.6552,True
RTT-April-2026,2026-04-01,RXP,COUNTY DURHAM AND DARLINGTON NHS FOUNDATION TRUST,NHS NORTH EAST AND NORTH CUMBRIA INTEGRATED CARE BOARD,C_410,Rheumatology Service,1807,927,16,0.513,True
RTT-April-2026,2026-04-01,RXP,COUNTY DURHAM AND DARLINGTON NHS FOUNDATION TRUST,NHS NORTH EAST AND NORTH CUMBRIA INTEGRATED CARE BOARD,C_110,Trauma and Orthopaedic Service,10693,8416,26,0.7871,False
RTT-April-2026,2026-04-01,RJ6,CROYDON HEALTH SERVICES NHS TRUST,NHS SOUTH WEST LONDON INTEGRATED CARE BOARD,C_320,Cardiology Service,1323,1133,0,0.8564,False
RTT-April-2026,2026-04-01,RJ6,CROYDON HEALTH SERVICES NHS TRUST,NHS SOUTH WEST LONDON INTEGRATED CARE BOARD,C_330,Dermatology Service,3111,1699,123,0.5461,True
RTT-April-2026,2026-04-01,RJ6,CROYDON HEALTH SERVICES NHS TRUST,NHS SOUTH WEST LONDON INTEGRATED CARE BOARD,C_120,Ear Nose and Throat Service,2507,1146,96,0.4571,True
RTT-April-2026,2026-04-01,RJ6,CROYDON HEALTH SERVICES NHS TRUST,NHS SOUTH WEST LONDON INTEGRATED CARE BOARD,C_430,Elderly Medicine Service,161,155,0,0.9627,False
RTT-April-2026,2026-04-01,RJ6,CROYDON HEALTH SERVICES NHS TRUST,NHS SOUTH WEST LONDON INTEGRATED CARE BOARD,C_301,Gastroenterology Service,2786,2160,22,0.7753,False
RTT-April-2026,2026-04-01,RJ6,CROYDON HEALTH SERVICES NHS TRUST,NHS SOUTH WEST LONDON INTEGRATED CARE BOARD,C_300,General Internal Medicine Service,37,33,0,0.8919,False
RTT-April-2026,2026-04-01,RJ6,CROYDON HEALTH SERVICES NHS TRUST,NHS SOUTH WEST LONDON INTEGRATED CARE BOARD,C_100,General Surgery Service,2209,1565,18,0.7085,False
RTT-April-2026,2026-04-01,RJ6,CROYDON HEALTH SERVICES NHS TRUST,NHS SOUTH WEST LONDON INTEGRATED CARE BOARD,C_502,Gynaecology Service,2979,2064,39,0.6928,True
RTT-April-2026,2026-04-01,RJ6,CROYDON HEALTH SERVICES NHS TRUST,NHS SOUTH WEST LONDON INTEGRATED CARE BOARD,C_400,Neurology Service,767,694,0,0.9048,False
RTT-April-2026,2026-04-01,RJ6,CROYDON HEALTH SERVICES NHS TRUST,NHS SOUTH WEST LONDON INTEGRATED CARE BOARD,C_140,Oral Surgery Service,2247,719,67,0.32,True
RTT-April-2026,2026-04-01,RJ6,CROYDON HEALTH SERVICES NHS TRUST,NHS SOUTH WEST LONDON INTEGRATED CARE BOARD,X02,Other - Medical Services,3745,3167,5,0.8457,False
RTT-April-2026,2026-04-01,RJ6,CROYDON HEALTH SERVICES NHS TRUST,NHS SOUTH WEST LONDON INTEGRATED CARE BOARD,X04,Other - Paediatric Services,1064,484,28,0.4549,True
RTT-April-2026,2026-04-01,RJ6,CROYDON HEALTH SERVICES NHS TRUST,NHS SOUTH WEST LONDON INTEGRATED CARE BOARD,X05,Other - Surgical Services,3777,3110,10,0.8234,False
RTT-April-2026,2026-04-01,RJ6,CROYDON HEALTH SERVICES NHS TRUST,NHS SOUTH WEST LONDON INTEGRATED CARE BOARD,C_160,Plastic Surgery Service,77,54,1,0.7013,False
RTT-April-2026,2026-04-01,RJ6,CROYDON HEALTH SERVICES NHS TRUST,NHS SOUTH WEST LONDON INTEGRATED CARE BOARD,C_340,Respiratory Medicine Service,1214,1144,0,0.9423,False
RTT-April-2026,2026-04-01,RJ6,CROYDON HEALTH SERVICES NHS TRUST,NHS SOUTH WEST LONDON INTEGRATED CARE BOARD,C_410,Rheumatology Service,1159,697,0,0.6014,True
RTT-April-2026,2026-04-01,RJ6,CROYDON HEALTH SERVICES NHS TRUST,NHS SOUTH WEST LONDON INTEGRATED CARE BOARD,C_110,Trauma and Orthopaedic Service,3539,2683,10,0.7581,False
RTT-April-2026,2026-04-01,RJ6,CROYDON HEALTH SERVICES NHS TRUST,NHS SOUTH WEST LONDON INTEGRATED CARE BOARD,C_101,Urology Service,1506,1360,0,0.9031,False
RTT-April-2026,2026-04-01,RX4,"CUMBRIA, NORTHUMBERLAND, TYNE AND WEAR NHS FOUNDATION TRUST",NHS NORTH EAST AND NORTH CUMBRIA INTEGRATED CARE BOARD,X06,Other - Other Services,139,139,0,1.0,False
RTT-April-2026,2026-04-01,RN7,DARTFORD AND GRAVESHAM NHS TRUST,NHS KENT AND MEDWAY INTEGRATED CARE BOARD,C_320,Cardiology Service,2721,1500,2,0.5513,True
RTT-April-2026,2026-04-01,RN7,DARTFORD AND GRAVESHAM NHS TRUST,NHS KENT AND MEDWAY INTEGRATED CARE BOARD,C_430,Elderly Medicine Service,371,316,0,0.8518,False
RTT-April-2026,2026-04-01,RN7,DARTFORD AND GRAVESHAM NHS TRUST,NHS KENT AND MEDWAY INTEGRATED CARE BOARD,C_301,Gastroenterology Service,2650,1815,1,0.6849,True
RTT-April-2026,2026-04-01,RN7,DARTFORD AND GRAVESHAM NHS TRUST,NHS KENT AND MEDWAY INTEGRATED CARE BOARD,C_300,General Internal Medicine Service,685,478,0,0.6978,True
RTT-April-2026,2026-04-01,RN7,DARTFORD AND GRAVESHAM NHS TRUST,NHS KENT AND MEDWAY INTEGRATED CARE BOARD,C_100,General Surgery Service,6550,3462,169,0.5285,True
RTT-April-2026,2026-04-01,RN7,DARTFORD AND GRAVESHAM NHS TRUST,NHS KENT AND MEDWAY INTEGRATED CARE BOARD,C_502,Gynaecology Service,4525,2583,47,0.5708,True
RTT-April-2026,2026-04-01,RN7,DARTFORD AND GRAVESHAM NHS TRUST,NHS KENT AND MEDWAY INTEGRATED CARE BOARD,C_400,Neurology Service,1294,933,0,0.721,False
RTT-April-2026,2026-04-01,RN7,DARTFORD AND GRAVESHAM NHS TRUST,NHS KENT AND MEDWAY INTEGRATED CARE BOARD,X02,Other - Medical Services,728,556,0,0.7637,False
RTT-April-2026,2026-04-01,RN7,DARTFORD AND GRAVESHAM NHS TRUST,NHS KENT AND MEDWAY INTEGRATED CARE BOARD,X06,Other - Other Services,355,299,0,0.8423,False
RTT-April-2026,2026-04-01,RN7,DARTFORD AND GRAVESHAM NHS TRUST,NHS KENT AND MEDWAY INTEGRATED CARE BOARD,X04,Other - Paediatric Services,803,791,0,0.9851,False
RTT-April-2026,2026-04-01,RN7,DARTFORD AND GRAVESHAM NHS TRUST,NHS KENT AND MEDWAY INTEGRATED CARE BOARD,X05,Other - Surgical Services,1105,849,0,0.7683,False
RTT-April-2026,2026-04-01,RN7,DARTFORD AND GRAVESHAM NHS TRUST,NHS KENT AND MEDWAY INTEGRATED CARE BOARD,C_340,Respiratory Medicine Service,984,673,0,0.6839,True
RTT-April-2026,2026-04-01,RN7,DARTFORD AND GRAVESHAM NHS TRUST,NHS KENT AND MEDWAY INTEGRATED CARE BOARD,C_110,Trauma and Orthopaedic Service,4994,2533,189,0.5072,True
RTT-April-2026,2026-04-01,RN7,DARTFORD AND GRAVESHAM NHS TRUST,NHS KENT AND MEDWAY INTEGRATED CARE BOARD,C_101,Urology Service,2770,1898,5,0.6852,True
RTT-April-2026,2026-04-01,NCN,DMC HEALTHCARE,NHS SOUTH EAST LONDON INTEGRATED CARE BOARD,C_330,Dermatology Service,2326,2181,41,0.9377,False
RTT-April-2026,2026-04-01,RP5,DONCASTER AND BASSETLAW TEACHING HOSPITALS NHS FOUNDATION TRUST,NHS SOUTH YORKSHIRE INTEGRATED CARE BOARD,C_320,Cardiology Service,2478,2028,0,0.8184,False
RTT-April-2026,2026-04-01,RP5,DONCASTER AND BASSETLAW TEACHING HOSPITALS NHS FOUNDATION TRUST,NHS SOUTH YORKSHIRE INTEGRATED CARE BOARD,C_330,Dermatology Service,2691,2078,0,0.7722,False
RTT-April-2026,2026-04-01,RP5,DONCASTER AND BASSETLAW TEACHING HOSPITALS NHS FOUNDATION TRUST,NHS SOUTH YORKSHIRE INTEGRATED CARE BOARD,C_120,Ear Nose and Throat Service,6119,3026,154,0.4945,True
RTT-April-2026,2026-04-01,RP5,DONCASTER AND BASSETLAW TEACHING HOSPITALS NHS FOUNDATION TRUST,NHS SOUTH YORKSHIRE INTEGRATED CARE BOARD,C_430,Elderly Medicine Service,139,130,1,0.9353,False
RTT-April-2026,2026-04-01,RP5,DONCASTER AND BASSETLAW TEACHING HOSPITALS NHS FOUNDATION TRUST,NHS SOUTH YORKSHIRE INTEGRATED CARE BOARD,C_301,Gastroenterology Service,3655,2398,7,0.6561,True
RTT-April-2026,2026-04-01,RP5,DONCASTER AND BASSETLAW TEACHING HOSPITALS NHS FOUNDATION TRUST,NHS SOUTH YORKSHIRE INTEGRATED CARE BOARD,C_300,General Internal Medicine Service,4,2,0,0.5,True
RTT-April-2026,2026-04-01,RP5,DONCASTER AND BASSETLAW TEACHING HOSPITALS NHS FOUNDATION TRUST,NHS SOUTH YORKSHIRE INTEGRATED CARE BOARD,C_100,General Surgery Service,3935,2671,6,0.6788,True
RTT-April-2026,2026-04-01,RP5,DONCASTER AND BASSETLAW TEACHING HOSPITALS NHS FOUNDATION TRUST,NHS SOUTH YORKSHIRE INTEGRATED CARE BOARD,C_502,Gynaecology Service,2589,1820,0,0.703,False
RTT-April-2026,2026-04-01,RP5,DONCASTER AND BASSETLAW TEACHING HOSPITALS NHS FOUNDATION TRUST,NHS SOUTH YORKSHIRE INTEGRATED CARE BOARD,C_130,Ophthalmology Service,3747,2490,8,0.6645,True
RTT-April-2026,2026-04-01,RP5,DONCASTER AND BASSETLAW TEACHING HOSPITALS NHS FOUNDATION TRUST,NHS SOUTH YORKSHIRE INTEGRATED CARE BOARD,C_140,Oral Surgery Service,2318,1237,0,0.5336,True
RTT-April-2026,2026-04-01,RP5,DONCASTER AND BASSETLAW TEACHING HOSPITALS NHS FOUNDATION TRUST,NHS SOUTH YORKSHIRE INTEGRATED CARE BOARD,X02,Other - Medical Services,4553,3262,16,0.7165,False
RTT-April-2026,2026-04-01,RP5,DONCASTER AND BASSETLAW TEACHING HOSPITALS NHS FOUNDATION TRUST,NHS SOUTH YORKSHIRE INTEGRATED CARE BOARD,X04,Other - Paediatric Services,252,193,0,0.7659,False
RTT-April-2026,2026-04-01,RP5,DONCASTER AND BASSETLAW TEACHING HOSPITALS NHS FOUNDATION TRUST,NHS SOUTH YORKSHIRE INTEGRATED CARE BOARD,X05,Other - Surgical Services,2367,1600,1,0.676,True
RTT-April-2026,2026-04-01,RP5,DONCASTER AND BASSETLAW TEACHING HOSPITALS NHS FOUNDATION TRUST,NHS SOUTH YORKSHIRE INTEGRATED CARE BOARD,C_340,Respiratory Medicine Service,2320,1282,0,0.5526,True
RTT-April-2026,2026-04-01,RP5,DONCASTER AND BASSETLAW TEACHING HOSPITALS NHS FOUNDATION TRUST,NHS SOUTH YORKSHIRE INTEGRATED CARE BOARD,C_410,Rheumatology Service,856,590,0,0.6893,True
RTT-April-2026,2026-04-01,RP5,DONCASTER AND BASSETLAW TEACHING HOSPITALS NHS FOUNDATION TRUST,NHS SOUTH YORKSHIRE INTEGRATED CARE BOARD,C_110,Trauma and Orthopaedic Service,12454,6209,971,0.4986,True
RTT-April-2026,2026-04-01,RP5,DONCASTER AND BASSETLAW TEACHING HOSPITALS NHS FOUNDATION TRUST,NHS SOUTH YORKSHIRE INTEGRATED CARE BOARD,C_101,Urology Service,3013,1917,1,0.6362,True
RTT-April-2026,2026-04-01,NNE,DORKING HEALTHCARE LIMITED (DHC),NHS SURREY AND SUSSEX INTEGRATED CARE BOARD,C_320,Cardiology Service,627,518,0,0.8262,False
RTT-April-2026,2026-04-01,NNE,DORKING HEALTHCARE LIMITED (DHC),NHS SURREY AND SUSSEX INTEGRATED CARE BOARD,C_330,Dermatology Service,740,656,0,0.8865,False
RTT-April-2026,2026-04-01,NNE,DORKING HEALTHCARE LIMITED (DHC),NHS SURREY AND SUSSEX INTEGRATED CARE BOARD,C_120,Ear Nose and Throat Service,849,562,1,0.662,True
RTT-April-2026,2026-04-01,NNE,DORKING HEALTHCARE LIMITED (DHC),NHS SURREY AND SUSSEX INTEGRATED CARE BOARD,C_430,Elderly Medicine Service,31,31,0,1.0,False
RTT-April-2026,2026-04-01,NNE,DORKING HEALTHCARE LIMITED (DHC),NHS SURREY AND SUSSEX INTEGRATED CARE BOARD,C_301,Gastroenterology Service,331,203,0,0.6133,True
RTT-April-2026,2026-04-01,NNE,DORKING HEALTHCARE LIMITED (DHC),NHS SURREY AND SUSSEX INTEGRATED CARE BOARD,C_300,General Internal Medicine Service,75,69,0,0.92,False
RTT-April-2026,2026-04-01,NNE,DORKING HEALTHCARE LIMITED (DHC),NHS SURREY AND SUSSEX INTEGRATED CARE BOARD,C_100,General Surgery Service,91,84,0,0.9231,False
RTT-April-2026,2026-04-01,NNE,DORKING HEALTHCARE LIMITED (DHC),NHS SURREY AND SUSSEX INTEGRATED CARE BOARD,C_502,Gynaecology Service,809,632,0,0.7812,False
RTT-April-2026,2026-04-01,NNE,DORKING HEALTHCARE LIMITED (DHC),NHS SURREY AND SUSSEX INTEGRATED CARE BOARD,C_400,Neurology Service,534,383,0,0.7172,False
RTT-April-2026,2026-04-01,NNE,DORKING HEALTHCARE LIMITED (DHC),NHS SURREY AND SUSSEX INTEGRATED CARE BOARD,C_150,Neurosurgical Service,72,53,0,0.7361,False
RTT-April-2026,2026-04-01,NNE,DORKING HEALTHCARE LIMITED (DHC),NHS SURREY AND SUSSEX INTEGRATED CARE BOARD,C_130,Ophthalmology Service,257,185,0,0.7198,False
RTT-April-2026,2026-04-01,NNE,DORKING HEALTHCARE LIMITED (DHC),NHS SURREY AND SUSSEX INTEGRATED CARE BOARD,X02,Other - Medical Services,286,225,0,0.7867,False
RTT-April-2026,2026-04-01,NNE,DORKING HEALTHCARE LIMITED (DHC),NHS SURREY AND SUSSEX INTEGRATED CARE BOARD,X03,Other - Mental Health Services,2,2,0,1.0,False
RTT-April-2026,2026-04-01,NNE,DORKING HEALTHCARE LIMITED (DHC),NHS SURREY AND SUSSEX INTEGRATED CARE BOARD,X06,Other - Other Services,65,61,0,0.9385,False
RTT-April-2026,2026-04-01,NNE,DORKING HEALTHCARE LIMITED (DHC),NHS SURREY AND SUSSEX INTEGRATED CARE BOARD,X05,Other - Surgical Services,398,242,0,0.608,True
RTT-April-2026,2026-04-01,NNE,DORKING HEALTHCARE LIMITED (DHC),NHS SURREY AND SUSSEX INTEGRATED CARE BOARD,C_340,Respiratory Medicine Service,155,139,0,0.8968,False
RTT-April-2026,2026-04-01,NNE,DORKING HEALTHCARE LIMITED (DHC),NHS SURREY AND SUSSEX INTEGRATED CARE BOARD,C_410,Rheumatology Service,216,194,0,0.8981,False
RTT-April-2026,2026-04-01,NNE,DORKING HEALTHCARE LIMITED (DHC),NHS SURREY AND SUSSEX INTEGRATED CARE BOARD,C_110,Trauma and Orthopaedic Service,723,561,0,0.7759,False
RTT-April-2026,2026-04-01,NNE,DORKING HEALTHCARE LIMITED (DHC),NHS SURREY AND SUSSEX INTEGRATED CARE BOARD,C_101,Urology Service,177,146,0,0.8249,False
RTT-April-2026,2026-04-01,RBD,DORSET COUNTY HOSPITAL NHS FOUNDATION TRUST,NHS DORSET INTEGRATED CARE BOARD,C_320,Cardiology Service,1689,1018,1,0.6027,True
RTT-April-2026,2026-04-01,RBD,DORSET COUNTY HOSPITAL NHS FOUNDATION TRUST,NHS DORSET INTEGRATED CARE BOARD,C_330,Dermatology Service,1371,789,11,0.5755,True
RTT-April-2026,2026-04-01,RBD,DORSET COUNTY HOSPITAL NHS FOUNDATION TRUST,NHS DORSET INTEGRATED CARE BOARD,C_120,Ear Nose and Throat Service,2960,1580,48,0.5338,True
RTT-April-2026,2026-04-01,RBD,DORSET COUNTY HOSPITAL NHS FOUNDATION TRUST,NHS DORSET INTEGRATED CARE BOARD,C_430,Elderly Medicine Service,91,67,0,0.7363,False
RTT-April-2026,2026-04-01,RBD,DORSET COUNTY HOSPITAL NHS FOUNDATION TRUST,NHS DORSET INTEGRATED CARE BOARD,C_301,Gastroenterology Service,1084,827,5,0.7629,False
RTT-April-2026,2026-04-01,RBD,DORSET COUNTY HOSPITAL NHS FOUNDATION TRUST,NHS DORSET INTEGRATED CARE BOARD,C_300,General Internal Medicine Service,13,13,0,1.0,False
RTT-April-2026,2026-04-01,RBD,DORSET COUNTY HOSPITAL NHS FOUNDATION TRUST,NHS DORSET INTEGRATED CARE BOARD,C_100,General Surgery Service,1255,604,5,0.4813,True
RTT-April-2026,2026-04-01,RBD,DORSET COUNTY HOSPITAL NHS FOUNDATION TRUST,NHS DORSET INTEGRATED CARE BOARD,C_502,Gynaecology Service,1292,840,13,0.6502,True
RTT-April-2026,2026-04-01,RBD,DORSET COUNTY HOSPITAL NHS FOUNDATION TRUST,NHS DORSET INTEGRATED CARE BOARD,C_130,Ophthalmology Service,2263,1715,1,0.7578,False
RTT-April-2026,2026-04-01,RBD,DORSET COUNTY HOSPITAL NHS FOUNDATION TRUST,NHS DORSET INTEGRATED CARE BOARD,C_140,Oral Surgery Service,1567,908,8,0.5795,True
RTT-April-2026,2026-04-01,RBD,DORSET COUNTY HOSPITAL NHS FOUNDATION TRUST,NHS DORSET INTEGRATED CARE BOARD,X02,Other - Medical Services,1549,1049,14,0.6772,True
RTT-April-2026,2026-04-01,RBD,DORSET COUNTY HOSPITAL NHS FOUNDATION TRUST,NHS DORSET INTEGRATED CARE BOARD,X04,Other - Paediatric Services,253,143,3,0.5652,True
RTT-April-2026,2026-04-01,RBD,DORSET COUNTY HOSPITAL NHS FOUNDATION TRUST,NHS DORSET INTEGRATED CARE BOARD,X05,Other - Surgical Services,1490,1155,6,0.7752,False
RTT-April-2026,2026-04-01,RBD,DORSET COUNTY HOSPITAL NHS FOUNDATION TRUST,NHS DORSET INTEGRATED CARE BOARD,C_340,Respiratory Medicine Service,316,264,0,0.8354,False
RTT-April-2026,2026-04-01,RBD,DORSET COUNTY HOSPITAL NHS FOUNDATION TRUST,NHS DORSET INTEGRATED CARE BOARD,C_110,Trauma and Orthopaedic Service,3467,1424,181,0.4107,True
RTT-April-2026,2026-04-01,RBD,DORSET COUNTY HOSPITAL NHS FOUNDATION TRUST,NHS DORSET INTEGRATED CARE BOARD,C_101,Urology Service,1307,857,0,0.6557,True
RTT-April-2026,2026-04-01,NT412,DROITWICH SPA HOSPITAL,NHS HEREFORDSHIRE AND WORCESTERSHIRE INTEGRATED CARE BOARD,C_320,Cardiology Service,9,4,0,0.4444,True
RTT-April-2026,2026-04-01,NT412,DROITWICH SPA HOSPITAL,NHS HEREFORDSHIRE AND WORCESTERSHIRE INTEGRATED CARE BOARD,C_120,Ear Nose and Throat Service,29,25,0,0.8621,False
RTT-April-2026,2026-04-01,NT412,DROITWICH SPA HOSPITAL,NHS HEREFORDSHIRE AND WORCESTERSHIRE INTEGRATED CARE BOARD,C_301,Gastroenterology Service,98,77,0,0.7857,False
RTT-April-2026,2026-04-01,NT412,DROITWICH SPA HOSPITAL,NHS HEREFORDSHIRE AND WORCESTERSHIRE INTEGRATED CARE BOARD,C_100,General Surgery Service,339,219,0,0.646,True
RTT-April-2026,2026-04-01,NT412,DROITWICH SPA HOSPITAL,NHS HEREFORDSHIRE AND WORCESTERSHIRE INTEGRATED CARE BOARD,C_130,Ophthalmology Service,14,12,0,0.8571,False
RTT-April-2026,2026-04-01,NT412,DROITWICH SPA HOSPITAL,NHS HEREFORDSHIRE AND WORCESTERSHIRE INTEGRATED CARE BOARD,X06,Other - Other Services,26,18,0,0.6923,True
RTT-April-2026,2026-04-01,NT412,DROITWICH SPA HOSPITAL,NHS HEREFORDSHIRE AND WORCESTERSHIRE INTEGRATED CARE BOARD,C_110,Trauma and Orthopaedic Service,949,567,3,0.5975,True
RTT-April-2026,2026-04-01,NT412,DROITWICH SPA HOSPITAL,NHS HEREFORDSHIRE AND WORCESTERSHIRE INTEGRATED CARE BOARD,C_101,Urology Service,1,0,0,0.0,True
RTT-April-2026,2026-04-01,NVC04,DUCHY HOSPITAL,NHS CORNWALL AND THE ISLES OF SCILLY INTEGRATED CARE BOARD,C_320,Cardiology Service,160,128,0,0.8,False
RTT-April-2026,2026-04-01,NT447,DUCHY HOSPITAL,NHS HUMBER AND NORTH YORKSHIRE INTEGRATED CARE BOARD,C_100,General Surgery Service,41,37,0,0.9024,False
RTT-April-2026,2026-04-01,NVC04,DUCHY HOSPITAL,NHS CORNWALL AND THE ISLES OF SCILLY INTEGRATED CARE BOARD,C_100,General Surgery Service,361,317,1,0.8781,False
RTT-April-2026,2026-04-01,NT447,DUCHY HOSPITAL,NHS HUMBER AND NORTH YORKSHIRE INTEGRATED CARE BOARD,C_400,Neurology Service,8,8,0,1.0,False
RTT-April-2026,2026-04-01,NT447,DUCHY HOSPITAL,NHS HUMBER AND NORTH YORKSHIRE INTEGRATED CARE BOARD,C_150,Neurosurgical Service,7,7,0,1.0,False
RTT-April-2026,2026-04-01,NT447,DUCHY HOSPITAL,NHS HUMBER AND NORTH YORKSHIRE INTEGRATED CARE BOARD,X06,Other - Other Services,1,1,0,1.0,False
RTT-April-2026,2026-04-01,NT447,DUCHY HOSPITAL,NHS HUMBER AND NORTH YORKSHIRE INTEGRATED CARE BOARD,C_110,Trauma and Orthopaedic Service,245,193,0,0.7878,False
RTT-April-2026,2026-04-01,NVC04,DUCHY HOSPITAL,NHS CORNWALL AND THE ISLES OF SCILLY INTEGRATED CARE BOARD,C_110,Trauma and Orthopaedic Service,1215,629,10,0.5177,True
RTT-April-2026,2026-04-01,NT447,DUCHY HOSPITAL,NHS HUMBER AND NORTH YORKSHIRE INTEGRATED CARE BOARD,C_101,Urology Service,21,21,0,1.0,False
RTT-April-2026,2026-04-01,RWH,EAST AND NORTH HERTFORDSHIRE TEACHING NHS TRUST,NHS CENTRAL EAST INTEGRATED CARE BOARD,C_320,Cardiology Service,3618,3368,0,0.9309,False
RTT-April-2026,2026-04-01,RWH,EAST AND NORTH HERTFORDSHIRE TEACHING NHS TRUST,NHS CENTRAL EAST INTEGRATED CARE BOARD,C_170,Cardiothoracic Surgery Service,151,131,0,0.8675,False
RTT-April-2026,2026-04-01,RWH,EAST AND NORTH HERTFORDSHIRE TEACHING NHS TRUST,NHS CENTRAL EAST INTEGRATED CARE BOARD,C_330,Dermatology Service,1431,783,9,0.5472,True
RTT-April-2026,2026-04-01,RWH,EAST AND NORTH HERTFORDSHIRE TEACHING NHS TRUST,NHS CENTRAL EAST INTEGRATED CARE BOARD,C_120,Ear Nose and Throat Service,5813,3415,55,0.5875,True
RTT-April-2026,2026-04-01,RWH,EAST AND NORTH HERTFORDSHIRE TEACHING NHS TRUST,NHS CENTRAL EAST INTEGRATED CARE BOARD,C_430,Elderly Medicine Service,131,113,0,0.8626,False
RTT-April-2026,2026-04-01,RWH,EAST AND NORTH HERTFORDSHIRE TEACHING NHS TRUST,NHS CENTRAL EAST INTEGRATED CARE BOARD,C_301,Gastroenterology Service,2274,1368,15,0.6016,True
RTT-April-2026,2026-04-01,RWH,EAST AND NORTH HERTFORDSHIRE TEACHING NHS TRUST,NHS CENTRAL EAST INTEGRATED CARE BOARD,C_300,General Internal Medicine Service,46,45,0,0.9783,False
RTT-April-2026,2026-04-01,RWH,EAST AND NORTH HERTFORDSHIRE TEACHING NHS TRUST,NHS CENTRAL EAST INTEGRATED CARE BOARD,C_100,General Surgery Service,1933,1435,1,0.7424,False
RTT-April-2026,2026-04-01,RWH,EAST AND NORTH HERTFORDSHIRE TEACHING NHS TRUST,NHS CENTRAL EAST INTEGRATED CARE BOARD,C_502,Gynaecology Service,4237,3017,1,0.7121,False
RTT-April-2026,2026-04-01,RWH,EAST AND NORTH HERTFORDSHIRE TEACHING NHS TRUST,NHS CENTRAL EAST INTEGRATED CARE BOARD,C_400,Neurology Service,722,671,0,0.9294,False
RTT-April-2026,2026-04-01,RWH,EAST AND NORTH HERTFORDSHIRE TEACHING NHS TRUST,NHS CENTRAL EAST INTEGRATED CARE BOARD,C_130,Ophthalmology Service,2693,1967,14,0.7304,False
RTT-April-2026,2026-04-01,RWH,EAST AND NORTH HERTFORDSHIRE TEACHING NHS TRUST,NHS CENTRAL EAST INTEGRATED CARE BOARD,C_140,Oral Surgery Service,1263,523,96,0.4141,True
RTT-April-2026,2026-04-01,RWH,EAST AND NORTH HERTFORDSHIRE TEACHING NHS TRUST,NHS CENTRAL EAST INTEGRATED CARE BOARD,X06,Other - Other Services,16961,11411,41,0.6728,True
RTT-April-2026,2026-04-01,RWH,EAST AND NORTH HERTFORDSHIRE TEACHING NHS TRUST,NHS CENTRAL EAST INTEGRATED CARE BOARD,C_160,Plastic Surgery Service,2892,2124,23,0.7344,False
RTT-April-2026,2026-04-01,RWH,EAST AND NORTH HERTFORDSHIRE TEACHING NHS TRUST,NHS CENTRAL EAST INTEGRATED CARE BOARD,C_340,Respiratory Medicine Service,1011,927,0,0.9169,False
RTT-April-2026,2026-04-01,RWH,EAST AND NORTH HERTFORDSHIRE TEACHING NHS TRUST,NHS CENTRAL EAST INTEGRATED CARE BOARD,C_410,Rheumatology Service,1270,753,0,0.5929,True
RTT-April-2026,2026-04-01,RWH,EAST AND NORTH HERTFORDSHIRE TEACHING NHS TRUST,NHS CENTRAL EAST INTEGRATED CARE BOARD,C_110,Trauma and Orthopaedic Service,4241,2085,85,0.4916,True
RTT-April-2026,2026-04-01,RWH,EAST AND NORTH HERTFORDSHIRE TEACHING NHS TRUST,NHS CENTRAL EAST INTEGRATED CARE BOARD,C_101,Urology Service,4211,2639,17,0.6267,True
RTT-April-2026,2026-04-01,RJN,EAST CHESHIRE NHS TRUST,NHS CHESHIRE AND MERSEYSIDE INTEGRATED CARE BOARD,C_320,Cardiology Service,1345,723,25,0.5375,True
RTT-April-2026,2026-04-01,RJN,EAST CHESHIRE NHS TRUST,NHS CHESHIRE AND MERSEYSIDE INTEGRATED CARE BOARD,C_120,Ear Nose and Throat Service,1645,1013,42,0.6158,True
RTT-April-2026,2026-04-01,RJN,EAST CHESHIRE NHS TRUST,NHS CHESHIRE AND MERSEYSIDE INTEGRATED CARE BOARD,C_430,Elderly Medicine Service,87,53,0,0.6092,True
RTT-April-2026,2026-04-01,RJN,EAST CHESHIRE NHS TRUST,NHS CHESHIRE AND MERSEYSIDE INTEGRATED CARE BOARD,C_301,Gastroenterology Service,1845,896,83,0.4856,True
RTT-April-2026,2026-04-01,RJN,EAST CHESHIRE NHS TRUST,NHS CHESHIRE AND MERSEYSIDE INTEGRATED CARE BOARD,C_300,General Internal Medicine Service,7,3,0,0.4286,True
RTT-April-2026,2026-04-01,RJN,EAST CHESHIRE NHS TRUST,NHS CHESHIRE AND MERSEYSIDE INTEGRATED CARE BOARD,C_100,General Surgery Service,1414,788,14,0.5573,True
RTT-April-2026,2026-04-01,RJN,EAST CHESHIRE NHS TRUST,NHS CHESHIRE AND MERSEYSIDE INTEGRATED CARE BOARD,C_502,Gynaecology Service,2226,1214,79,0.5454,True
RTT-April-2026,2026-04-01,RJN,EAST CHESHIRE NHS TRUST,NHS CHESHIRE AND MERSEYSIDE INTEGRATED CARE BOARD,C_130,Ophthalmology Service,2351,1473,13,0.6265,True
RTT-April-2026,2026-04-01,RJN,EAST CHESHIRE NHS TRUST,NHS CHESHIRE AND MERSEYSIDE INTEGRATED CARE BOARD,X02,Other - Medical Services,811,575,8,0.709,False
RTT-April-2026,2026-04-01,RJN,EAST CHESHIRE NHS TRUST,NHS CHESHIRE AND MERSEYSIDE INTEGRATED CARE BOARD,X06,Other - Other Services,79,52,0,0.6582,True
RTT-April-2026,2026-04-01,RJN,EAST CHESHIRE NHS TRUST,NHS CHESHIRE AND MERSEYSIDE INTEGRATED CARE BOARD,X04,Other - Paediatric Services,319,212,2,0.6646,True
RTT-April-2026,2026-04-01,RJN,EAST CHESHIRE NHS TRUST,NHS CHESHIRE AND MERSEYSIDE INTEGRATED CARE BOARD,X05,Other - Surgical Services,917,794,1,0.8659,False
RTT-April-2026,2026-04-01,RJN,EAST CHESHIRE NHS TRUST,NHS CHESHIRE AND MERSEYSIDE INTEGRATED CARE BOARD,C_160,Plastic Surgery Service,18,17,0,0.9444,False
RTT-April-2026,2026-04-01,RJN,EAST CHESHIRE NHS TRUST,NHS CHESHIRE AND MERSEYSIDE INTEGRATED CARE BOARD,C_340,Respiratory Medicine Service,1158,552,95,0.4767,True
RTT-April-2026,2026-04-01,RJN,EAST CHESHIRE NHS TRUST,NHS CHESHIRE AND MERSEYSIDE INTEGRATED CARE BOARD,C_110,Trauma and Orthopaedic Service,1414,763,23,0.5396,True
RTT-April-2026,2026-04-01,RJN,EAST CHESHIRE NHS TRUST,NHS CHESHIRE AND MERSEYSIDE INTEGRATED CARE BOARD,C_101,Urology Service,1248,811,27,0.6498,True
RTT-April-2026,2026-04-01,RVV,EAST KENT HOSPITALS UNIVERSITY NHS FOUNDATION TRUST,NHS KENT AND MEDWAY INTEGRATED CARE BOARD,C_320,Cardiology Service,5017,2410,562,0.4804,True
RTT-April-2026,2026-04-01,RVV,EAST KENT HOSPITALS UNIVERSITY NHS FOUNDATION TRUST,NHS KENT AND MEDWAY INTEGRATED CARE BOARD,C_170,Cardiothoracic Surgery Service,2,2,0,1.0,False
RTT-April-2026,2026-04-01,RVV,EAST KENT HOSPITALS UNIVERSITY NHS FOUNDATION TRUST,NHS KENT AND MEDWAY INTEGRATED CARE BOARD,C_330,Dermatology Service,4983,3665,5,0.7355,False
RTT-April-2026,2026-04-01,RVV,EAST KENT HOSPITALS UNIVERSITY NHS FOUNDATION TRUST,NHS KENT AND MEDWAY INTEGRATED CARE BOARD,C_120,Ear Nose and Throat Service,8941,4417,169,0.494,True
RTT-April-2026,2026-04-01,RVV,EAST KENT HOSPITALS UNIVERSITY NHS FOUNDATION TRUST,NHS KENT AND MEDWAY INTEGRATED CARE BOARD,C_430,Elderly Medicine Service,283,252,1,0.8905,False
RTT-April-2026,2026-04-01,RVV,EAST KENT HOSPITALS UNIVERSITY NHS FOUNDATION TRUST,NHS KENT AND MEDWAY INTEGRATED CARE BOARD,C_301,Gastroenterology Service,5072,3166,46,0.6242,True
RTT-April-2026,2026-04-01,RVV,EAST KENT HOSPITALS UNIVERSITY NHS FOUNDATION TRUST,NHS KENT AND MEDWAY INTEGRATED CARE BOARD,C_300,General Internal Medicine Service,20,12,0,0.6,True
RTT-April-2026,2026-04-01,RVV,EAST KENT HOSPITALS UNIVERSITY NHS FOUNDATION TRUST,NHS KENT AND MEDWAY INTEGRATED CARE BOARD,C_100,General Surgery Service,8211,4809,401,0.5857,True
RTT-April-2026,2026-04-01,RVV,EAST KENT HOSPITALS UNIVERSITY NHS FOUNDATION TRUST,NHS KENT AND MEDWAY INTEGRATED CARE BOARD,C_502,Gynaecology Service,6205,3722,19,0.5998,True
RTT-April-2026,2026-04-01,RVV,EAST KENT HOSPITALS UNIVERSITY NHS FOUNDATION TRUST,NHS KENT AND MEDWAY INTEGRATED CARE BOARD,C_400,Neurology Service,1603,1252,2,0.781,False
RTT-April-2026,2026-04-01,RVV,EAST KENT HOSPITALS UNIVERSITY NHS FOUNDATION TRUST,NHS KENT AND MEDWAY INTEGRATED CARE BOARD,C_130,Ophthalmology Service,5324,3383,160,0.6354,True
RTT-April-2026,2026-04-01,RVV,EAST KENT HOSPITALS UNIVERSITY NHS FOUNDATION TRUST,NHS KENT AND MEDWAY INTEGRATED CARE BOARD,C_140,Oral Surgery Service,5261,2068,250,0.3931,True
RTT-April-2026,2026-04-01,RVV,EAST KENT HOSPITALS UNIVERSITY NHS FOUNDATION TRUST,NHS KENT AND MEDWAY INTEGRATED CARE BOARD,X02,Other - Medical Services,2961,2003,26,0.6765,True
RTT-April-2026,2026-04-01,RVV,EAST KENT HOSPITALS UNIVERSITY NHS FOUNDATION TRUST,NHS KENT AND MEDWAY INTEGRATED CARE BOARD,X06,Other - Other Services,153,90,5,0.5882,True
RTT-April-2026,2026-04-01,RVV,EAST KENT HOSPITALS UNIVERSITY NHS FOUNDATION TRUST,NHS KENT AND MEDWAY INTEGRATED CARE BOARD,X04,Other - Paediatric Services,662,650,0,0.9819,False
RTT-April-2026,2026-04-01,RVV,EAST KENT HOSPITALS UNIVERSITY NHS FOUNDATION TRUST,NHS KENT AND MEDWAY INTEGRATED CARE BOARD,X05,Other - Surgical Services,5552,2935,62,0.5286,True
RTT-April-2026,2026-04-01,RVV,EAST KENT HOSPITALS UNIVERSITY NHS FOUNDATION TRUST,NHS KENT AND MEDWAY INTEGRATED CARE BOARD,C_340,Respiratory Medicine Service,4720,2365,57,0.5011,True
RTT-April-2026,2026-04-01,RVV,EAST KENT HOSPITALS UNIVERSITY NHS FOUNDATION TRUST,NHS KENT AND MEDWAY INTEGRATED CARE BOARD,C_410,Rheumatology Service,3149,1332,37,0.423,True
RTT-April-2026,2026-04-01,RVV,EAST KENT HOSPITALS UNIVERSITY NHS FOUNDATION TRUST,NHS KENT AND MEDWAY INTEGRATED CARE BOARD,C_110,Trauma and Orthopaedic Service,8046,3688,181,0.4584,True
RTT-April-2026,2026-04-01,RVV,EAST KENT HOSPITALS UNIVERSITY NHS FOUNDATION TRUST,NHS KENT AND MEDWAY INTEGRATED CARE BOARD,C_101,Urology Service,4532,3514,9,0.7754,False
RTT-April-2026,2026-04-01,RXR,EAST LANCASHIRE HOSPITALS NHS TRUST,NHS LANCASHIRE AND SOUTH CUMBRIA INTEGRATED CARE BOARD,C_320,Cardiology Service,2002,1764,0,0.8811,False
RTT-April-2026,2026-04-01,RXR,EAST LANCASHIRE HOSPITALS NHS TRUST,NHS LANCASHIRE AND SOUTH CUMBRIA INTEGRATED CARE BOARD,C_330,Dermatology Service,2068,1193,0,0.5769,True
RTT-April-2026,2026-04-01,RXR,EAST LANCASHIRE HOSPITALS NHS TRUST,NHS LANCASHIRE AND SOUTH CUMBRIA INTEGRATED CARE BOARD,C_120,Ear Nose and Throat Service,3704,2902,0,0.7835,False
RTT-April-2026,2026-04-01,RXR,EAST LANCASHIRE HOSPITALS NHS TRUST,NHS LANCASHIRE AND SOUTH CUMBRIA INTEGRATED CARE BOARD,C_430,Elderly Medicine Service,76,75,0,0.9868,False
RTT-April-2026,2026-04-01,RXR,EAST LANCASHIRE HOSPITALS NHS TRUST,NHS LANCASHIRE AND SOUTH CUMBRIA INTEGRATED CARE BOARD,C_301,Gastroenterology Service,2407,2043,0,0.8488,False
RTT-April-2026,2026-04-01,RXR,EAST LANCASHIRE HOSPITALS NHS TRUST,NHS LANCASHIRE AND SOUTH CUMBRIA INTEGRATED CARE BOARD,C_300,General Internal Medicine Service,6,6,0,1.0,False
RTT-April-2026,2026-04-01,RXR,EAST LANCASHIRE HOSPITALS NHS TRUST,NHS LANCASHIRE AND SOUTH CUMBRIA INTEGRATED CARE BOARD,C_100,General Surgery Service,3377,2106,0,0.6236,True
RTT-April-2026,2026-04-01,RXR,EAST LANCASHIRE HOSPITALS NHS TRUST,NHS LANCASHIRE AND SOUTH CUMBRIA INTEGRATED CARE BOARD,C_502,Gynaecology Service,6742,3882,174,0.5758,True
RTT-April-2026,2026-04-01,RXR,EAST LANCASHIRE HOSPITALS NHS TRUST,NHS LANCASHIRE AND SOUTH CUMBRIA INTEGRATED CARE BOARD,C_130,Ophthalmology Service,4384,2955,37,0.674,True
RTT-April-2026,2026-04-01,RXR,EAST LANCASHIRE HOSPITALS NHS TRUST,NHS LANCASHIRE AND SOUTH CUMBRIA INTEGRATED CARE BOARD,C_140,Oral Surgery Service,4284,2355,88,0.5497,True
RTT-April-2026,2026-04-01,RXR,EAST LANCASHIRE HOSPITALS NHS TRUST,NHS LANCASHIRE AND SOUTH CUMBRIA INTEGRATED CARE BOARD,X02,Other - Medical Services,3812,2747,0,0.7206,False
RTT-April-2026,2026-04-01,RXR,EAST LANCASHIRE HOSPITALS NHS TRUST,NHS LANCASHIRE AND SOUTH CUMBRIA INTEGRATED CARE BOARD,X06,Other - Other Services,52,48,0,0.9231,False
RTT-April-2026,2026-04-01,RXR,EAST LANCASHIRE HOSPITALS NHS TRUST,NHS LANCASHIRE AND SOUTH CUMBRIA INTEGRATED CARE BOARD,X04,Other - Paediatric Services,1521,1293,2,0.8501,False
RTT-April-2026,2026-04-01,RXR,EAST LANCASHIRE HOSPITALS NHS TRUST,NHS LANCASHIRE AND SOUTH CUMBRIA INTEGRATED CARE BOARD,X05,Other - Surgical Services,2552,1879,0,0.7363,False
RTT-April-2026,2026-04-01,RXR,EAST LANCASHIRE HOSPITALS NHS TRUST,NHS LANCASHIRE AND SOUTH CUMBRIA INTEGRATED CARE BOARD,C_340,Respiratory Medicine Service,763,739,0,0.9685,False
RTT-April-2026,2026-04-01,RXR,EAST LANCASHIRE HOSPITALS NHS TRUST,NHS LANCASHIRE AND SOUTH CUMBRIA INTEGRATED CARE BOARD,C_410,Rheumatology Service,878,567,1,0.6458,True
RTT-April-2026,2026-04-01,RXR,EAST LANCASHIRE HOSPITALS NHS TRUST,NHS LANCASHIRE AND SOUTH CUMBRIA INTEGRATED CARE BOARD,C_110,Trauma and Orthopaedic Service,6411,4991,7,0.7785,False
RTT-April-2026,2026-04-01,RXR,EAST LANCASHIRE HOSPITALS NHS TRUST,NHS LANCASHIRE AND SOUTH CUMBRIA INTEGRATED CARE BOARD,C_101,Urology Service,2315,1901,0,0.8212,False
RTT-April-2026,2026-04-01,RDE,EAST SUFFOLK AND NORTH ESSEX NHS FOUNDATION TRUST,NHS ESSEX INTEGRATED CARE BOARD,C_320,Cardiology Service,3090,2327,0,0.7531,False
RTT-April-2026,2026-04-01,RDE,EAST SUFFOLK AND NORTH ESSEX NHS FOUNDATION TRUST,NHS ESSEX INTEGRATED CARE BOARD,C_330,Dermatology Service,9493,6895,1,0.7263,False
RTT-April-2026,2026-04-01,RDE,EAST SUFFOLK AND NORTH ESSEX NHS FOUNDATION TRUST,NHS ESSEX INTEGRATED CARE BOARD,C_120,Ear Nose and Throat Service,10018,5505,1,0.5495,True
RTT-April-2026,2026-04-01,RDE,EAST SUFFOLK AND NORTH ESSEX NHS FOUNDATION TRUST,NHS ESSEX INTEGRATED CARE BOARD,C_430,Elderly Medicine Service,210,205,0,0.9762,False
RTT-April-2026,2026-04-01,RDE,EAST SUFFOLK AND NORTH ESSEX NHS FOUNDATION TRUST,NHS ESSEX INTEGRATED CARE BOARD,C_301,Gastroenterology Service,3916,2613,0,0.6673,True
RTT-April-2026,2026-04-01,RDE,EAST SUFFOLK AND NORTH ESSEX NHS FOUNDATION TRUST,NHS ESSEX INTEGRATED CARE BOARD,C_300,General Internal Medicine Service,807,458,0,0.5675,True
RTT-April-2026,2026-04-01,RDE,EAST SUFFOLK AND NORTH ESSEX NHS FOUNDATION TRUST,NHS ESSEX INTEGRATED CARE BOARD,C_100,General Surgery Service,5951,3015,53,0.5066,True
RTT-April-2026,2026-04-01,RDE,EAST SUFFOLK AND NORTH ESSEX NHS FOUNDATION TRUST,NHS ESSEX INTEGRATED CARE BOARD,C_502,Gynaecology Service,8487,4838,72,0.57,True
RTT-April-2026,2026-04-01,RDE,EAST SUFFOLK AND NORTH ESSEX NHS FOUNDATION TRUST,NHS ESSEX INTEGRATED CARE BOARD,C_400,Neurology Service,3629,1870,0,0.5153,True
RTT-April-2026,2026-04-01,RDE,EAST SUFFOLK AND NORTH ESSEX NHS FOUNDATION TRUST,NHS ESSEX INTEGRATED CARE BOARD,C_130,Ophthalmology Service,8221,5700,3,0.6933,True
RTT-April-2026,2026-04-01,RDE,EAST SUFFOLK AND NORTH ESSEX NHS FOUNDATION TRUST,NHS ESSEX INTEGRATED CARE BOARD,C_140,Oral Surgery Service,3931,2046,2,0.5205,True
RTT-April-2026,2026-04-01,RDE,EAST SUFFOLK AND NORTH ESSEX NHS FOUNDATION TRUST,NHS ESSEX INTEGRATED CARE BOARD,X02,Other - Medical Services,5355,4253,0,0.7942,False
RTT-April-2026,2026-04-01,RDE,EAST SUFFOLK AND NORTH ESSEX NHS FOUNDATION TRUST,NHS ESSEX INTEGRATED CARE BOARD,X03,Other - Mental Health Services,3,3,0,1.0,False
RTT-April-2026,2026-04-01,RDE,EAST SUFFOLK AND NORTH ESSEX NHS FOUNDATION TRUST,NHS ESSEX INTEGRATED CARE BOARD,X06,Other - Other Services,1048,865,5,0.8254,False
RTT-April-2026,2026-04-01,RDE,EAST SUFFOLK AND NORTH ESSEX NHS FOUNDATION TRUST,NHS ESSEX INTEGRATED CARE BOARD,X04,Other - Paediatric Services,787,508,0,0.6455,True
RTT-April-2026,2026-04-01,RDE,EAST SUFFOLK AND NORTH ESSEX NHS FOUNDATION TRUST,NHS ESSEX INTEGRATED CARE BOARD,X05,Other - Surgical Services,6473,4309,5,0.6657,True
RTT-April-2026,2026-04-01,RDE,EAST SUFFOLK AND NORTH ESSEX NHS FOUNDATION TRUST,NHS ESSEX INTEGRATED CARE BOARD,C_160,Plastic Surgery Service,272,162,0,0.5956,True
RTT-April-2026,2026-04-01,RDE,EAST SUFFOLK AND NORTH ESSEX NHS FOUNDATION TRUST,NHS ESSEX INTEGRATED CARE BOARD,C_340,Respiratory Medicine Service,1348,976,0,0.724,False
RTT-April-2026,2026-04-01,RDE,EAST SUFFOLK AND NORTH ESSEX NHS FOUNDATION TRUST,NHS ESSEX INTEGRATED CARE BOARD,C_410,Rheumatology Service,2279,1278,0,0.5608,True
RTT-April-2026,2026-04-01,RDE,EAST SUFFOLK AND NORTH ESSEX NHS FOUNDATION TRUST,NHS ESSEX INTEGRATED CARE BOARD,C_110,Trauma and Orthopaedic Service,10153,4883,20,0.4809,True
RTT-April-2026,2026-04-01,RDE,EAST SUFFOLK AND NORTH ESSEX NHS FOUNDATION TRUST,NHS ESSEX INTEGRATED CARE BOARD,C_101,Urology Service,5955,3536,0,0.5938,True
RTT-April-2026,2026-04-01,RXC,EAST SUSSEX HEALTHCARE NHS TRUST,NHS SURREY AND SUSSEX INTEGRATED CARE BOARD,C_320,Cardiology Service,4116,2608,18,0.6336,True
RTT-April-2026,2026-04-01,RXC,EAST SUSSEX HEALTHCARE NHS TRUST,NHS SURREY AND SUSSEX INTEGRATED CARE BOARD,C_330,Dermatology Service,1578,1409,0,0.8929,False
RTT-April-2026,2026-04-01,RXC,EAST SUSSEX HEALTHCARE NHS TRUST,NHS SURREY AND SUSSEX INTEGRATED CARE BOARD,C_120,Ear Nose and Throat Service,5707,3395,7,0.5949,True
RTT-April-2026,2026-04-01,RXC,EAST SUSSEX HEALTHCARE NHS TRUST,NHS SURREY AND SUSSEX INTEGRATED CARE BOARD,C_430,Elderly Medicine Service,160,153,0,0.9562,False
RTT-April-2026,2026-04-01,RXC,EAST SUSSEX HEALTHCARE NHS TRUST,NHS SURREY AND SUSSEX INTEGRATED CARE BOARD,C_301,Gastroenterology Service,2574,1975,1,0.7673,False
RTT-April-2026,2026-04-01,RXC,EAST SUSSEX HEALTHCARE NHS TRUST,NHS SURREY AND SUSSEX INTEGRATED CARE BOARD,C_300,General Internal Medicine Service,20,18,0,0.9,False
RTT-April-2026,2026-04-01,RXC,EAST SUSSEX HEALTHCARE NHS TRUST,NHS SURREY AND SUSSEX INTEGRATED CARE BOARD,C_100,General Surgery Service,5098,3255,27,0.6385,True
RTT-April-2026,2026-04-01,RXC,EAST SUSSEX HEALTHCARE NHS TRUST,NHS SURREY AND SUSSEX INTEGRATED CARE BOARD,C_502,Gynaecology Service,5169,2458,91,0.4755,True
RTT-April-2026,2026-04-01,RXC,EAST SUSSEX HEALTHCARE NHS TRUST,NHS SURREY AND SUSSEX INTEGRATED CARE BOARD,C_400,Neurology Service,2110,1446,5,0.6853,True
RTT-April-2026,2026-04-01,RXC,EAST SUSSEX HEALTHCARE NHS TRUST,NHS SURREY AND SUSSEX INTEGRATED CARE BOARD,C_130,Ophthalmology Service,3787,3110,7,0.8212,False
RTT-April-2026,2026-04-01,RXC,EAST SUSSEX HEALTHCARE NHS TRUST,NHS SURREY AND SUSSEX INTEGRATED CARE BOARD,C_140,Oral Surgery Service,2046,1031,20,0.5039,True
RTT-April-2026,2026-04-01,RXC,EAST SUSSEX HEALTHCARE NHS TRUST,NHS SURREY AND SUSSEX INTEGRATED CARE BOARD,X02,Other - Medical Services,4085,2476,23,0.6061,True
RTT-April-2026,2026-04-01,RXC,EAST SUSSEX HEALTHCARE NHS TRUST,NHS SURREY AND SUSSEX INTEGRATED CARE BOARD,X06,Other - Other Services,992,535,0,0.5393,True
RTT-April-2026,2026-04-01,RXC,EAST SUSSEX HEALTHCARE NHS TRUST,NHS SURREY AND SUSSEX INTEGRATED CARE BOARD,X04,Other - Paediatric Services,290,218,0,0.7517,False
RTT-April-2026,2026-04-01,RXC,EAST SUSSEX HEALTHCARE NHS TRUST,NHS SURREY AND SUSSEX INTEGRATED CARE BOARD,X05,Other - Surgical Services,2356,1812,17,0.7691,False
RTT-April-2026,2026-04-01,RXC,EAST SUSSEX HEALTHCARE NHS TRUST,NHS SURREY AND SUSSEX INTEGRATED CARE BOARD,C_340,Respiratory Medicine Service,2299,1514,13,0.6585,True
RTT-April-2026,2026-04-01,RXC,EAST SUSSEX HEALTHCARE NHS TRUST,NHS SURREY AND SUSSEX INTEGRATED CARE BOARD,C_410,Rheumatology Service,869,729,1,0.8389,False
RTT-April-2026,2026-04-01,RXC,EAST SUSSEX HEALTHCARE NHS TRUST,NHS SURREY AND SUSSEX INTEGRATED CARE BOARD,C_110,Trauma and Orthopaedic Service,9536,7297,122,0.7652,False
RTT-April-2026,2026-04-01,RXC,EAST SUSSEX HEALTHCARE NHS TRUST,NHS SURREY AND SUSSEX INTEGRATED CARE BOARD,C_101,Urology Service,4715,2759,74,0.5852,True
RTT-April-2026,2026-04-01,NT445,EDGBASTON HOSPITAL,NHS BIRMINGHAM AND SOLIHULL INTEGRATED CARE BOARD,X06,Other - Other Services,1,1,0,1.0,False
RTT-April-2026,2026-04-01,M9U8M,ENDOCARE DIAGNOSTICS LTD,NHS GREATER MANCHESTER INTEGRATED CARE BOARD,C_301,Gastroenterology Service,78,78,0,1.0,False
RTT-April-2026,2026-04-01,RVR,EPSOM AND ST HELIER UNIVERSITY HOSPITALS NHS TRUST,NHS SOUTH WEST LONDON INTEGRATED CARE BOARD,C_320,Cardiology Service,5255,3833,105,0.7294,False
RTT-April-2026,2026-04-01,RVR,EPSOM AND ST HELIER UNIVERSITY HOSPITALS NHS TRUST,NHS SOUTH WEST LONDON INTEGRATED CARE BOARD,C_330,Dermatology Service,3572,1930,10,0.5403,True
RTT-April-2026,2026-04-01,RVR,EPSOM AND ST HELIER UNIVERSITY HOSPITALS NHS TRUST,NHS SOUTH WEST LONDON INTEGRATED CARE BOARD,C_120,Ear Nose and Throat Service,2355,1663,11,0.7062,False
RTT-April-2026,2026-04-01,RVR,EPSOM AND ST HELIER UNIVERSITY HOSPITALS NHS TRUST,NHS SOUTH WEST LONDON INTEGRATED CARE BOARD,C_430,Elderly Medicine Service,182,121,1,0.6648,True
RTT-April-2026,2026-04-01,RVR,EPSOM AND ST HELIER UNIVERSITY HOSPITALS NHS TRUST,NHS SOUTH WEST LONDON INTEGRATED CARE BOARD,C_301,Gastroenterology Service,3573,2204,62,0.6168,True
RTT-April-2026,2026-04-01,RVR,EPSOM AND ST HELIER UNIVERSITY HOSPITALS NHS TRUST,NHS SOUTH WEST LONDON INTEGRATED CARE BOARD,C_300,General Internal Medicine Service,923,457,1,0.4951,True
RTT-April-2026,2026-04-01,RVR,EPSOM AND ST HELIER UNIVERSITY HOSPITALS NHS TRUST,NHS SOUTH WEST LONDON INTEGRATED CARE BOARD,C_100,General Surgery Service,2778,1605,39,0.5778,True
RTT-April-2026,2026-04-01,RVR,EPSOM AND ST HELIER UNIVERSITY HOSPITALS NHS TRUST,NHS SOUTH WEST LONDON INTEGRATED CARE BOARD,C_502,Gynaecology Service,6089,3641,69,0.598,True
RTT-April-2026,2026-04-01,RVR,EPSOM AND ST HELIER UNIVERSITY HOSPITALS NHS TRUST,NHS SOUTH WEST LONDON INTEGRATED CARE BOARD,C_400,Neurology Service,1820,980,36,0.5385,True
RTT-April-2026,2026-04-01,RVR,EPSOM AND ST HELIER UNIVERSITY HOSPITALS NHS TRUST,NHS SOUTH WEST LONDON INTEGRATED CARE BOARD,C_150,Neurosurgical Service,1,1,0,1.0,False
RTT-April-2026,2026-04-01,RVR,EPSOM AND ST HELIER UNIVERSITY HOSPITALS NHS TRUST,NHS SOUTH WEST LONDON INTEGRATED CARE BOARD,C_130,Ophthalmology Service,2473,2303,0,0.9313,False
RTT-April-2026,2026-04-01,RVR,EPSOM AND ST HELIER UNIVERSITY HOSPITALS NHS TRUST,NHS SOUTH WEST LONDON INTEGRATED CARE BOARD,C_140,Oral Surgery Service,2152,1478,8,0.6868,True
RTT-April-2026,2026-04-01,RVR,EPSOM AND ST HELIER UNIVERSITY HOSPITALS NHS TRUST,NHS SOUTH WEST LONDON INTEGRATED CARE BOARD,X02,Other - Medical Services,8748,6346,24,0.7254,False
RTT-April-2026,2026-04-01,RVR,EPSOM AND ST HELIER UNIVERSITY HOSPITALS NHS TRUST,NHS SOUTH WEST LONDON INTEGRATED CARE BOARD,X03,Other - Mental Health Services,71,37,1,0.5211,True
RTT-April-2026,2026-04-01,RVR,EPSOM AND ST HELIER UNIVERSITY HOSPITALS NHS TRUST,NHS SOUTH WEST LONDON INTEGRATED CARE BOARD,X06,Other - Other Services,920,571,4,0.6207,True
RTT-April-2026,2026-04-01,RVR,EPSOM AND ST HELIER UNIVERSITY HOSPITALS NHS TRUST,NHS SOUTH WEST LONDON INTEGRATED CARE BOARD,X04,Other - Paediatric Services,5558,3834,10,0.6898,True
RTT-April-2026,2026-04-01,RVR,EPSOM AND ST HELIER UNIVERSITY HOSPITALS NHS TRUST,NHS SOUTH WEST LONDON INTEGRATED CARE BOARD,X05,Other - Surgical Services,2116,1432,17,0.6767,True
RTT-April-2026,2026-04-01,RVR,EPSOM AND ST HELIER UNIVERSITY HOSPITALS NHS TRUST,NHS SOUTH WEST LONDON INTEGRATED CARE BOARD,C_340,Respiratory Medicine Service,1242,835,37,0.6723,True
RTT-April-2026,2026-04-01,RVR,EPSOM AND ST HELIER UNIVERSITY HOSPITALS NHS TRUST,NHS SOUTH WEST LONDON INTEGRATED CARE BOARD,C_410,Rheumatology Service,594,435,4,0.7323,False
RTT-April-2026,2026-04-01,RVR,EPSOM AND ST HELIER UNIVERSITY HOSPITALS NHS TRUST,NHS SOUTH WEST LONDON INTEGRATED CARE BOARD,C_110,Trauma and Orthopaedic Service,6337,4045,21,0.6383,True
RTT-April-2026,2026-04-01,RVR,EPSOM AND ST HELIER UNIVERSITY HOSPITALS NHS TRUST,NHS SOUTH WEST LONDON INTEGRATED CARE BOARD,C_101,Urology Service,2088,1418,15,0.6791,True
RTT-April-2026,2026-04-01,NVM,EPSOMEDICAL GROUP,NHS SURREY AND SUSSEX INTEGRATED CARE BOARD,C_320,Cardiology Service,28,23,0,0.8214,False
RTT-April-2026,2026-04-01,NVM,EPSOMEDICAL GROUP,NHS SURREY AND SUSSEX INTEGRATED CARE BOARD,C_330,Dermatology Service,807,692,5,0.8575,False
RTT-April-2026,2026-04-01,NVM,EPSOMEDICAL GROUP,NHS SURREY AND SUSSEX INTEGRATED CARE BOARD,C_120,Ear Nose and Throat Service,304,280,1,0.9211,False
RTT-April-2026,2026-04-01,NVM,EPSOMEDICAL GROUP,NHS SURREY AND SUSSEX INTEGRATED CARE BOARD,C_301,Gastroenterology Service,471,264,13,0.5605,True
RTT-April-2026,2026-04-01,NVM,EPSOMEDICAL GROUP,NHS SURREY AND SUSSEX INTEGRATED CARE BOARD,C_100,General Surgery Service,241,183,5,0.7593,False
RTT-April-2026,2026-04-01,NVM,EPSOMEDICAL GROUP,NHS SURREY AND SUSSEX INTEGRATED CARE BOARD,C_502,Gynaecology Service,226,198,1,0.8761,False
RTT-April-2026,2026-04-01,NVM,EPSOMEDICAL GROUP,NHS SURREY AND SUSSEX INTEGRATED CARE BOARD,C_130,Ophthalmology Service,401,395,0,0.985,False
RTT-April-2026,2026-04-01,NVM,EPSOMEDICAL GROUP,NHS SURREY AND SUSSEX INTEGRATED CARE BOARD,X05,Other - Surgical Services,87,74,1,0.8506,False
RTT-April-2026,2026-04-01,NVM,EPSOMEDICAL GROUP,NHS SURREY AND SUSSEX INTEGRATED CARE BOARD,C_160,Plastic Surgery Service,340,216,6,0.6353,True
RTT-April-2026,2026-04-01,NVM,EPSOMEDICAL GROUP,NHS SURREY AND SUSSEX INTEGRATED CARE BOARD,C_340,Respiratory Medicine Service,51,30,0,0.5882,True
RTT-April-2026,2026-04-01,NVM,EPSOMEDICAL GROUP,NHS SURREY AND SUSSEX INTEGRATED CARE BOARD,C_410,Rheumatology Service,56,51,0,0.9107,False
RTT-April-2026,2026-04-01,NVM,EPSOMEDICAL GROUP,NHS SURREY AND SUSSEX INTEGRATED CARE BOARD,C_110,Trauma and Orthopaedic Service,77,73,0,0.9481,False
RTT-April-2026,2026-04-01,NVM,EPSOMEDICAL GROUP,NHS SURREY AND SUSSEX INTEGRATED CARE BOARD,C_101,Urology Service,121,101,7,0.8347,False
RTT-April-2026,2026-04-01,NVC05,EUXTON HALL HOSPITAL,NHS LANCASHIRE AND SOUTH CUMBRIA INTEGRATED CARE BOARD,C_120,Ear Nose and Throat Service,25,22,0,0.88,False
RTT-April-2026,2026-04-01,NVC05,EUXTON HALL HOSPITAL,NHS LANCASHIRE AND SOUTH CUMBRIA INTEGRATED CARE BOARD,C_301,Gastroenterology Service,3,3,0,1.0,False
RTT-April-2026,2026-04-01,NVC05,EUXTON HALL HOSPITAL,NHS LANCASHIRE AND SOUTH CUMBRIA INTEGRATED CARE BOARD,C_100,General Surgery Service,883,644,0,0.7293,False
RTT-April-2026,2026-04-01,NVC05,EUXTON HALL HOSPITAL,NHS LANCASHIRE AND SOUTH CUMBRIA INTEGRATED CARE BOARD,C_502,Gynaecology Service,212,91,3,0.4292,True
RTT-April-2026,2026-04-01,NVC05,EUXTON HALL HOSPITAL,NHS LANCASHIRE AND SOUTH CUMBRIA INTEGRATED CARE BOARD,X02,Other - Medical Services,79,59,0,0.7468,False
RTT-April-2026,2026-04-01,NVC05,EUXTON HALL HOSPITAL,NHS LANCASHIRE AND SOUTH CUMBRIA INTEGRATED CARE BOARD,X06,Other - Other Services,1,0,0,0.0,True
RTT-April-2026,2026-04-01,NVC05,EUXTON HALL HOSPITAL,NHS LANCASHIRE AND SOUTH CUMBRIA INTEGRATED CARE BOARD,X05,Other - Surgical Services,1,0,0,0.0,True
RTT-April-2026,2026-04-01,NVC05,EUXTON HALL HOSPITAL,NHS LANCASHIRE AND SOUTH CUMBRIA INTEGRATED CARE BOARD,C_160,Plastic Surgery Service,1,1,0,1.0,False
RTT-April-2026,2026-04-01,NVC05,EUXTON HALL HOSPITAL,NHS LANCASHIRE AND SOUTH CUMBRIA INTEGRATED CARE BOARD,C_410,Rheumatology Service,1,1,0,1.0,False
RTT-April-2026,2026-04-01,NVC05,EUXTON HALL HOSPITAL,NHS LANCASHIRE AND SOUTH CUMBRIA INTEGRATED CARE BOARD,C_110,Trauma and Orthopaedic Service,2136,1327,2,0.6213,True
RTT-April-2026,2026-04-01,NVC05,EUXTON HALL HOSPITAL,NHS LANCASHIRE AND SOUTH CUMBRIA INTEGRATED CARE BOARD,C_101,Urology Service,8,8,0,1.0,False
RTT-April-2026,2026-04-01,NVC0Y,EXETER MEDICAL,NHS DEVON INTEGRATED CARE BOARD,C_330,Dermatology Service,21,12,1,0.5714,True
RTT-April-2026,2026-04-01,NVC0Y,EXETER MEDICAL,NHS DEVON INTEGRATED CARE BOARD,C_160,Plastic Surgery Service,34,26,0,0.7647,False
RTT-April-2026,2026-04-01,NVC0Y,EXETER MEDICAL,NHS DEVON INTEGRATED CARE BOARD,C_110,Trauma and Orthopaedic Service,49,42,1,0.8571,False
RTT-April-2026,2026-04-01,NVC0Y,EXETER MEDICAL,NHS DEVON INTEGRATED CARE BOARD,C_101,Urology Service,168,148,0,0.881,False
RTT-April-2026,2026-04-01,ACM,EYE CARE MEDICAL LTD,NHS CHESHIRE AND MERSEYSIDE INTEGRATED CARE BOARD,C_130,Ophthalmology Service,8,8,0,1.0,False
RTT-April-2026,2026-04-01,Y9S1N,FAIRFIELD INDEPENDENT HOSPITAL,NHS CHESHIRE AND MERSEYSIDE INTEGRATED CARE BOARD,C_120,Ear Nose and Throat Service,216,174,1,0.8056,False
RTT-April-2026,2026-04-01,Y9S1N,FAIRFIELD INDEPENDENT HOSPITAL,NHS CHESHIRE AND MERSEYSIDE INTEGRATED CARE BOARD,C_301,Gastroenterology Service,125,107,1,0.856,False
RTT-April-2026,2026-04-01,Y9S1N,FAIRFIELD INDEPENDENT HOSPITAL,NHS CHESHIRE AND MERSEYSIDE INTEGRATED CARE BOARD,C_100,General Surgery Service,428,344,5,0.8037,False
RTT-April-2026,2026-04-01,Y9S1N,FAIRFIELD INDEPENDENT HOSPITAL,NHS CHESHIRE AND MERSEYSIDE INTEGRATED CARE BOARD,C_130,Ophthalmology Service,47,34,0,0.7234,False
RTT-April-2026,2026-04-01,Y9S1N,FAIRFIELD INDEPENDENT HOSPITAL,NHS CHESHIRE AND MERSEYSIDE INTEGRATED CARE BOARD,C_110,Trauma and Orthopaedic Service,640,327,19,0.5109,True
RTT-April-2026,2026-04-01,Y9S1N,FAIRFIELD INDEPENDENT HOSPITAL,NHS CHESHIRE AND MERSEYSIDE INTEGRATED CARE BOARD,C_101,Urology Service,238,147,4,0.6176,True
RTT-April-2026,2026-04-01,NDJ,FIRST COMMUNITY HEALTH AND CARE CIC,NHS SURREY AND SUSSEX INTEGRATED CARE BOARD,C_110,Trauma and Orthopaedic Service,846,816,0,0.9645,False
RTT-April-2026,2026-04-01,NVC06,FITZWILLIAM HOSPITAL,NHS CENTRAL EAST INTEGRATED CARE BOARD,C_301,Gastroenterology Service,135,87,0,0.6444,True
RTT-April-2026,2026-04-01,NVC06,FITZWILLIAM HOSPITAL,NHS CENTRAL EAST INTEGRATED CARE BOARD,C_300,General Internal Medicine Service,20,7,1,0.35,True
RTT-April-2026,2026-04-01,NVC06,FITZWILLIAM HOSPITAL,NHS CENTRAL EAST INTEGRATED CARE BOARD,C_100,General Surgery Service,467,246,3,0.5268,True
RTT-April-2026,2026-04-01,NVC06,FITZWILLIAM HOSPITAL,NHS CENTRAL EAST INTEGRATED CARE BOARD,C_502,Gynaecology Service,642,324,9,0.5047,True
RTT-April-2026,2026-04-01,NVC06,FITZWILLIAM HOSPITAL,NHS CENTRAL EAST INTEGRATED CARE BOARD,C_130,Ophthalmology Service,207,164,0,0.7923,False
RTT-April-2026,2026-04-01,NVC06,FITZWILLIAM HOSPITAL,NHS CENTRAL EAST INTEGRATED CARE BOARD,X02,Other - Medical Services,684,335,7,0.4898,True
RTT-April-2026,2026-04-01,NVC06,FITZWILLIAM HOSPITAL,NHS CENTRAL EAST INTEGRATED CARE BOARD,X06,Other - Other Services,27,11,0,0.4074,True
RTT-April-2026,2026-04-01,NVC06,FITZWILLIAM HOSPITAL,NHS CENTRAL EAST INTEGRATED CARE BOARD,C_410,Rheumatology Service,1,0,0,0.0,True
RTT-April-2026,2026-04-01,NVC06,FITZWILLIAM HOSPITAL,NHS CENTRAL EAST INTEGRATED CARE BOARD,C_110,Trauma and Orthopaedic Service,4255,1886,83,0.4432,True
RTT-April-2026,2026-04-01,NVC06,FITZWILLIAM HOSPITAL,NHS CENTRAL EAST INTEGRATED CARE BOARD,C_101,Urology Service,174,123,0,0.7069,False
RTT-April-2026,2026-04-01,RDU,FRIMLEY HEALTH NHS FOUNDATION TRUST,NHS SURREY AND SUSSEX INTEGRATED CARE BOARD,C_320,Cardiology Service,3461,2441,0,0.7053,False
RTT-April-2026,2026-04-01,RDU,FRIMLEY HEALTH NHS FOUNDATION TRUST,NHS SURREY AND SUSSEX INTEGRATED CARE BOARD,C_330,Dermatology Service,3726,2536,1,0.6806,True
RTT-April-2026,2026-04-01,RDU,FRIMLEY HEALTH NHS FOUNDATION TRUST,NHS SURREY AND SUSSEX INTEGRATED CARE BOARD,C_120,Ear Nose and Throat Service,5270,3488,61,0.6619,True
RTT-April-2026,2026-04-01,RDU,FRIMLEY HEALTH NHS FOUNDATION TRUST,NHS SURREY AND SUSSEX INTEGRATED CARE BOARD,C_430,Elderly Medicine Service,56,51,0,0.9107,False
RTT-April-2026,2026-04-01,RDU,FRIMLEY HEALTH NHS FOUNDATION TRUST,NHS SURREY AND SUSSEX INTEGRATED CARE BOARD,C_301,Gastroenterology Service,1839,1274,3,0.6928,True
RTT-April-2026,2026-04-01,RDU,FRIMLEY HEALTH NHS FOUNDATION TRUST,NHS SURREY AND SUSSEX INTEGRATED CARE BOARD,C_300,General Internal Medicine Service,2,2,0,1.0,False
RTT-April-2026,2026-04-01,RDU,FRIMLEY HEALTH NHS FOUNDATION TRUST,NHS SURREY AND SUSSEX INTEGRATED CARE BOARD,C_100,General Surgery Service,646,411,13,0.6362,True
RTT-April-2026,2026-04-01,RDU,FRIMLEY HEALTH NHS FOUNDATION TRUST,NHS SURREY AND SUSSEX INTEGRATED CARE BOARD,C_502,Gynaecology Service,3853,2709,38,0.7031,False
RTT-April-2026,2026-04-01,RDU,FRIMLEY HEALTH NHS FOUNDATION TRUST,NHS SURREY AND SUSSEX INTEGRATED CARE BOARD,C_400,Neurology Service,3570,1492,157,0.4179,True
RTT-April-2026,2026-04-01,RDU,FRIMLEY HEALTH NHS FOUNDATION TRUST,NHS SURREY AND SUSSEX INTEGRATED CARE BOARD,C_130,Ophthalmology Service,4372,3162,1,0.7232,False
RTT-April-2026,2026-04-01,RDU,FRIMLEY HEALTH NHS FOUNDATION TRUST,NHS SURREY AND SUSSEX INTEGRATED CARE BOARD,C_140,Oral Surgery Service,2716,1062,107,0.391,True
RTT-April-2026,2026-04-01,RDU,FRIMLEY HEALTH NHS FOUNDATION TRUST,NHS SURREY AND SUSSEX INTEGRATED CARE BOARD,X02,Other - Medical Services,5725,3640,2,0.6358,True
RTT-April-2026,2026-04-01,RDU,FRIMLEY HEALTH NHS FOUNDATION TRUST,NHS SURREY AND SUSSEX INTEGRATED CARE BOARD,X03,Other - Mental Health Services,1,1,0,1.0,False
RTT-April-2026,2026-04-01,RDU,FRIMLEY HEALTH NHS FOUNDATION TRUST,NHS SURREY AND SUSSEX INTEGRATED CARE BOARD,X06,Other - Other Services,769,385,2,0.5007,True
RTT-April-2026,2026-04-01,RDU,FRIMLEY HEALTH NHS FOUNDATION TRUST,NHS SURREY AND SUSSEX INTEGRATED CARE BOARD,X04,Other - Paediatric Services,776,407,18,0.5245,True
RTT-April-2026,2026-04-01,RDU,FRIMLEY HEALTH NHS FOUNDATION TRUST,NHS SURREY AND SUSSEX INTEGRATED CARE BOARD,X05,Other - Surgical Services,8039,4985,53,0.6201,True
RTT-April-2026,2026-04-01,RDU,FRIMLEY HEALTH NHS FOUNDATION TRUST,NHS SURREY AND SUSSEX INTEGRATED CARE BOARD,C_160,Plastic Surgery Service,2664,1219,12,0.4576,True
RTT-April-2026,2026-04-01,RDU,FRIMLEY HEALTH NHS FOUNDATION TRUST,NHS SURREY AND SUSSEX INTEGRATED CARE BOARD,C_340,Respiratory Medicine Service,1677,1496,0,0.8921,False
RTT-April-2026,2026-04-01,RDU,FRIMLEY HEALTH NHS FOUNDATION TRUST,NHS SURREY AND SUSSEX INTEGRATED CARE BOARD,C_410,Rheumatology Service,522,475,0,0.91,False
RTT-April-2026,2026-04-01,RDU,FRIMLEY HEALTH NHS FOUNDATION TRUST,NHS SURREY AND SUSSEX INTEGRATED CARE BOARD,C_110,Trauma and Orthopaedic Service,11708,6024,178,0.5145,True
RTT-April-2026,2026-04-01,RDU,FRIMLEY HEALTH NHS FOUNDATION TRUST,NHS SURREY AND SUSSEX INTEGRATED CARE BOARD,C_101,Urology Service,4730,2923,16,0.618,True
RTT-April-2026,2026-04-01,NVC07,FULWOOD HALL HOSPITAL,NHS LANCASHIRE AND SOUTH CUMBRIA INTEGRATED CARE BOARD,C_301,Gastroenterology Service,2,2,0,1.0,False
RTT-April-2026,2026-04-01,NVC07,FULWOOD HALL HOSPITAL,NHS LANCASHIRE AND SOUTH CUMBRIA INTEGRATED CARE BOARD,C_100,General Surgery Service,574,455,0,0.7927,False
RTT-April-2026,2026-04-01,NVC07,FULWOOD HALL HOSPITAL,NHS LANCASHIRE AND SOUTH CUMBRIA INTEGRATED CARE BOARD,C_502,Gynaecology Service,593,310,4,0.5228,True
RTT-April-2026,2026-04-01,NVC07,FULWOOD HALL HOSPITAL,NHS LANCASHIRE AND SOUTH CUMBRIA INTEGRATED CARE BOARD,C_130,Ophthalmology Service,330,277,0,0.8394,False
RTT-April-2026,2026-04-01,NVC07,FULWOOD HALL HOSPITAL,NHS LANCASHIRE AND SOUTH CUMBRIA INTEGRATED CARE BOARD,X02,Other - Medical Services,42,41,0,0.9762,False
RTT-April-2026,2026-04-01,NVC07,FULWOOD HALL HOSPITAL,NHS LANCASHIRE AND SOUTH CUMBRIA INTEGRATED CARE BOARD,X05,Other - Surgical Services,2,2,0,1.0,False
RTT-April-2026,2026-04-01,NVC07,FULWOOD HALL HOSPITAL,NHS LANCASHIRE AND SOUTH CUMBRIA INTEGRATED CARE BOARD,C_160,Plastic Surgery Service,5,5,0,1.0,False
RTT-April-2026,2026-04-01,NVC07,FULWOOD HALL HOSPITAL,NHS LANCASHIRE AND SOUTH CUMBRIA INTEGRATED CARE BOARD,C_110,Trauma and Orthopaedic Service,2396,1662,8,0.6937,True
RTT-April-2026,2026-04-01,NVC07,FULWOOD HALL HOSPITAL,NHS LANCASHIRE AND SOUTH CUMBRIA INTEGRATED CARE BOARD,C_101,Urology Service,475,354,0,0.7453,False
RTT-April-2026,2026-04-01,RR7,GATESHEAD HEALTH NHS FOUNDATION TRUST,NHS NORTH EAST AND NORTH CUMBRIA INTEGRATED CARE BOARD,C_320,Cardiology Service,845,608,0,0.7195,False
RTT-April-2026,2026-04-01,RR7,GATESHEAD HEALTH NHS FOUNDATION TRUST,NHS NORTH EAST AND NORTH CUMBRIA INTEGRATED CARE BOARD,C_430,Elderly Medicine Service,197,186,0,0.9442,False
RTT-April-2026,2026-04-01,RR7,GATESHEAD HEALTH NHS FOUNDATION TRUST,NHS NORTH EAST AND NORTH CUMBRIA INTEGRATED CARE BOARD,C_301,Gastroenterology Service,801,704,0,0.8789,False
RTT-April-2026,2026-04-01,RR7,GATESHEAD HEALTH NHS FOUNDATION TRUST,NHS NORTH EAST AND NORTH CUMBRIA INTEGRATED CARE BOARD,C_300,General Internal Medicine Service,23,12,0,0.5217,True
RTT-April-2026,2026-04-01,RR7,GATESHEAD HEALTH NHS FOUNDATION TRUST,NHS NORTH EAST AND NORTH CUMBRIA INTEGRATED CARE BOARD,C_100,General Surgery Service,2291,2114,0,0.9227,False
RTT-April-2026,2026-04-01,RR7,GATESHEAD HEALTH NHS FOUNDATION TRUST,NHS NORTH EAST AND NORTH CUMBRIA INTEGRATED CARE BOARD,C_502,Gynaecology Service,2005,1267,0,0.6319,True
RTT-April-2026,2026-04-01,RR7,GATESHEAD HEALTH NHS FOUNDATION TRUST,NHS NORTH EAST AND NORTH CUMBRIA INTEGRATED CARE BOARD,X02,Other - Medical Services,1483,1310,0,0.8833,False
RTT-April-2026,2026-04-01,RR7,GATESHEAD HEALTH NHS FOUNDATION TRUST,NHS NORTH EAST AND NORTH CUMBRIA INTEGRATED CARE BOARD,X03,Other - Mental Health Services,69,65,0,0.942,False
RTT-April-2026,2026-04-01,RR7,GATESHEAD HEALTH NHS FOUNDATION TRUST,NHS NORTH EAST AND NORTH CUMBRIA INTEGRATED CARE BOARD,X06,Other - Other Services,802,597,0,0.7444,False
RTT-April-2026,2026-04-01,RR7,GATESHEAD HEALTH NHS FOUNDATION TRUST,NHS NORTH EAST AND NORTH CUMBRIA INTEGRATED CARE BOARD,X05,Other - Surgical Services,19,14,0,0.7368,False
RTT-April-2026,2026-04-01,RR7,GATESHEAD HEALTH NHS FOUNDATION TRUST,NHS NORTH EAST AND NORTH CUMBRIA INTEGRATED CARE BOARD,C_340,Respiratory Medicine Service,391,328,0,0.8389,False
RTT-April-2026,2026-04-01,RR7,GATESHEAD HEALTH NHS FOUNDATION TRUST,NHS NORTH EAST AND NORTH CUMBRIA INTEGRATED CARE BOARD,C_410,Rheumatology Service,395,316,0,0.8,False
RTT-April-2026,2026-04-01,RR7,GATESHEAD HEALTH NHS FOUNDATION TRUST,NHS NORTH EAST AND NORTH CUMBRIA INTEGRATED CARE BOARD,C_110,Trauma and Orthopaedic Service,1695,1026,3,0.6053,True
RTT-April-2026,2026-04-01,RR7,GATESHEAD HEALTH NHS FOUNDATION TRUST,NHS NORTH EAST AND NORTH CUMBRIA INTEGRATED CARE BOARD,C_101,Urology Service,796,478,6,0.6005,True
RTT-April-2026,2026-04-01,RLT,GEORGE ELIOT HOSPITAL NHS TRUST,NHS COVENTRY AND WARWICKSHIRE INTEGRATED CARE BOARD,C_320,Cardiology Service,1296,1005,4,0.7755,False
RTT-April-2026,2026-04-01,RLT,GEORGE ELIOT HOSPITAL NHS TRUST,NHS COVENTRY AND WARWICKSHIRE INTEGRATED CARE BOARD,C_120,Ear Nose and Throat Service,2244,913,76,0.4069,True
RTT-April-2026,2026-04-01,RLT,GEORGE ELIOT HOSPITAL NHS TRUST,NHS COVENTRY AND WARWICKSHIRE INTEGRATED CARE BOARD,C_430,Elderly Medicine Service,88,73,0,0.8295,False
RTT-April-2026,2026-04-01,RLT,GEORGE ELIOT HOSPITAL NHS TRUST,NHS COVENTRY AND WARWICKSHIRE INTEGRATED CARE BOARD,C_301,Gastroenterology Service,1228,951,0,0.7744,False
RTT-April-2026,2026-04-01,RLT,GEORGE ELIOT HOSPITAL NHS TRUST,NHS COVENTRY AND WARWICKSHIRE INTEGRATED CARE BOARD,C_300,General Internal Medicine Service,282,246,0,0.8723,False
RTT-April-2026,2026-04-01,RLT,GEORGE ELIOT HOSPITAL NHS TRUST,NHS COVENTRY AND WARWICKSHIRE INTEGRATED CARE BOARD,C_100,General Surgery Service,1386,750,4,0.5411,True
RTT-April-2026,2026-04-01,RLT,GEORGE ELIOT HOSPITAL NHS TRUST,NHS COVENTRY AND WARWICKSHIRE INTEGRATED CARE BOARD,C_502,Gynaecology Service,1749,1113,13,0.6364,True
RTT-April-2026,2026-04-01,RLT,GEORGE ELIOT HOSPITAL NHS TRUST,NHS COVENTRY AND WARWICKSHIRE INTEGRATED CARE BOARD,C_130,Ophthalmology Service,961,715,8,0.744,False
RTT-April-2026,2026-04-01,RLT,GEORGE ELIOT HOSPITAL NHS TRUST,NHS COVENTRY AND WARWICKSHIRE INTEGRATED CARE BOARD,C_140,Oral Surgery Service,1136,577,3,0.5079,True
RTT-April-2026,2026-04-01,RLT,GEORGE ELIOT HOSPITAL NHS TRUST,NHS COVENTRY AND WARWICKSHIRE INTEGRATED CARE BOARD,X02,Other - Medical Services,847,722,0,0.8524,False
RTT-April-2026,2026-04-01,RLT,GEORGE ELIOT HOSPITAL NHS TRUST,NHS COVENTRY AND WARWICKSHIRE INTEGRATED CARE BOARD,X06,Other - Other Services,1977,839,13,0.4244,True
RTT-April-2026,2026-04-01,RLT,GEORGE ELIOT HOSPITAL NHS TRUST,NHS COVENTRY AND WARWICKSHIRE INTEGRATED CARE BOARD,X04,Other - Paediatric Services,494,393,1,0.7955,False
RTT-April-2026,2026-04-01,RLT,GEORGE ELIOT HOSPITAL NHS TRUST,NHS COVENTRY AND WARWICKSHIRE INTEGRATED CARE BOARD,X05,Other - Surgical Services,1070,854,2,0.7981,False
RTT-April-2026,2026-04-01,RLT,GEORGE ELIOT HOSPITAL NHS TRUST,NHS COVENTRY AND WARWICKSHIRE INTEGRATED CARE BOARD,C_160,Plastic Surgery Service,107,97,1,0.9065,False
RTT-April-2026,2026-04-01,RLT,GEORGE ELIOT HOSPITAL NHS TRUST,NHS COVENTRY AND WARWICKSHIRE INTEGRATED CARE BOARD,C_340,Respiratory Medicine Service,627,480,0,0.7656,False
RTT-April-2026,2026-04-01,RLT,GEORGE ELIOT HOSPITAL NHS TRUST,NHS COVENTRY AND WARWICKSHIRE INTEGRATED CARE BOARD,C_410,Rheumatology Service,293,273,0,0.9317,False
RTT-April-2026,2026-04-01,RLT,GEORGE ELIOT HOSPITAL NHS TRUST,NHS COVENTRY AND WARWICKSHIRE INTEGRATED CARE BOARD,C_110,Trauma and Orthopaedic Service,1959,1435,1,0.7325,False
RTT-April-2026,2026-04-01,RLT,GEORGE ELIOT HOSPITAL NHS TRUST,NHS COVENTRY AND WARWICKSHIRE INTEGRATED CARE BOARD,C_101,Urology Service,1825,1186,7,0.6499,True
RTT-April-2026,2026-04-01,K8I4X,GLENDON WOOD HOSPITAL,NHS NORTHAMPTONSHIRE INTEGRATED CARE BOARD,C_120,Ear Nose and Throat Service,1,1,0,1.0,False
RTT-April-2026,2026-04-01,K8I4X,GLENDON WOOD HOSPITAL,NHS NORTHAMPTONSHIRE INTEGRATED CARE BOARD,C_301,Gastroenterology Service,165,143,0,0.8667,False
RTT-April-2026,2026-04-01,K8I4X,GLENDON WOOD HOSPITAL,NHS NORTHAMPTONSHIRE INTEGRATED CARE BOARD,C_100,General Surgery Service,208,133,0,0.6394,True
RTT-April-2026,2026-04-01,K8I4X,GLENDON WOOD HOSPITAL,NHS NORTHAMPTONSHIRE INTEGRATED CARE BOARD,C_502,Gynaecology Service,1,1,0,1.0,False
RTT-April-2026,2026-04-01,K8I4X,GLENDON WOOD HOSPITAL,NHS NORTHAMPTONSHIRE INTEGRATED CARE BOARD,C_130,Ophthalmology Service,509,455,0,0.8939,False
RTT-April-2026,2026-04-01,K8I4X,GLENDON WOOD HOSPITAL,NHS NORTHAMPTONSHIRE INTEGRATED CARE BOARD,X02,Other - Medical Services,17,14,0,0.8235,False
RTT-April-2026,2026-04-01,K8I4X,GLENDON WOOD HOSPITAL,NHS NORTHAMPTONSHIRE INTEGRATED CARE BOARD,X06,Other - Other Services,3,2,0,0.6667,True
RTT-April-2026,2026-04-01,K8I4X,GLENDON WOOD HOSPITAL,NHS NORTHAMPTONSHIRE INTEGRATED CARE BOARD,C_110,Trauma and Orthopaedic Service,400,283,0,0.7075,False
RTT-April-2026,2026-04-01,K8I4X,GLENDON WOOD HOSPITAL,NHS NORTHAMPTONSHIRE INTEGRATED CARE BOARD,C_101,Urology Service,23,1,0,0.0435,True
RTT-April-2026,2026-04-01,RTE,GLOUCESTERSHIRE HOSPITALS NHS FOUNDATION TRUST,NHS GLOUCESTERSHIRE INTEGRATED CARE BOARD,C_320,Cardiology Service,7262,5689,0,0.7834,False
RTT-April-2026,2026-04-01,RTE,GLOUCESTERSHIRE HOSPITALS NHS FOUNDATION TRUST,NHS GLOUCESTERSHIRE INTEGRATED CARE BOARD,C_170,Cardiothoracic Surgery Service,33,33,0,1.0,False
RTT-April-2026,2026-04-01,RTE,GLOUCESTERSHIRE HOSPITALS NHS FOUNDATION TRUST,NHS GLOUCESTERSHIRE INTEGRATED CARE BOARD,C_330,Dermatology Service,4606,3147,0,0.6832,True
RTT-April-2026,2026-04-01,RTE,GLOUCESTERSHIRE HOSPITALS NHS FOUNDATION TRUST,NHS GLOUCESTERSHIRE INTEGRATED CARE BOARD,C_120,Ear Nose and Throat Service,5412,3262,0,0.6027,True
RTT-April-2026,2026-04-01,RTE,GLOUCESTERSHIRE HOSPITALS NHS FOUNDATION TRUST,NHS GLOUCESTERSHIRE INTEGRATED CARE BOARD,C_430,Elderly Medicine Service,293,261,0,0.8908,False
RTT-April-2026,2026-04-01,RTE,GLOUCESTERSHIRE HOSPITALS NHS FOUNDATION TRUST,NHS GLOUCESTERSHIRE INTEGRATED CARE BOARD,C_301,Gastroenterology Service,4863,4363,0,0.8972,False
RTT-April-2026,2026-04-01,RTE,GLOUCESTERSHIRE HOSPITALS NHS FOUNDATION TRUST,NHS GLOUCESTERSHIRE INTEGRATED CARE BOARD,C_300,General Internal Medicine Service,269,248,0,0.9219,False
RTT-April-2026,2026-04-01,RTE,GLOUCESTERSHIRE HOSPITALS NHS FOUNDATION TRUST,NHS GLOUCESTERSHIRE INTEGRATED CARE BOARD,C_100,General Surgery Service,1,1,0,1.0,False
RTT-April-2026,2026-04-01,RTE,GLOUCESTERSHIRE HOSPITALS NHS FOUNDATION TRUST,NHS GLOUCESTERSHIRE INTEGRATED CARE BOARD,C_502,Gynaecology Service,4172,2854,0,0.6841,True
RTT-April-2026,2026-04-01,RTE,GLOUCESTERSHIRE HOSPITALS NHS FOUNDATION TRUST,NHS GLOUCESTERSHIRE INTEGRATED CARE BOARD,C_400,Neurology Service,1964,1400,1,0.7128,False
RTT-April-2026,2026-04-01,RTE,GLOUCESTERSHIRE HOSPITALS NHS FOUNDATION TRUST,NHS GLOUCESTERSHIRE INTEGRATED CARE BOARD,C_130,Ophthalmology Service,3494,2975,0,0.8515,False
RTT-April-2026,2026-04-01,RTE,GLOUCESTERSHIRE HOSPITALS NHS FOUNDATION TRUST,NHS GLOUCESTERSHIRE INTEGRATED CARE BOARD,C_140,Oral Surgery Service,3437,2257,0,0.6567,True
RTT-April-2026,2026-04-01,RTE,GLOUCESTERSHIRE HOSPITALS NHS FOUNDATION TRUST,NHS GLOUCESTERSHIRE INTEGRATED CARE BOARD,X02,Other - Medical Services,9144,7742,1,0.8467,False
RTT-April-2026,2026-04-01,RTE,GLOUCESTERSHIRE HOSPITALS NHS FOUNDATION TRUST,NHS GLOUCESTERSHIRE INTEGRATED CARE BOARD,X06,Other - Other Services,783,763,0,0.9745,False
RTT-April-2026,2026-04-01,RTE,GLOUCESTERSHIRE HOSPITALS NHS FOUNDATION TRUST,NHS GLOUCESTERSHIRE INTEGRATED CARE BOARD,X04,Other - Paediatric Services,1240,913,0,0.7363,False
RTT-April-2026,2026-04-01,RTE,GLOUCESTERSHIRE HOSPITALS NHS FOUNDATION TRUST,NHS GLOUCESTERSHIRE INTEGRATED CARE BOARD,X05,Other - Surgical Services,6733,5252,7,0.78,False
RTT-April-2026,2026-04-01,RTE,GLOUCESTERSHIRE HOSPITALS NHS FOUNDATION TRUST,NHS GLOUCESTERSHIRE INTEGRATED CARE BOARD,C_340,Respiratory Medicine Service,1133,1007,0,0.8888,False
RTT-April-2026,2026-04-01,RTE,GLOUCESTERSHIRE HOSPITALS NHS FOUNDATION TRUST,NHS GLOUCESTERSHIRE INTEGRATED CARE BOARD,C_410,Rheumatology Service,1088,686,1,0.6305,True
RTT-April-2026,2026-04-01,RTE,GLOUCESTERSHIRE HOSPITALS NHS FOUNDATION TRUST,NHS GLOUCESTERSHIRE INTEGRATED CARE BOARD,C_110,Trauma and Orthopaedic Service,9734,5524,10,0.5675,True
RTT-April-2026,2026-04-01,RTE,GLOUCESTERSHIRE HOSPITALS NHS FOUNDATION TRUST,NHS GLOUCESTERSHIRE INTEGRATED CARE BOARD,C_101,Urology Service,3625,2864,0,0.7901,False
RTT-April-2026,2026-04-01,NT417,GORING HALL HOSPITAL,NHS SURREY AND SUSSEX INTEGRATED CARE BOARD,C_301,Gastroenterology Service,9,6,0,0.6667,True
RTT-April-2026,2026-04-01,NT417,GORING HALL HOSPITAL,NHS SURREY AND SUSSEX INTEGRATED CARE BOARD,C_100,General Surgery Service,26,17,0,0.6538,True
RTT-April-2026,2026-04-01,NT417,GORING HALL HOSPITAL,NHS SURREY AND SUSSEX INTEGRATED CARE BOARD,C_130,Ophthalmology Service,97,88,0,0.9072,False
RTT-April-2026,2026-04-01,NT417,GORING HALL HOSPITAL,NHS SURREY AND SUSSEX INTEGRATED CARE BOARD,X06,Other - Other Services,5,5,0,1.0,False
RTT-April-2026,2026-04-01,NT417,GORING HALL HOSPITAL,NHS SURREY AND SUSSEX INTEGRATED CARE BOARD,C_110,Trauma and Orthopaedic Service,647,325,0,0.5023,True
RTT-April-2026,2026-04-01,RP4,GREAT ORMOND STREET HOSPITAL FOR CHILDREN NHS FOUNDATION TRUST,NHS WEST AND NORTH LONDON INTEGRATED CARE BOARD,C_301,Gastroenterology Service,1,0,0,0.0,True
RTT-April-2026,2026-04-01,RP4,GREAT ORMOND STREET HOSPITAL FOR CHILDREN NHS FOUNDATION TRUST,NHS WEST AND NORTH LONDON INTEGRATED CARE BOARD,X02,Other - Medical Services,2023,1798,1,0.8888,False
RTT-April-2026,2026-04-01,RP4,GREAT ORMOND STREET HOSPITAL FOR CHILDREN NHS FOUNDATION TRUST,NHS WEST AND NORTH LONDON INTEGRATED CARE BOARD,X03,Other - Mental Health Services,142,61,0,0.4296,True
RTT-April-2026,2026-04-01,RP4,GREAT ORMOND STREET HOSPITAL FOR CHILDREN NHS FOUNDATION TRUST,NHS WEST AND NORTH LONDON INTEGRATED CARE BOARD,X06,Other - Other Services,76,52,0,0.6842,True
RTT-April-2026,2026-04-01,RP4,GREAT ORMOND STREET HOSPITAL FOR CHILDREN NHS FOUNDATION TRUST,NHS WEST AND NORTH LONDON INTEGRATED CARE BOARD,X04,Other - Paediatric Services,6037,4067,202,0.6737,True
RTT-April-2026,2026-04-01,RP4,GREAT ORMOND STREET HOSPITAL FOR CHILDREN NHS FOUNDATION TRUST,NHS WEST AND NORTH LONDON INTEGRATED CARE BOARD,X05,Other - Surgical Services,59,29,7,0.4915,True
RTT-April-2026,2026-04-01,RN3,GREAT WESTERN HOSPITALS NHS FOUNDATION TRUST,"NHS BATH AND NORTH EAST SOMERSET, SWINDON AND WILTSHIRE INTEGRATED CARE BOARD",C_320,Cardiology Service,1368,957,3,0.6996,True
RTT-April-2026,2026-04-01,RN3,GREAT WESTERN HOSPITALS NHS FOUNDATION TRUST,"NHS BATH AND NORTH EAST SOMERSET, SWINDON AND WILTSHIRE INTEGRATED CARE BOARD",C_330,Dermatology Service,3206,1937,16,0.6042,True
RTT-April-2026,2026-04-01,RN3,GREAT WESTERN HOSPITALS NHS FOUNDATION TRUST,"NHS BATH AND NORTH EAST SOMERSET, SWINDON AND WILTSHIRE INTEGRATED CARE BOARD",C_120,Ear Nose and Throat Service,3706,2075,133,0.5599,True
RTT-April-2026,2026-04-01,RN3,GREAT WESTERN HOSPITALS NHS FOUNDATION TRUST,"NHS BATH AND NORTH EAST SOMERSET, SWINDON AND WILTSHIRE INTEGRATED CARE BOARD",C_430,Elderly Medicine Service,208,175,0,0.8413,False
RTT-April-2026,2026-04-01,RN3,GREAT WESTERN HOSPITALS NHS FOUNDATION TRUST,"NHS BATH AND NORTH EAST SOMERSET, SWINDON AND WILTSHIRE INTEGRATED CARE BOARD",C_301,Gastroenterology Service,4316,2506,53,0.5806,True
RTT-April-2026,2026-04-01,RN3,GREAT WESTERN HOSPITALS NHS FOUNDATION TRUST,"NHS BATH AND NORTH EAST SOMERSET, SWINDON AND WILTSHIRE INTEGRATED CARE BOARD",C_100,General Surgery Service,5293,3210,189,0.6065,True
RTT-April-2026,2026-04-01,RN3,GREAT WESTERN HOSPITALS NHS FOUNDATION TRUST,"NHS BATH AND NORTH EAST SOMERSET, SWINDON AND WILTSHIRE INTEGRATED CARE BOARD",C_502,Gynaecology Service,3642,1913,60,0.5253,True
RTT-April-2026,2026-04-01,RN3,GREAT WESTERN HOSPITALS NHS FOUNDATION TRUST,"NHS BATH AND NORTH EAST SOMERSET, SWINDON AND WILTSHIRE INTEGRATED CARE BOARD",C_400,Neurology Service,781,686,0,0.8784,False
RTT-April-2026,2026-04-01,RN3,GREAT WESTERN HOSPITALS NHS FOUNDATION TRUST,"NHS BATH AND NORTH EAST SOMERSET, SWINDON AND WILTSHIRE INTEGRATED CARE BOARD",C_130,Ophthalmology Service,2866,1610,44,0.5618,True
RTT-April-2026,2026-04-01,RN3,GREAT WESTERN HOSPITALS NHS FOUNDATION TRUST,"NHS BATH AND NORTH EAST SOMERSET, SWINDON AND WILTSHIRE INTEGRATED CARE BOARD",C_140,Oral Surgery Service,3116,1378,84,0.4422,True
RTT-April-2026,2026-04-01,RN3,GREAT WESTERN HOSPITALS NHS FOUNDATION TRUST,"NHS BATH AND NORTH EAST SOMERSET, SWINDON AND WILTSHIRE INTEGRATED CARE BOARD",X02,Other - Medical Services,2014,1091,36,0.5417,True
RTT-April-2026,2026-04-01,RN3,GREAT WESTERN HOSPITALS NHS FOUNDATION TRUST,"NHS BATH AND NORTH EAST SOMERSET, SWINDON AND WILTSHIRE INTEGRATED CARE BOARD",X06,Other - Other Services,1149,836,5,0.7276,False
RTT-April-2026,2026-04-01,RN3,GREAT WESTERN HOSPITALS NHS FOUNDATION TRUST,"NHS BATH AND NORTH EAST SOMERSET, SWINDON AND WILTSHIRE INTEGRATED CARE BOARD",X04,Other - Paediatric Services,1721,933,13,0.5421,True
RTT-April-2026,2026-04-01,RN3,GREAT WESTERN HOSPITALS NHS FOUNDATION TRUST,"NHS BATH AND NORTH EAST SOMERSET, SWINDON AND WILTSHIRE INTEGRATED CARE BOARD",X05,Other - Surgical Services,708,602,7,0.8503,False
RTT-April-2026,2026-04-01,RN3,GREAT WESTERN HOSPITALS NHS FOUNDATION TRUST,"NHS BATH AND NORTH EAST SOMERSET, SWINDON AND WILTSHIRE INTEGRATED CARE BOARD",C_160,Plastic Surgery Service,120,81,8,0.675,True
RTT-April-2026,2026-04-01,RN3,GREAT WESTERN HOSPITALS NHS FOUNDATION TRUST,"NHS BATH AND NORTH EAST SOMERSET, SWINDON AND WILTSHIRE INTEGRATED CARE BOARD",C_340,Respiratory Medicine Service,797,445,1,0.5583,True
RTT-April-2026,2026-04-01,RN3,GREAT WESTERN HOSPITALS NHS FOUNDATION TRUST,"NHS BATH AND NORTH EAST SOMERSET, SWINDON AND WILTSHIRE INTEGRATED CARE BOARD",C_410,Rheumatology Service,357,333,0,0.9328,False
RTT-April-2026,2026-04-01,RN3,GREAT WESTERN HOSPITALS NHS FOUNDATION TRUST,"NHS BATH AND NORTH EAST SOMERSET, SWINDON AND WILTSHIRE INTEGRATED CARE BOARD",C_110,Trauma and Orthopaedic Service,5653,2687,181,0.4753,True
RTT-April-2026,2026-04-01,RN3,GREAT WESTERN HOSPITALS NHS FOUNDATION TRUST,"NHS BATH AND NORTH EAST SOMERSET, SWINDON AND WILTSHIRE INTEGRATED CARE BOARD",C_101,Urology Service,3175,1614,169,0.5083,True
RTT-April-2026,2026-04-01,RJ1,GUY'S AND ST THOMAS' NHS FOUNDATION TRUST,NHS SOUTH EAST LONDON INTEGRATED CARE BOARD,C_320,Cardiology Service,10241,6210,105,0.6064,True
RTT-April-2026,2026-04-01,RJ1,GUY'S AND ST THOMAS' NHS FOUNDATION TRUST,NHS SOUTH EAST LONDON INTEGRATED CARE BOARD,C_170,Cardiothoracic Surgery Service,28,20,0,0.7143,False
RTT-April-2026,2026-04-01,RJ1,GUY'S AND ST THOMAS' NHS FOUNDATION TRUST,NHS SOUTH EAST LONDON INTEGRATED CARE BOARD,C_330,Dermatology Service,7418,5723,4,0.7715,False
RTT-April-2026,2026-04-01,RJ1,GUY'S AND ST THOMAS' NHS FOUNDATION TRUST,NHS SOUTH EAST LONDON INTEGRATED CARE BOARD,C_120,Ear Nose and Throat Service,5646,3112,76,0.5512,True
RTT-April-2026,2026-04-01,RJ1,GUY'S AND ST THOMAS' NHS FOUNDATION TRUST,NHS SOUTH EAST LONDON INTEGRATED CARE BOARD,C_430,Elderly Medicine Service,742,637,0,0.8585,False
RTT-April-2026,2026-04-01,RJ1,GUY'S AND ST THOMAS' NHS FOUNDATION TRUST,NHS SOUTH EAST LONDON INTEGRATED CARE BOARD,C_301,Gastroenterology Service,3068,2394,1,0.7803,False
RTT-April-2026,2026-04-01,RJ1,GUY'S AND ST THOMAS' NHS FOUNDATION TRUST,NHS SOUTH EAST LONDON INTEGRATED CARE BOARD,C_300,General Internal Medicine Service,320,297,0,0.9281,False
RTT-April-2026,2026-04-01,RJ1,GUY'S AND ST THOMAS' NHS FOUNDATION TRUST,NHS SOUTH EAST LONDON INTEGRATED CARE BOARD,C_100,General Surgery Service,1547,844,10,0.5456,True
RTT-April-2026,2026-04-01,RJ1,GUY'S AND ST THOMAS' NHS FOUNDATION TRUST,NHS SOUTH EAST LONDON INTEGRATED CARE BOARD,C_502,Gynaecology Service,6866,3505,24,0.5105,True
RTT-April-2026,2026-04-01,RJ1,GUY'S AND ST THOMAS' NHS FOUNDATION TRUST,NHS SOUTH EAST LONDON INTEGRATED CARE BOARD,C_400,Neurology Service,1055,876,1,0.8303,False
RTT-April-2026,2026-04-01,RJ1,GUY'S AND ST THOMAS' NHS FOUNDATION TRUST,NHS SOUTH EAST LONDON INTEGRATED CARE BOARD,C_130,Ophthalmology Service,3546,2867,0,0.8085,False
RTT-April-2026,2026-04-01,RJ1,GUY'S AND ST THOMAS' NHS FOUNDATION TRUST,NHS SOUTH EAST LONDON INTEGRATED CARE BOARD,C_140,Oral Surgery Service,5851,4707,1,0.8045,False
RTT-April-2026,2026-04-01,RJ1,GUY'S AND ST THOMAS' NHS FOUNDATION TRUST,NHS SOUTH EAST LONDON INTEGRATED CARE BOARD,X02,Other - Medical Services,16008,12882,11,0.8047,False
RTT-April-2026,2026-04-01,RJ1,GUY'S AND ST THOMAS' NHS FOUNDATION TRUST,NHS SOUTH EAST LONDON INTEGRATED CARE BOARD,X03,Other - Mental Health Services,24,15,0,0.625,True
RTT-April-2026,2026-04-01,RJ1,GUY'S AND ST THOMAS' NHS FOUNDATION TRUST,NHS SOUTH EAST LONDON INTEGRATED CARE BOARD,X06,Other - Other Services,771,456,3,0.5914,True
RTT-April-2026,2026-04-01,RJ1,GUY'S AND ST THOMAS' NHS FOUNDATION TRUST,NHS SOUTH EAST LONDON INTEGRATED CARE BOARD,X04,Other - Paediatric Services,8561,6957,6,0.8126,False
RTT-April-2026,2026-04-01,RJ1,GUY'S AND ST THOMAS' NHS FOUNDATION TRUST,NHS SOUTH EAST LONDON INTEGRATED CARE BOARD,X05,Other - Surgical Services,13152,8697,118,0.6613,True
RTT-April-2026,2026-04-01,RJ1,GUY'S AND ST THOMAS' NHS FOUNDATION TRUST,NHS SOUTH EAST LONDON INTEGRATED CARE BOARD,C_160,Plastic Surgery Service,3910,2007,100,0.5133,True
RTT-April-2026,2026-04-01,RJ1,GUY'S AND ST THOMAS' NHS FOUNDATION TRUST,NHS SOUTH EAST LONDON INTEGRATED CARE BOARD,C_340,Respiratory Medicine Service,10018,6251,52,0.624,True
RTT-April-2026,2026-04-01,RJ1,GUY'S AND ST THOMAS' NHS FOUNDATION TRUST,NHS SOUTH EAST LONDON INTEGRATED CARE BOARD,C_410,Rheumatology Service,473,457,0,0.9662,False
RTT-April-2026,2026-04-01,RJ1,GUY'S AND ST THOMAS' NHS FOUNDATION TRUST,NHS SOUTH EAST LONDON INTEGRATED CARE BOARD,C_110,Trauma and Orthopaedic Service,5027,3224,67,0.6413,True
RTT-April-2026,2026-04-01,RJ1,GUY'S AND ST THOMAS' NHS FOUNDATION TRUST,NHS SOUTH EAST LONDON INTEGRATED CARE BOARD,C_101,Urology Service,5626,3000,110,0.5332,True
RTT-April-2026,2026-04-01,RW1,HAMPSHIRE AND ISLE OF WIGHT HEALTHCARE NHS FOUNDATION TRUST,NHS HAMPSHIRE AND ISLE OF WIGHT INTEGRATED CARE BOARD,C_320,Cardiology Service,297,285,0,0.9596,False
RTT-April-2026,2026-04-01,RW1,HAMPSHIRE AND ISLE OF WIGHT HEALTHCARE NHS FOUNDATION TRUST,NHS HAMPSHIRE AND ISLE OF WIGHT INTEGRATED CARE BOARD,C_120,Ear Nose and Throat Service,30,30,0,1.0,False
RTT-April-2026,2026-04-01,RW1,HAMPSHIRE AND ISLE OF WIGHT HEALTHCARE NHS FOUNDATION TRUST,NHS HAMPSHIRE AND ISLE OF WIGHT INTEGRATED CARE BOARD,C_430,Elderly Medicine Service,21,21,0,1.0,False
RTT-April-2026,2026-04-01,RW1,HAMPSHIRE AND ISLE OF WIGHT HEALTHCARE NHS FOUNDATION TRUST,NHS HAMPSHIRE AND ISLE OF WIGHT INTEGRATED CARE BOARD,C_301,Gastroenterology Service,154,143,0,0.9286,False
RTT-April-2026,2026-04-01,RW1,HAMPSHIRE AND ISLE OF WIGHT HEALTHCARE NHS FOUNDATION TRUST,NHS HAMPSHIRE AND ISLE OF WIGHT INTEGRATED CARE BOARD,C_300,General Internal Medicine Service,239,235,0,0.9833,False
RTT-April-2026,2026-04-01,RW1,HAMPSHIRE AND ISLE OF WIGHT HEALTHCARE NHS FOUNDATION TRUST,NHS HAMPSHIRE AND ISLE OF WIGHT INTEGRATED CARE BOARD,C_100,General Surgery Service,1,1,0,1.0,False
RTT-April-2026,2026-04-01,RW1,HAMPSHIRE AND ISLE OF WIGHT HEALTHCARE NHS FOUNDATION TRUST,NHS HAMPSHIRE AND ISLE OF WIGHT INTEGRATED CARE BOARD,X02,Other - Medical Services,173,170,0,0.9827,False
RTT-April-2026,2026-04-01,RW1,HAMPSHIRE AND ISLE OF WIGHT HEALTHCARE NHS FOUNDATION TRUST,NHS HAMPSHIRE AND ISLE OF WIGHT INTEGRATED CARE BOARD,X04,Other - Paediatric Services,9,9,0,1.0,False
RTT-April-2026,2026-04-01,RW1,HAMPSHIRE AND ISLE OF WIGHT HEALTHCARE NHS FOUNDATION TRUST,NHS HAMPSHIRE AND ISLE OF WIGHT INTEGRATED CARE BOARD,X05,Other - Surgical Services,114,101,0,0.886,False
RTT-April-2026,2026-04-01,RW1,HAMPSHIRE AND ISLE OF WIGHT HEALTHCARE NHS FOUNDATION TRUST,NHS HAMPSHIRE AND ISLE OF WIGHT INTEGRATED CARE BOARD,C_340,Respiratory Medicine Service,47,47,0,1.0,False
RTT-April-2026,2026-04-01,RW1,HAMPSHIRE AND ISLE OF WIGHT HEALTHCARE NHS FOUNDATION TRUST,NHS HAMPSHIRE AND ISLE OF WIGHT INTEGRATED CARE BOARD,C_410,Rheumatology Service,79,79,0,1.0,False
RTT-April-2026,2026-04-01,RW1,HAMPSHIRE AND ISLE OF WIGHT HEALTHCARE NHS FOUNDATION TRUST,NHS HAMPSHIRE AND ISLE OF WIGHT INTEGRATED CARE BOARD,C_110,Trauma and Orthopaedic Service,3236,2800,0,0.8653,False
RTT-April-2026,2026-04-01,NT418,HAMPSHIRE CLINIC,NHS HAMPSHIRE AND ISLE OF WIGHT INTEGRATED CARE BOARD,C_301,Gastroenterology Service,29,21,0,0.7241,False
RTT-April-2026,2026-04-01,NT418,HAMPSHIRE CLINIC,NHS HAMPSHIRE AND ISLE OF WIGHT INTEGRATED CARE BOARD,C_100,General Surgery Service,37,16,0,0.4324,True
RTT-April-2026,2026-04-01,NT418,HAMPSHIRE CLINIC,NHS HAMPSHIRE AND ISLE OF WIGHT INTEGRATED CARE BOARD,C_502,Gynaecology Service,121,78,0,0.6446,True
RTT-April-2026,2026-04-01,NT418,HAMPSHIRE CLINIC,NHS HAMPSHIRE AND ISLE OF WIGHT INTEGRATED CARE BOARD,X06,Other - Other Services,3,2,0,0.6667,True
RTT-April-2026,2026-04-01,NT418,HAMPSHIRE CLINIC,NHS HAMPSHIRE AND ISLE OF WIGHT INTEGRATED CARE BOARD,C_110,Trauma and Orthopaedic Service,127,64,1,0.5039,True
RTT-April-2026,2026-04-01,NT418,HAMPSHIRE CLINIC,NHS HAMPSHIRE AND ISLE OF WIGHT INTEGRATED CARE BOARD,C_101,Urology Service,20,14,0,0.7,False
RTT-April-2026,2026-04-01,RN5,HAMPSHIRE HOSPITALS NHS FOUNDATION TRUST,NHS HAMPSHIRE AND ISLE OF WIGHT INTEGRATED CARE BOARD,C_320,Cardiology Service,3453,2094,73,0.6064,True
RTT-April-2026,2026-04-01,RN5,HAMPSHIRE HOSPITALS NHS FOUNDATION TRUST,NHS HAMPSHIRE AND ISLE OF WIGHT INTEGRATED CARE BOARD,C_170,Cardiothoracic Surgery Service,1,0,0,0.0,True
RTT-April-2026,2026-04-01,RN5,HAMPSHIRE HOSPITALS NHS FOUNDATION TRUST,NHS HAMPSHIRE AND ISLE OF WIGHT INTEGRATED CARE BOARD,C_330,Dermatology Service,2716,1891,37,0.6962,True
RTT-April-2026,2026-04-01,RN5,HAMPSHIRE HOSPITALS NHS FOUNDATION TRUST,NHS HAMPSHIRE AND ISLE OF WIGHT INTEGRATED CARE BOARD,C_120,Ear Nose and Throat Service,3518,2225,121,0.6325,True
RTT-April-2026,2026-04-01,RN5,HAMPSHIRE HOSPITALS NHS FOUNDATION TRUST,NHS HAMPSHIRE AND ISLE OF WIGHT INTEGRATED CARE BOARD,C_430,Elderly Medicine Service,150,137,0,0.9133,False
RTT-April-2026,2026-04-01,RN5,HAMPSHIRE HOSPITALS NHS FOUNDATION TRUST,NHS HAMPSHIRE AND ISLE OF WIGHT INTEGRATED CARE BOARD,C_301,Gastroenterology Service,3854,2768,74,0.7182,False
RTT-April-2026,2026-04-01,RN5,HAMPSHIRE HOSPITALS NHS FOUNDATION TRUST,NHS HAMPSHIRE AND ISLE OF WIGHT INTEGRATED CARE BOARD,C_300,General Internal Medicine Service,27,27,0,1.0,False
RTT-April-2026,2026-04-01,RN5,HAMPSHIRE HOSPITALS NHS FOUNDATION TRUST,NHS HAMPSHIRE AND ISLE OF WIGHT INTEGRATED CARE BOARD,C_100,General Surgery Service,3012,1315,181,0.4366,True
RTT-April-2026,2026-04-01,RN5,HAMPSHIRE HOSPITALS NHS FOUNDATION TRUST,NHS HAMPSHIRE AND ISLE OF WIGHT INTEGRATED CARE BOARD,C_502,Gynaecology Service,3913,2648,72,0.6767,True
RTT-April-2026,2026-04-01,RN5,HAMPSHIRE HOSPITALS NHS FOUNDATION TRUST,NHS HAMPSHIRE AND ISLE OF WIGHT INTEGRATED CARE BOARD,C_400,Neurology Service,1665,1125,35,0.6757,True
RTT-April-2026,2026-04-01,RN5,HAMPSHIRE HOSPITALS NHS FOUNDATION TRUST,NHS HAMPSHIRE AND ISLE OF WIGHT INTEGRATED CARE BOARD,C_130,Ophthalmology Service,2824,2400,8,0.8499,False
RTT-April-2026,2026-04-01,RN5,HAMPSHIRE HOSPITALS NHS FOUNDATION TRUST,NHS HAMPSHIRE AND ISLE OF WIGHT INTEGRATED CARE BOARD,C_140,Oral Surgery Service,2057,1014,88,0.493,True
RTT-April-2026,2026-04-01,RN5,HAMPSHIRE HOSPITALS NHS FOUNDATION TRUST,NHS HAMPSHIRE AND ISLE OF WIGHT INTEGRATED CARE BOARD,X02,Other - Medical Services,3681,2569,80,0.6979,True
RTT-April-2026,2026-04-01,RN5,HAMPSHIRE HOSPITALS NHS FOUNDATION TRUST,NHS HAMPSHIRE AND ISLE OF WIGHT INTEGRATED CARE BOARD,X06,Other - Other Services,27,22,0,0.8148,False
RTT-April-2026,2026-04-01,RN5,HAMPSHIRE HOSPITALS NHS FOUNDATION TRUST,NHS HAMPSHIRE AND ISLE OF WIGHT INTEGRATED CARE BOARD,X04,Other - Paediatric Services,1595,1328,15,0.8326,False
RTT-April-2026,2026-04-01,RN5,HAMPSHIRE HOSPITALS NHS FOUNDATION TRUST,NHS HAMPSHIRE AND ISLE OF WIGHT INTEGRATED CARE BOARD,X05,Other - Surgical Services,4283,2543,210,0.5937,True
RTT-April-2026,2026-04-01,RN5,HAMPSHIRE HOSPITALS NHS FOUNDATION TRUST,NHS HAMPSHIRE AND ISLE OF WIGHT INTEGRATED CARE BOARD,C_340,Respiratory Medicine Service,1598,1167,31,0.7303,False
RTT-April-2026,2026-04-01,RN5,HAMPSHIRE HOSPITALS NHS FOUNDATION TRUST,NHS HAMPSHIRE AND ISLE OF WIGHT INTEGRATED CARE BOARD,C_410,Rheumatology Service,1387,746,13,0.5379,True
RTT-April-2026,2026-04-01,RN5,HAMPSHIRE HOSPITALS NHS FOUNDATION TRUST,NHS HAMPSHIRE AND ISLE OF WIGHT INTEGRATED CARE BOARD,C_110,Trauma and Orthopaedic Service,5710,3436,63,0.6018,True
RTT-April-2026,2026-04-01,RN5,HAMPSHIRE HOSPITALS NHS FOUNDATION TRUST,NHS HAMPSHIRE AND ISLE OF WIGHT INTEGRATED CARE BOARD,C_101,Urology Service,3378,1941,162,0.5746,True
RTT-April-2026,2026-04-01,NT419,HARBOUR HOSPITAL,NHS DORSET INTEGRATED CARE BOARD,X06,Other - Other Services,6,6,0,1.0,False
RTT-April-2026,2026-04-01,NT419,HARBOUR HOSPITAL,NHS DORSET INTEGRATED CARE BOARD,C_110,Trauma and Orthopaedic Service,183,122,0,0.6667,True
RTT-April-2026,2026-04-01,RCD,HARROGATE AND DISTRICT NHS FOUNDATION TRUST,NHS HUMBER AND NORTH YORKSHIRE INTEGRATED CARE BOARD,C_320,Cardiology Service,1172,895,0,0.7637,False
RTT-April-2026,2026-04-01,RCD,HARROGATE AND DISTRICT NHS FOUNDATION TRUST,NHS HUMBER AND NORTH YORKSHIRE INTEGRATED CARE BOARD,C_330,Dermatology Service,1620,1554,0,0.9593,False
RTT-April-2026,2026-04-01,RCD,HARROGATE AND DISTRICT NHS FOUNDATION TRUST,NHS HUMBER AND NORTH YORKSHIRE INTEGRATED CARE BOARD,C_120,Ear Nose and Throat Service,2445,1781,0,0.7284,False
RTT-April-2026,2026-04-01,RCD,HARROGATE AND DISTRICT NHS FOUNDATION TRUST,NHS HUMBER AND NORTH YORKSHIRE INTEGRATED CARE BOARD,C_430,Elderly Medicine Service,151,136,0,0.9007,False
RTT-April-2026,2026-04-01,RCD,HARROGATE AND DISTRICT NHS FOUNDATION TRUST,NHS HUMBER AND NORTH YORKSHIRE INTEGRATED CARE BOARD,C_301,Gastroenterology Service,777,690,0,0.888,False
RTT-April-2026,2026-04-01,RCD,HARROGATE AND DISTRICT NHS FOUNDATION TRUST,NHS HUMBER AND NORTH YORKSHIRE INTEGRATED CARE BOARD,C_300,General Internal Medicine Service,1,1,0,1.0,False
RTT-April-2026,2026-04-01,RCD,HARROGATE AND DISTRICT NHS FOUNDATION TRUST,NHS HUMBER AND NORTH YORKSHIRE INTEGRATED CARE BOARD,C_100,General Surgery Service,2506,1928,0,0.7694,False
RTT-April-2026,2026-04-01,RCD,HARROGATE AND DISTRICT NHS FOUNDATION TRUST,NHS HUMBER AND NORTH YORKSHIRE INTEGRATED CARE BOARD,C_502,Gynaecology Service,1405,1081,0,0.7694,False
RTT-April-2026,2026-04-01,RCD,HARROGATE AND DISTRICT NHS FOUNDATION TRUST,NHS HUMBER AND NORTH YORKSHIRE INTEGRATED CARE BOARD,C_400,Neurology Service,960,528,0,0.55,True
RTT-April-2026,2026-04-01,RCD,HARROGATE AND DISTRICT NHS FOUNDATION TRUST,NHS HUMBER AND NORTH YORKSHIRE INTEGRATED CARE BOARD,C_130,Ophthalmology Service,1618,1237,0,0.7645,False
RTT-April-2026,2026-04-01,RCD,HARROGATE AND DISTRICT NHS FOUNDATION TRUST,NHS HUMBER AND NORTH YORKSHIRE INTEGRATED CARE BOARD,C_140,Oral Surgery Service,846,581,0,0.6868,True
RTT-April-2026,2026-04-01,RCD,HARROGATE AND DISTRICT NHS FOUNDATION TRUST,NHS HUMBER AND NORTH YORKSHIRE INTEGRATED CARE BOARD,X02,Other - Medical Services,917,827,0,0.9019,False
RTT-April-2026,2026-04-01,RCD,HARROGATE AND DISTRICT NHS FOUNDATION TRUST,NHS HUMBER AND NORTH YORKSHIRE INTEGRATED CARE BOARD,X06,Other - Other Services,188,143,0,0.7606,False
RTT-April-2026,2026-04-01,RCD,HARROGATE AND DISTRICT NHS FOUNDATION TRUST,NHS HUMBER AND NORTH YORKSHIRE INTEGRATED CARE BOARD,X04,Other - Paediatric Services,726,662,0,0.9118,False
RTT-April-2026,2026-04-01,RCD,HARROGATE AND DISTRICT NHS FOUNDATION TRUST,NHS HUMBER AND NORTH YORKSHIRE INTEGRATED CARE BOARD,X05,Other - Surgical Services,817,562,0,0.6879,True
RTT-April-2026,2026-04-01,RCD,HARROGATE AND DISTRICT NHS FOUNDATION TRUST,NHS HUMBER AND NORTH YORKSHIRE INTEGRATED CARE BOARD,C_340,Respiratory Medicine Service,304,284,0,0.9342,False
RTT-April-2026,2026-04-01,RCD,HARROGATE AND DISTRICT NHS FOUNDATION TRUST,NHS HUMBER AND NORTH YORKSHIRE INTEGRATED CARE BOARD,C_410,Rheumatology Service,298,280,0,0.9396,False
RTT-April-2026,2026-04-01,RCD,HARROGATE AND DISTRICT NHS FOUNDATION TRUST,NHS HUMBER AND NORTH YORKSHIRE INTEGRATED CARE BOARD,C_110,Trauma and Orthopaedic Service,3540,2188,4,0.6181,True
RTT-April-2026,2026-04-01,RCD,HARROGATE AND DISTRICT NHS FOUNDATION TRUST,NHS HUMBER AND NORTH YORKSHIRE INTEGRATED CARE BOARD,C_101,Urology Service,1200,1041,0,0.8675,False
RTT-April-2026,2026-04-01,NRL,HEART NETWORKS,NHS GREATER MANCHESTER INTEGRATED CARE BOARD,C_320,Cardiology Service,932,913,0,0.9796,False
RTT-April-2026,2026-04-01,NT416,HENDON HOSPITAL,NHS WEST AND NORTH LONDON INTEGRATED CARE BOARD,C_301,Gastroenterology Service,127,90,1,0.7087,False
RTT-April-2026,2026-04-01,NT416,HENDON HOSPITAL,NHS WEST AND NORTH LONDON INTEGRATED CARE BOARD,C_100,General Surgery Service,270,177,7,0.6556,True
RTT-April-2026,2026-04-01,NT416,HENDON HOSPITAL,NHS WEST AND NORTH LONDON INTEGRATED CARE BOARD,C_502,Gynaecology Service,153,98,0,0.6405,True
RTT-April-2026,2026-04-01,NT416,HENDON HOSPITAL,NHS WEST AND NORTH LONDON INTEGRATED CARE BOARD,C_130,Ophthalmology Service,159,103,5,0.6478,True
RTT-April-2026,2026-04-01,NT416,HENDON HOSPITAL,NHS WEST AND NORTH LONDON INTEGRATED CARE BOARD,X06,Other - Other Services,22,18,0,0.8182,False
RTT-April-2026,2026-04-01,NT416,HENDON HOSPITAL,NHS WEST AND NORTH LONDON INTEGRATED CARE BOARD,C_110,Trauma and Orthopaedic Service,330,237,3,0.7182,False
RTT-April-2026,2026-04-01,NT416,HENDON HOSPITAL,NHS WEST AND NORTH LONDON INTEGRATED CARE BOARD,C_101,Urology Service,129,76,0,0.5891,True
RTT-April-2026,2026-04-01,R1A,HEREFORDSHIRE AND WORCESTERSHIRE HEALTH AND CARE NHS TRUST,NHS HEREFORDSHIRE AND WORCESTERSHIRE INTEGRATED CARE BOARD,C_110,Trauma and Orthopaedic Service,31,28,0,0.9032,False
RTT-April-2026,2026-04-01,NT420,HIGHFIELD HOSPITAL,NHS GREATER MANCHESTER INTEGRATED CARE BOARD,C_301,Gastroenterology Service,47,34,0,0.7234,False
RTT-April-2026,2026-04-01,NT420,HIGHFIELD HOSPITAL,NHS GREATER MANCHESTER INTEGRATED CARE BOARD,C_100,General Surgery Service,124,94,0,0.7581,False
RTT-April-2026,2026-04-01,NT420,HIGHFIELD HOSPITAL,NHS GREATER MANCHESTER INTEGRATED CARE BOARD,C_150,Neurosurgical Service,10,8,0,0.8,False
RTT-April-2026,2026-04-01,NT420,HIGHFIELD HOSPITAL,NHS GREATER MANCHESTER INTEGRATED CARE BOARD,X06,Other - Other Services,73,65,0,0.8904,False
RTT-April-2026,2026-04-01,NT420,HIGHFIELD HOSPITAL,NHS GREATER MANCHESTER INTEGRATED CARE BOARD,C_110,Trauma and Orthopaedic Service,687,438,0,0.6376,True
RTT-April-2026,2026-04-01,RQX,HOMERTON HEALTHCARE NHS FOUNDATION TRUST,NHS NORTH EAST LONDON INTEGRATED CARE BOARD,C_320,Cardiology Service,1206,886,0,0.7347,False
RTT-April-2026,2026-04-01,RQX,HOMERTON HEALTHCARE NHS FOUNDATION TRUST,NHS NORTH EAST LONDON INTEGRATED CARE BOARD,C_330,Dermatology Service,1178,1008,0,0.8557,False
RTT-April-2026,2026-04-01,RQX,HOMERTON HEALTHCARE NHS FOUNDATION TRUST,NHS NORTH EAST LONDON INTEGRATED CARE BOARD,C_120,Ear Nose and Throat Service,2883,2088,37,0.7242,False
RTT-April-2026,2026-04-01,RQX,HOMERTON HEALTHCARE NHS FOUNDATION TRUST,NHS NORTH EAST LONDON INTEGRATED CARE BOARD,C_430,Elderly Medicine Service,179,164,0,0.9162,False
RTT-April-2026,2026-04-01,RQX,HOMERTON HEALTHCARE NHS FOUNDATION TRUST,NHS NORTH EAST LONDON INTEGRATED CARE BOARD,C_301,Gastroenterology Service,913,845,0,0.9255,False
RTT-April-2026,2026-04-01,RQX,HOMERTON HEALTHCARE NHS FOUNDATION TRUST,NHS NORTH EAST LONDON INTEGRATED CARE BOARD,C_300,General Internal Medicine Service,84,58,0,0.6905,True
RTT-April-2026,2026-04-01,RQX,HOMERTON HEALTHCARE NHS FOUNDATION TRUST,NHS NORTH EAST LONDON INTEGRATED CARE BOARD,C_100,General Surgery Service,3185,2091,33,0.6565,True
RTT-April-2026,2026-04-01,RQX,HOMERTON HEALTHCARE NHS FOUNDATION TRUST,NHS NORTH EAST LONDON INTEGRATED CARE BOARD,C_502,Gynaecology Service,4130,3251,20,0.7872,False
RTT-April-2026,2026-04-01,RQX,HOMERTON HEALTHCARE NHS FOUNDATION TRUST,NHS NORTH EAST LONDON INTEGRATED CARE BOARD,C_400,Neurology Service,257,249,0,0.9689,False
RTT-April-2026,2026-04-01,RQX,HOMERTON HEALTHCARE NHS FOUNDATION TRUST,NHS NORTH EAST LONDON INTEGRATED CARE BOARD,C_140,Oral Surgery Service,2292,1645,23,0.7177,False
RTT-April-2026,2026-04-01,RQX,HOMERTON HEALTHCARE NHS FOUNDATION TRUST,NHS NORTH EAST LONDON INTEGRATED CARE BOARD,X02,Other - Medical Services,2532,2317,1,0.9151,False
RTT-April-2026,2026-04-01,RQX,HOMERTON HEALTHCARE NHS FOUNDATION TRUST,NHS NORTH EAST LONDON INTEGRATED CARE BOARD,X06,Other - Other Services,9,9,0,1.0,False
RTT-April-2026,2026-04-01,RQX,HOMERTON HEALTHCARE NHS FOUNDATION TRUST,NHS NORTH EAST LONDON INTEGRATED CARE BOARD,X04,Other - Paediatric Services,2291,1893,7,0.8263,False
RTT-April-2026,2026-04-01,RQX,HOMERTON HEALTHCARE NHS FOUNDATION TRUST,NHS NORTH EAST LONDON INTEGRATED CARE BOARD,X05,Other - Surgical Services,245,238,0,0.9714,False
RTT-April-2026,2026-04-01,RQX,HOMERTON HEALTHCARE NHS FOUNDATION TRUST,NHS NORTH EAST LONDON INTEGRATED CARE BOARD,C_160,Plastic Surgery Service,258,148,4,0.5736,True
RTT-April-2026,2026-04-01,RQX,HOMERTON HEALTHCARE NHS FOUNDATION TRUST,NHS NORTH EAST LONDON INTEGRATED CARE BOARD,C_340,Respiratory Medicine Service,327,321,0,0.9817,False
RTT-April-2026,2026-04-01,RQX,HOMERTON HEALTHCARE NHS FOUNDATION TRUST,NHS NORTH EAST LONDON INTEGRATED CARE BOARD,C_410,Rheumatology Service,129,129,0,1.0,False
RTT-April-2026,2026-04-01,RQX,HOMERTON HEALTHCARE NHS FOUNDATION TRUST,NHS NORTH EAST LONDON INTEGRATED CARE BOARD,C_110,Trauma and Orthopaedic Service,2555,1542,27,0.6035,True
RTT-April-2026,2026-04-01,RQX,HOMERTON HEALTHCARE NHS FOUNDATION TRUST,NHS NORTH EAST LONDON INTEGRATED CARE BOARD,C_101,Urology Service,2196,1593,22,0.7254,False
RTT-April-2026,2026-04-01,NT448,HUDDERSFIELD PRIVATE HOSPITAL,NHS WEST YORKSHIRE INTEGRATED CARE BOARD,C_100,General Surgery Service,232,205,0,0.8836,False
RTT-April-2026,2026-04-01,NT448,HUDDERSFIELD PRIVATE HOSPITAL,NHS WEST YORKSHIRE INTEGRATED CARE BOARD,C_502,Gynaecology Service,192,183,0,0.9531,False
RTT-April-2026,2026-04-01,NT448,HUDDERSFIELD PRIVATE HOSPITAL,NHS WEST YORKSHIRE INTEGRATED CARE BOARD,X06,Other - Other Services,35,34,0,0.9714,False
RTT-April-2026,2026-04-01,NT448,HUDDERSFIELD PRIVATE HOSPITAL,NHS WEST YORKSHIRE INTEGRATED CARE BOARD,C_110,Trauma and Orthopaedic Service,532,483,4,0.9079,False
RTT-April-2026,2026-04-01,NT448,HUDDERSFIELD PRIVATE HOSPITAL,NHS WEST YORKSHIRE INTEGRATED CARE BOARD,C_101,Urology Service,86,79,0,0.9186,False
RTT-April-2026,2026-04-01,RWA,HULL UNIVERSITY TEACHING HOSPITALS NHS TRUST,NHS HUMBER AND NORTH YORKSHIRE INTEGRATED CARE BOARD,C_320,Cardiology Service,4881,2599,106,0.5325,True
RTT-April-2026,2026-04-01,RWA,HULL UNIVERSITY TEACHING HOSPITALS NHS TRUST,NHS HUMBER AND NORTH YORKSHIRE INTEGRATED CARE BOARD,C_170,Cardiothoracic Surgery Service,348,264,7,0.7586,False
RTT-April-2026,2026-04-01,RWA,HULL UNIVERSITY TEACHING HOSPITALS NHS TRUST,NHS HUMBER AND NORTH YORKSHIRE INTEGRATED CARE BOARD,C_330,Dermatology Service,4054,1782,167,0.4396,True
RTT-April-2026,2026-04-01,RWA,HULL UNIVERSITY TEACHING HOSPITALS NHS TRUST,NHS HUMBER AND NORTH YORKSHIRE INTEGRATED CARE BOARD,C_120,Ear Nose and Throat Service,6786,3288,282,0.4845,True
RTT-April-2026,2026-04-01,RWA,HULL UNIVERSITY TEACHING HOSPITALS NHS TRUST,NHS HUMBER AND NORTH YORKSHIRE INTEGRATED CARE BOARD,C_430,Elderly Medicine Service,86,63,1,0.7326,False
RTT-April-2026,2026-04-01,RWA,HULL UNIVERSITY TEACHING HOSPITALS NHS TRUST,NHS HUMBER AND NORTH YORKSHIRE INTEGRATED CARE BOARD,C_301,Gastroenterology Service,3241,1628,102,0.5023,True
RTT-April-2026,2026-04-01,RWA,HULL UNIVERSITY TEACHING HOSPITALS NHS TRUST,NHS HUMBER AND NORTH YORKSHIRE INTEGRATED CARE BOARD,C_300,General Internal Medicine Service,612,455,0,0.7435,False
RTT-April-2026,2026-04-01,RWA,HULL UNIVERSITY TEACHING HOSPITALS NHS TRUST,NHS HUMBER AND NORTH YORKSHIRE INTEGRATED CARE BOARD,C_100,General Surgery Service,7500,4272,242,0.5696,True
RTT-April-2026,2026-04-01,RWA,HULL UNIVERSITY TEACHING HOSPITALS NHS TRUST,NHS HUMBER AND NORTH YORKSHIRE INTEGRATED CARE BOARD,C_502,Gynaecology Service,6398,3126,395,0.4886,True
RTT-April-2026,2026-04-01,RWA,HULL UNIVERSITY TEACHING HOSPITALS NHS TRUST,NHS HUMBER AND NORTH YORKSHIRE INTEGRATED CARE BOARD,C_400,Neurology Service,4569,2662,49,0.5826,True
RTT-April-2026,2026-04-01,RWA,HULL UNIVERSITY TEACHING HOSPITALS NHS TRUST,NHS HUMBER AND NORTH YORKSHIRE INTEGRATED CARE BOARD,C_150,Neurosurgical Service,3224,2073,102,0.643,True
RTT-April-2026,2026-04-01,RWA,HULL UNIVERSITY TEACHING HOSPITALS NHS TRUST,NHS HUMBER AND NORTH YORKSHIRE INTEGRATED CARE BOARD,C_130,Ophthalmology Service,9122,5855,232,0.6419,True
RTT-April-2026,2026-04-01,RWA,HULL UNIVERSITY TEACHING HOSPITALS NHS TRUST,NHS HUMBER AND NORTH YORKSHIRE INTEGRATED CARE BOARD,C_140,Oral Surgery Service,2772,1307,96,0.4715,True
RTT-April-2026,2026-04-01,RWA,HULL UNIVERSITY TEACHING HOSPITALS NHS TRUST,NHS HUMBER AND NORTH YORKSHIRE INTEGRATED CARE BOARD,X02,Other - Medical Services,6829,4165,50,0.6099,True
RTT-April-2026,2026-04-01,RWA,HULL UNIVERSITY TEACHING HOSPITALS NHS TRUST,NHS HUMBER AND NORTH YORKSHIRE INTEGRATED CARE BOARD,X03,Other - Mental Health Services,16,12,0,0.75,False
RTT-April-2026,2026-04-01,RWA,HULL UNIVERSITY TEACHING HOSPITALS NHS TRUST,NHS HUMBER AND NORTH YORKSHIRE INTEGRATED CARE BOARD,X06,Other - Other Services,3457,2198,172,0.6358,True
RTT-April-2026,2026-04-01,RWA,HULL UNIVERSITY TEACHING HOSPITALS NHS TRUST,NHS HUMBER AND NORTH YORKSHIRE INTEGRATED CARE BOARD,X04,Other - Paediatric Services,1518,1127,3,0.7424,False
RTT-April-2026,2026-04-01,RWA,HULL UNIVERSITY TEACHING HOSPITALS NHS TRUST,NHS HUMBER AND NORTH YORKSHIRE INTEGRATED CARE BOARD,X05,Other - Surgical Services,1228,778,94,0.6336,True
RTT-April-2026,2026-04-01,RWA,HULL UNIVERSITY TEACHING HOSPITALS NHS TRUST,NHS HUMBER AND NORTH YORKSHIRE INTEGRATED CARE BOARD,C_160,Plastic Surgery Service,4181,1725,441,0.4126,True
RTT-April-2026,2026-04-01,RWA,HULL UNIVERSITY TEACHING HOSPITALS NHS TRUST,NHS HUMBER AND NORTH YORKSHIRE INTEGRATED CARE BOARD,C_340,Respiratory Medicine Service,2979,1977,12,0.6636,True
RTT-April-2026,2026-04-01,RWA,HULL UNIVERSITY TEACHING HOSPITALS NHS TRUST,NHS HUMBER AND NORTH YORKSHIRE INTEGRATED CARE BOARD,C_410,Rheumatology Service,1083,732,1,0.6759,True
RTT-April-2026,2026-04-01,RWA,HULL UNIVERSITY TEACHING HOSPITALS NHS TRUST,NHS HUMBER AND NORTH YORKSHIRE INTEGRATED CARE BOARD,C_110,Trauma and Orthopaedic Service,4580,2675,142,0.5841,True
RTT-April-2026,2026-04-01,RWA,HULL UNIVERSITY TEACHING HOSPITALS NHS TRUST,NHS HUMBER AND NORTH YORKSHIRE INTEGRATED CARE BOARD,C_101,Urology Service,4151,2343,192,0.5644,True
RTT-April-2026,2026-04-01,RYJ,IMPERIAL COLLEGE HEALTHCARE NHS TRUST,NHS WEST AND NORTH LONDON INTEGRATED CARE BOARD,C_320,Cardiology Service,7422,5098,1,0.6869,True
RTT-April-2026,2026-04-01,RYJ,IMPERIAL COLLEGE HEALTHCARE NHS TRUST,NHS WEST AND NORTH LONDON INTEGRATED CARE BOARD,C_170,Cardiothoracic Surgery Service,523,412,0,0.7878,False
RTT-April-2026,2026-04-01,RYJ,IMPERIAL COLLEGE HEALTHCARE NHS TRUST,NHS WEST AND NORTH LONDON INTEGRATED CARE BOARD,C_330,Dermatology Service,4021,2732,0,0.6794,True
RTT-April-2026,2026-04-01,RYJ,IMPERIAL COLLEGE HEALTHCARE NHS TRUST,NHS WEST AND NORTH LONDON INTEGRATED CARE BOARD,C_120,Ear Nose and Throat Service,8156,4806,14,0.5893,True
RTT-April-2026,2026-04-01,RYJ,IMPERIAL COLLEGE HEALTHCARE NHS TRUST,NHS WEST AND NORTH LONDON INTEGRATED CARE BOARD,C_430,Elderly Medicine Service,300,192,0,0.64,True
RTT-April-2026,2026-04-01,RYJ,IMPERIAL COLLEGE HEALTHCARE NHS TRUST,NHS WEST AND NORTH LONDON INTEGRATED CARE BOARD,C_301,Gastroenterology Service,3471,3261,0,0.9395,False
RTT-April-2026,2026-04-01,RYJ,IMPERIAL COLLEGE HEALTHCARE NHS TRUST,NHS WEST AND NORTH LONDON INTEGRATED CARE BOARD,C_300,General Internal Medicine Service,129,97,0,0.7519,False
RTT-April-2026,2026-04-01,RYJ,IMPERIAL COLLEGE HEALTHCARE NHS TRUST,NHS WEST AND NORTH LONDON INTEGRATED CARE BOARD,C_100,General Surgery Service,2132,1235,0,0.5793,True
RTT-April-2026,2026-04-01,RYJ,IMPERIAL COLLEGE HEALTHCARE NHS TRUST,NHS WEST AND NORTH LONDON INTEGRATED CARE BOARD,C_502,Gynaecology Service,6448,4589,2,0.7117,False
RTT-April-2026,2026-04-01,RYJ,IMPERIAL COLLEGE HEALTHCARE NHS TRUST,NHS WEST AND NORTH LONDON INTEGRATED CARE BOARD,C_400,Neurology Service,4264,2519,0,0.5908,True
RTT-April-2026,2026-04-01,RYJ,IMPERIAL COLLEGE HEALTHCARE NHS TRUST,NHS WEST AND NORTH LONDON INTEGRATED CARE BOARD,C_150,Neurosurgical Service,3029,1865,9,0.6157,True
RTT-April-2026,2026-04-01,RYJ,IMPERIAL COLLEGE HEALTHCARE NHS TRUST,NHS WEST AND NORTH LONDON INTEGRATED CARE BOARD,C_130,Ophthalmology Service,5231,4024,4,0.7693,False
RTT-April-2026,2026-04-01,RYJ,IMPERIAL COLLEGE HEALTHCARE NHS TRUST,NHS WEST AND NORTH LONDON INTEGRATED CARE BOARD,C_140,Oral Surgery Service,427,374,0,0.8759,False
RTT-April-2026,2026-04-01,RYJ,IMPERIAL COLLEGE HEALTHCARE NHS TRUST,NHS WEST AND NORTH LONDON INTEGRATED CARE BOARD,X02,Other - Medical Services,12590,9716,1,0.7717,False
RTT-April-2026,2026-04-01,RYJ,IMPERIAL COLLEGE HEALTHCARE NHS TRUST,NHS WEST AND NORTH LONDON INTEGRATED CARE BOARD,X06,Other - Other Services,350,337,0,0.9629,False
RTT-April-2026,2026-04-01,RYJ,IMPERIAL COLLEGE HEALTHCARE NHS TRUST,NHS WEST AND NORTH LONDON INTEGRATED CARE BOARD,X04,Other - Paediatric Services,4574,3346,14,0.7315,False
RTT-April-2026,2026-04-01,RYJ,IMPERIAL COLLEGE HEALTHCARE NHS TRUST,NHS WEST AND NORTH LONDON INTEGRATED CARE BOARD,X05,Other - Surgical Services,9512,6060,2,0.6371,True
RTT-April-2026,2026-04-01,RYJ,IMPERIAL COLLEGE HEALTHCARE NHS TRUST,NHS WEST AND NORTH LONDON INTEGRATED CARE BOARD,C_160,Plastic Surgery Service,1939,1040,1,0.5364,True
RTT-April-2026,2026-04-01,RYJ,IMPERIAL COLLEGE HEALTHCARE NHS TRUST,NHS WEST AND NORTH LONDON INTEGRATED CARE BOARD,C_340,Respiratory Medicine Service,2174,1730,0,0.7958,False
RTT-April-2026,2026-04-01,RYJ,IMPERIAL COLLEGE HEALTHCARE NHS TRUST,NHS WEST AND NORTH LONDON INTEGRATED CARE BOARD,C_410,Rheumatology Service,619,538,0,0.8691,False
RTT-April-2026,2026-04-01,RYJ,IMPERIAL COLLEGE HEALTHCARE NHS TRUST,NHS WEST AND NORTH LONDON INTEGRATED CARE BOARD,C_110,Trauma and Orthopaedic Service,2990,1900,2,0.6355,True
RTT-April-2026,2026-04-01,RYJ,IMPERIAL COLLEGE HEALTHCARE NHS TRUST,NHS WEST AND NORTH LONDON INTEGRATED CARE BOARD,C_101,Urology Service,3528,2232,4,0.6327,True
RTT-April-2026,2026-04-01,NXP,INDEPENDENT HEALTH GROUP,"NHS BATH AND NORTH EAST SOMERSET, SWINDON AND WILTSHIRE INTEGRATED CARE BOARD",C_100,General Surgery Service,359,353,0,0.9833,False
RTT-April-2026,2026-04-01,NXP,INDEPENDENT HEALTH GROUP,"NHS BATH AND NORTH EAST SOMERSET, SWINDON AND WILTSHIRE INTEGRATED CARE BOARD",C_130,Ophthalmology Service,263,263,0,1.0,False
RTT-April-2026,2026-04-01,NXP,INDEPENDENT HEALTH GROUP,"NHS BATH AND NORTH EAST SOMERSET, SWINDON AND WILTSHIRE INTEGRATED CARE BOARD",C_110,Trauma and Orthopaedic Service,272,229,0,0.8419,False
RTT-April-2026,2026-04-01,NXP,INDEPENDENT HEALTH GROUP,"NHS BATH AND NORTH EAST SOMERSET, SWINDON AND WILTSHIRE INTEGRATED CARE BOARD",C_101,Urology Service,227,226,0,0.9956,False
RTT-April-2026,2026-04-01,NV1,INHEALTH LIMITED,NHS THAMES VALLEY INTEGRATED CARE BOARD,C_120,Ear Nose and Throat Service,1063,856,0,0.8053,False
RTT-April-2026,2026-04-01,NCR,ISIGHT,NHS CHESHIRE AND MERSEYSIDE INTEGRATED CARE BOARD,C_130,Ophthalmology Service,1348,1183,0,0.8776,False
RTT-April-2026,2026-04-01,R1F,ISLE OF WIGHT NHS TRUST,NHS HAMPSHIRE AND ISLE OF WIGHT INTEGRATED CARE BOARD,C_320,Cardiology Service,929,478,0,0.5145,True
RTT-April-2026,2026-04-01,R1F,ISLE OF WIGHT NHS TRUST,NHS HAMPSHIRE AND ISLE OF WIGHT INTEGRATED CARE BOARD,C_120,Ear Nose and Throat Service,1081,593,0,0.5486,True
RTT-April-2026,2026-04-01,R1F,ISLE OF WIGHT NHS TRUST,NHS HAMPSHIRE AND ISLE OF WIGHT INTEGRATED CARE BOARD,C_430,Elderly Medicine Service,35,35,0,1.0,False
RTT-April-2026,2026-04-01,R1F,ISLE OF WIGHT NHS TRUST,NHS HAMPSHIRE AND ISLE OF WIGHT INTEGRATED CARE BOARD,C_301,Gastroenterology Service,800,573,0,0.7163,False
RTT-April-2026,2026-04-01,R1F,ISLE OF WIGHT NHS TRUST,NHS HAMPSHIRE AND ISLE OF WIGHT INTEGRATED CARE BOARD,C_300,General Internal Medicine Service,2,1,0,0.5,True
RTT-April-2026,2026-04-01,R1F,ISLE OF WIGHT NHS TRUST,NHS HAMPSHIRE AND ISLE OF WIGHT INTEGRATED CARE BOARD,C_100,General Surgery Service,708,363,2,0.5127,True
RTT-April-2026,2026-04-01,R1F,ISLE OF WIGHT NHS TRUST,NHS HAMPSHIRE AND ISLE OF WIGHT INTEGRATED CARE BOARD,C_502,Gynaecology Service,868,737,0,0.8491,False
RTT-April-2026,2026-04-01,R1F,ISLE OF WIGHT NHS TRUST,NHS HAMPSHIRE AND ISLE OF WIGHT INTEGRATED CARE BOARD,C_400,Neurology Service,1,1,0,1.0,False
RTT-April-2026,2026-04-01,R1F,ISLE OF WIGHT NHS TRUST,NHS HAMPSHIRE AND ISLE OF WIGHT INTEGRATED CARE BOARD,C_130,Ophthalmology Service,2246,1333,0,0.5935,True
RTT-April-2026,2026-04-01,R1F,ISLE OF WIGHT NHS TRUST,NHS HAMPSHIRE AND ISLE OF WIGHT INTEGRATED CARE BOARD,C_140,Oral Surgery Service,548,258,2,0.4708,True
RTT-April-2026,2026-04-01,R1F,ISLE OF WIGHT NHS TRUST,NHS HAMPSHIRE AND ISLE OF WIGHT INTEGRATED CARE BOARD,X02,Other - Medical Services,885,800,0,0.904,False
RTT-April-2026,2026-04-01,R1F,ISLE OF WIGHT NHS TRUST,NHS HAMPSHIRE AND ISLE OF WIGHT INTEGRATED CARE BOARD,X03,Other - Mental Health Services,7,7,0,1.0,False
RTT-April-2026,2026-04-01,R1F,ISLE OF WIGHT NHS TRUST,NHS HAMPSHIRE AND ISLE OF WIGHT INTEGRATED CARE BOARD,X06,Other - Other Services,60,55,0,0.9167,False
RTT-April-2026,2026-04-01,R1F,ISLE OF WIGHT NHS TRUST,NHS HAMPSHIRE AND ISLE OF WIGHT INTEGRATED CARE BOARD,X04,Other - Paediatric Services,33,33,0,1.0,False
RTT-April-2026,2026-04-01,R1F,ISLE OF WIGHT NHS TRUST,NHS HAMPSHIRE AND ISLE OF WIGHT INTEGRATED CARE BOARD,X05,Other - Surgical Services,1080,792,1,0.7333,False
RTT-April-2026,2026-04-01,R1F,ISLE OF WIGHT NHS TRUST,NHS HAMPSHIRE AND ISLE OF WIGHT INTEGRATED CARE BOARD,C_340,Respiratory Medicine Service,303,201,0,0.6634,True
RTT-April-2026,2026-04-01,R1F,ISLE OF WIGHT NHS TRUST,NHS HAMPSHIRE AND ISLE OF WIGHT INTEGRATED CARE BOARD,C_410,Rheumatology Service,656,462,0,0.7043,False
RTT-April-2026,2026-04-01,R1F,ISLE OF WIGHT NHS TRUST,NHS HAMPSHIRE AND ISLE OF WIGHT INTEGRATED CARE BOARD,C_110,Trauma and Orthopaedic Service,2127,961,59,0.4518,True
RTT-April-2026,2026-04-01,R1F,ISLE OF WIGHT NHS TRUST,NHS HAMPSHIRE AND ISLE OF WIGHT INTEGRATED CARE BOARD,C_101,Urology Service,388,374,0,0.9639,False
RTT-April-2026,2026-04-01,RGP,JAMES PAGET UNIVERSITY HOSPITALS NHS FOUNDATION TRUST,NHS NORFOLK AND SUFFOLK INTEGRATED CARE BOARD,C_320,Cardiology Service,1877,899,71,0.479,True
RTT-April-2026,2026-04-01,RGP,JAMES PAGET UNIVERSITY HOSPITALS NHS FOUNDATION TRUST,NHS NORFOLK AND SUFFOLK INTEGRATED CARE BOARD,C_330,Dermatology Service,1664,1168,3,0.7019,False
RTT-April-2026,2026-04-01,RGP,JAMES PAGET UNIVERSITY HOSPITALS NHS FOUNDATION TRUST,NHS NORFOLK AND SUFFOLK INTEGRATED CARE BOARD,C_120,Ear Nose and Throat Service,3658,1459,496,0.3989,True
RTT-April-2026,2026-04-01,RGP,JAMES PAGET UNIVERSITY HOSPITALS NHS FOUNDATION TRUST,NHS NORFOLK AND SUFFOLK INTEGRATED CARE BOARD,C_430,Elderly Medicine Service,16,11,0,0.6875,True
RTT-April-2026,2026-04-01,RGP,JAMES PAGET UNIVERSITY HOSPITALS NHS FOUNDATION TRUST,NHS NORFOLK AND SUFFOLK INTEGRATED CARE BOARD,C_301,Gastroenterology Service,2340,1096,96,0.4684,True
RTT-April-2026,2026-04-01,RGP,JAMES PAGET UNIVERSITY HOSPITALS NHS FOUNDATION TRUST,NHS NORFOLK AND SUFFOLK INTEGRATED CARE BOARD,C_300,General Internal Medicine Service,26,20,0,0.7692,False
RTT-April-2026,2026-04-01,RGP,JAMES PAGET UNIVERSITY HOSPITALS NHS FOUNDATION TRUST,NHS NORFOLK AND SUFFOLK INTEGRATED CARE BOARD,C_100,General Surgery Service,3276,1903,24,0.5809,True
RTT-April-2026,2026-04-01,RGP,JAMES PAGET UNIVERSITY HOSPITALS NHS FOUNDATION TRUST,NHS NORFOLK AND SUFFOLK INTEGRATED CARE BOARD,C_502,Gynaecology Service,2199,1287,94,0.5853,True
RTT-April-2026,2026-04-01,RGP,JAMES PAGET UNIVERSITY HOSPITALS NHS FOUNDATION TRUST,NHS NORFOLK AND SUFFOLK INTEGRATED CARE BOARD,C_400,Neurology Service,2409,922,138,0.3827,True
RTT-April-2026,2026-04-01,RGP,JAMES PAGET UNIVERSITY HOSPITALS NHS FOUNDATION TRUST,NHS NORFOLK AND SUFFOLK INTEGRATED CARE BOARD,C_130,Ophthalmology Service,3370,2055,74,0.6098,True
RTT-April-2026,2026-04-01,RGP,JAMES PAGET UNIVERSITY HOSPITALS NHS FOUNDATION TRUST,NHS NORFOLK AND SUFFOLK INTEGRATED CARE BOARD,C_140,Oral Surgery Service,878,418,26,0.4761,True
RTT-April-2026,2026-04-01,RGP,JAMES PAGET UNIVERSITY HOSPITALS NHS FOUNDATION TRUST,NHS NORFOLK AND SUFFOLK INTEGRATED CARE BOARD,X02,Other - Medical Services,686,581,6,0.8469,False
RTT-April-2026,2026-04-01,RGP,JAMES PAGET UNIVERSITY HOSPITALS NHS FOUNDATION TRUST,NHS NORFOLK AND SUFFOLK INTEGRATED CARE BOARD,X06,Other - Other Services,40,40,0,1.0,False
RTT-April-2026,2026-04-01,RGP,JAMES PAGET UNIVERSITY HOSPITALS NHS FOUNDATION TRUST,NHS NORFOLK AND SUFFOLK INTEGRATED CARE BOARD,X04,Other - Paediatric Services,2380,1375,115,0.5777,True
RTT-April-2026,2026-04-01,RGP,JAMES PAGET UNIVERSITY HOSPITALS NHS FOUNDATION TRUST,NHS NORFOLK AND SUFFOLK INTEGRATED CARE BOARD,X05,Other - Surgical Services,1988,1429,9,0.7188,False
RTT-April-2026,2026-04-01,RGP,JAMES PAGET UNIVERSITY HOSPITALS NHS FOUNDATION TRUST,NHS NORFOLK AND SUFFOLK INTEGRATED CARE BOARD,C_160,Plastic Surgery Service,154,87,1,0.5649,True
RTT-April-2026,2026-04-01,RGP,JAMES PAGET UNIVERSITY HOSPITALS NHS FOUNDATION TRUST,NHS NORFOLK AND SUFFOLK INTEGRATED CARE BOARD,C_340,Respiratory Medicine Service,935,741,1,0.7925,False
RTT-April-2026,2026-04-01,RGP,JAMES PAGET UNIVERSITY HOSPITALS NHS FOUNDATION TRUST,NHS NORFOLK AND SUFFOLK INTEGRATED CARE BOARD,C_410,Rheumatology Service,501,432,0,0.8623,False
RTT-April-2026,2026-04-01,RGP,JAMES PAGET UNIVERSITY HOSPITALS NHS FOUNDATION TRUST,NHS NORFOLK AND SUFFOLK INTEGRATED CARE BOARD,C_110,Trauma and Orthopaedic Service,2349,1445,15,0.6152,True
RTT-April-2026,2026-04-01,RGP,JAMES PAGET UNIVERSITY HOSPITALS NHS FOUNDATION TRUST,NHS NORFOLK AND SUFFOLK INTEGRATED CARE BOARD,C_101,Urology Service,2162,980,159,0.4533,True
RTT-April-2026,2026-04-01,RYY,KENT COMMUNITY HEALTH NHS FOUNDATION TRUST,NHS KENT AND MEDWAY INTEGRATED CARE BOARD,X02,Other - Medical Services,1145,1145,0,1.0,False
RTT-April-2026,2026-04-01,RYY,KENT COMMUNITY HEALTH NHS FOUNDATION TRUST,NHS KENT AND MEDWAY INTEGRATED CARE BOARD,C_110,Trauma and Orthopaedic Service,3680,3673,0,0.9981,False
RTT-April-2026,2026-04-01,RNQ,KETTERING GENERAL HOSPITAL NHS FOUNDATION TRUST,NHS NORTHAMPTONSHIRE INTEGRATED CARE BOARD,C_320,Cardiology Service,1403,1215,0,0.866,False
RTT-April-2026,2026-04-01,RNQ,KETTERING GENERAL HOSPITAL NHS FOUNDATION TRUST,NHS NORTHAMPTONSHIRE INTEGRATED CARE BOARD,C_330,Dermatology Service,1053,883,0,0.8386,False
RTT-April-2026,2026-04-01,RNQ,KETTERING GENERAL HOSPITAL NHS FOUNDATION TRUST,NHS NORTHAMPTONSHIRE INTEGRATED CARE BOARD,C_120,Ear Nose and Throat Service,2059,1077,8,0.5231,True
RTT-April-2026,2026-04-01,RNQ,KETTERING GENERAL HOSPITAL NHS FOUNDATION TRUST,NHS NORTHAMPTONSHIRE INTEGRATED CARE BOARD,C_430,Elderly Medicine Service,222,157,0,0.7072,False
RTT-April-2026,2026-04-01,RNQ,KETTERING GENERAL HOSPITAL NHS FOUNDATION TRUST,NHS NORTHAMPTONSHIRE INTEGRATED CARE BOARD,C_301,Gastroenterology Service,720,459,6,0.6375,True
RTT-April-2026,2026-04-01,RNQ,KETTERING GENERAL HOSPITAL NHS FOUNDATION TRUST,NHS NORTHAMPTONSHIRE INTEGRATED CARE BOARD,C_300,General Internal Medicine Service,3,3,0,1.0,False
RTT-April-2026,2026-04-01,RNQ,KETTERING GENERAL HOSPITAL NHS FOUNDATION TRUST,NHS NORTHAMPTONSHIRE INTEGRATED CARE BOARD,C_100,General Surgery Service,1743,1125,4,0.6454,True
RTT-April-2026,2026-04-01,RNQ,KETTERING GENERAL HOSPITAL NHS FOUNDATION TRUST,NHS NORTHAMPTONSHIRE INTEGRATED CARE BOARD,C_502,Gynaecology Service,2581,1647,2,0.6381,True
RTT-April-2026,2026-04-01,RNQ,KETTERING GENERAL HOSPITAL NHS FOUNDATION TRUST,NHS NORTHAMPTONSHIRE INTEGRATED CARE BOARD,C_400,Neurology Service,994,590,3,0.5936,True
RTT-April-2026,2026-04-01,RNQ,KETTERING GENERAL HOSPITAL NHS FOUNDATION TRUST,NHS NORTHAMPTONSHIRE INTEGRATED CARE BOARD,C_130,Ophthalmology Service,2476,1848,0,0.7464,False
RTT-April-2026,2026-04-01,RNQ,KETTERING GENERAL HOSPITAL NHS FOUNDATION TRUST,NHS NORTHAMPTONSHIRE INTEGRATED CARE BOARD,C_140,Oral Surgery Service,1628,572,30,0.3514,True
RTT-April-2026,2026-04-01,RNQ,KETTERING GENERAL HOSPITAL NHS FOUNDATION TRUST,NHS NORTHAMPTONSHIRE INTEGRATED CARE BOARD,X02,Other - Medical Services,3624,1924,52,0.5309,True
RTT-April-2026,2026-04-01,RNQ,KETTERING GENERAL HOSPITAL NHS FOUNDATION TRUST,NHS NORTHAMPTONSHIRE INTEGRATED CARE BOARD,X06,Other - Other Services,25,25,0,1.0,False
RTT-April-2026,2026-04-01,RNQ,KETTERING GENERAL HOSPITAL NHS FOUNDATION TRUST,NHS NORTHAMPTONSHIRE INTEGRATED CARE BOARD,X04,Other - Paediatric Services,222,174,0,0.7838,False
RTT-April-2026,2026-04-01,RNQ,KETTERING GENERAL HOSPITAL NHS FOUNDATION TRUST,NHS NORTHAMPTONSHIRE INTEGRATED CARE BOARD,X05,Other - Surgical Services,1365,759,2,0.556,True
RTT-April-2026,2026-04-01,RNQ,KETTERING GENERAL HOSPITAL NHS FOUNDATION TRUST,NHS NORTHAMPTONSHIRE INTEGRATED CARE BOARD,C_160,Plastic Surgery Service,87,69,0,0.7931,False
RTT-April-2026,2026-04-01,RNQ,KETTERING GENERAL HOSPITAL NHS FOUNDATION TRUST,NHS NORTHAMPTONSHIRE INTEGRATED CARE BOARD,C_340,Respiratory Medicine Service,739,565,1,0.7645,False
RTT-April-2026,2026-04-01,RNQ,KETTERING GENERAL HOSPITAL NHS FOUNDATION TRUST,NHS NORTHAMPTONSHIRE INTEGRATED CARE BOARD,C_410,Rheumatology Service,1075,717,2,0.667,True
RTT-April-2026,2026-04-01,RNQ,KETTERING GENERAL HOSPITAL NHS FOUNDATION TRUST,NHS NORTHAMPTONSHIRE INTEGRATED CARE BOARD,C_110,Trauma and Orthopaedic Service,1816,1140,0,0.6278,True
RTT-April-2026,2026-04-01,RNQ,KETTERING GENERAL HOSPITAL NHS FOUNDATION TRUST,NHS NORTHAMPTONSHIRE INTEGRATED CARE BOARD,C_101,Urology Service,1621,1112,1,0.686,True
RTT-April-2026,2026-04-01,ADP02,KIMS HOSPITAL (NEWNHAM COURT),NHS KENT AND MEDWAY INTEGRATED CARE BOARD,C_120,Ear Nose and Throat Service,23,21,0,0.913,False
RTT-April-2026,2026-04-01,ADP02,KIMS HOSPITAL (NEWNHAM COURT),NHS KENT AND MEDWAY INTEGRATED CARE BOARD,C_301,Gastroenterology Service,3,3,0,1.0,False
RTT-April-2026,2026-04-01,ADP02,KIMS HOSPITAL (NEWNHAM COURT),NHS KENT AND MEDWAY INTEGRATED CARE BOARD,C_100,General Surgery Service,30,27,1,0.9,False
RTT-April-2026,2026-04-01,ADP02,KIMS HOSPITAL (NEWNHAM COURT),NHS KENT AND MEDWAY INTEGRATED CARE BOARD,C_502,Gynaecology Service,131,118,0,0.9008,False
RTT-April-2026,2026-04-01,ADP02,KIMS HOSPITAL (NEWNHAM COURT),NHS KENT AND MEDWAY INTEGRATED CARE BOARD,X02,Other - Medical Services,283,221,1,0.7809,False
RTT-April-2026,2026-04-01,ADP02,KIMS HOSPITAL (NEWNHAM COURT),NHS KENT AND MEDWAY INTEGRATED CARE BOARD,C_110,Trauma and Orthopaedic Service,839,705,0,0.8403,False
RTT-April-2026,2026-04-01,ADP02,KIMS HOSPITAL (NEWNHAM COURT),NHS KENT AND MEDWAY INTEGRATED CARE BOARD,C_101,Urology Service,22,19,0,0.8636,False
RTT-April-2026,2026-04-01,RJZ,KING'S COLLEGE HOSPITAL NHS FOUNDATION TRUST,NHS SOUTH EAST LONDON INTEGRATED CARE BOARD,C_320,Cardiology Service,4726,3296,23,0.6974,True
RTT-April-2026,2026-04-01,RJZ,KING'S COLLEGE HOSPITAL NHS FOUNDATION TRUST,NHS SOUTH EAST LONDON INTEGRATED CARE BOARD,C_170,Cardiothoracic Surgery Service,98,85,0,0.8673,False
RTT-April-2026,2026-04-01,RJZ,KING'S COLLEGE HOSPITAL NHS FOUNDATION TRUST,NHS SOUTH EAST LONDON INTEGRATED CARE BOARD,C_330,Dermatology Service,2552,1861,3,0.7292,False
RTT-April-2026,2026-04-01,RJZ,KING'S COLLEGE HOSPITAL NHS FOUNDATION TRUST,NHS SOUTH EAST LONDON INTEGRATED CARE BOARD,C_120,Ear Nose and Throat Service,493,421,1,0.854,False
RTT-April-2026,2026-04-01,RJZ,KING'S COLLEGE HOSPITAL NHS FOUNDATION TRUST,NHS SOUTH EAST LONDON INTEGRATED CARE BOARD,C_430,Elderly Medicine Service,470,445,0,0.9468,False
RTT-April-2026,2026-04-01,RJZ,KING'S COLLEGE HOSPITAL NHS FOUNDATION TRUST,NHS SOUTH EAST LONDON INTEGRATED CARE BOARD,C_301,Gastroenterology Service,2646,1961,7,0.7411,False
RTT-April-2026,2026-04-01,RJZ,KING'S COLLEGE HOSPITAL NHS FOUNDATION TRUST,NHS SOUTH EAST LONDON INTEGRATED CARE BOARD,C_300,General Internal Medicine Service,550,507,0,0.9218,False
RTT-April-2026,2026-04-01,RJZ,KING'S COLLEGE HOSPITAL NHS FOUNDATION TRUST,NHS SOUTH EAST LONDON INTEGRATED CARE BOARD,C_100,General Surgery Service,4554,1738,210,0.3816,True
RTT-April-2026,2026-04-01,RJZ,KING'S COLLEGE HOSPITAL NHS FOUNDATION TRUST,NHS SOUTH EAST LONDON INTEGRATED CARE BOARD,C_502,Gynaecology Service,8117,4956,64,0.6106,True
RTT-April-2026,2026-04-01,RJZ,KING'S COLLEGE HOSPITAL NHS FOUNDATION TRUST,NHS SOUTH EAST LONDON INTEGRATED CARE BOARD,C_400,Neurology Service,2359,1865,2,0.7906,False
RTT-April-2026,2026-04-01,RJZ,KING'S COLLEGE HOSPITAL NHS FOUNDATION TRUST,NHS SOUTH EAST LONDON INTEGRATED CARE BOARD,C_150,Neurosurgical Service,2907,1990,34,0.6846,True
RTT-April-2026,2026-04-01,RJZ,KING'S COLLEGE HOSPITAL NHS FOUNDATION TRUST,NHS SOUTH EAST LONDON INTEGRATED CARE BOARD,C_130,Ophthalmology Service,12456,8019,343,0.6438,True
RTT-April-2026,2026-04-01,RJZ,KING'S COLLEGE HOSPITAL NHS FOUNDATION TRUST,NHS SOUTH EAST LONDON INTEGRATED CARE BOARD,C_140,Oral Surgery Service,9078,4958,113,0.5462,True
RTT-April-2026,2026-04-01,RJZ,KING'S COLLEGE HOSPITAL NHS FOUNDATION TRUST,NHS SOUTH EAST LONDON INTEGRATED CARE BOARD,X02,Other - Medical Services,7627,6406,22,0.8399,False
RTT-April-2026,2026-04-01,RJZ,KING'S COLLEGE HOSPITAL NHS FOUNDATION TRUST,NHS SOUTH EAST LONDON INTEGRATED CARE BOARD,X03,Other - Mental Health Services,15,14,0,0.9333,False
RTT-April-2026,2026-04-01,RJZ,KING'S COLLEGE HOSPITAL NHS FOUNDATION TRUST,NHS SOUTH EAST LONDON INTEGRATED CARE BOARD,X06,Other - Other Services,496,408,24,0.8226,False
RTT-April-2026,2026-04-01,RJZ,KING'S COLLEGE HOSPITAL NHS FOUNDATION TRUST,NHS SOUTH EAST LONDON INTEGRATED CARE BOARD,X04,Other - Paediatric Services,3918,2973,24,0.7588,False
RTT-April-2026,2026-04-01,RJZ,KING'S COLLEGE HOSPITAL NHS FOUNDATION TRUST,NHS SOUTH EAST LONDON INTEGRATED CARE BOARD,X05,Other - Surgical Services,11089,7078,332,0.6383,True
RTT-April-2026,2026-04-01,RJZ,KING'S COLLEGE HOSPITAL NHS FOUNDATION TRUST,NHS SOUTH EAST LONDON INTEGRATED CARE BOARD,C_160,Plastic Surgery Service,69,43,1,0.6232,True
RTT-April-2026,2026-04-01,RJZ,KING'S COLLEGE HOSPITAL NHS FOUNDATION TRUST,NHS SOUTH EAST LONDON INTEGRATED CARE BOARD,C_340,Respiratory Medicine Service,3046,2353,1,0.7725,False
RTT-April-2026,2026-04-01,RJZ,KING'S COLLEGE HOSPITAL NHS FOUNDATION TRUST,NHS SOUTH EAST LONDON INTEGRATED CARE BOARD,C_410,Rheumatology Service,1168,1019,1,0.8724,False
RTT-April-2026,2026-04-01,RJZ,KING'S COLLEGE HOSPITAL NHS FOUNDATION TRUST,NHS SOUTH EAST LONDON INTEGRATED CARE BOARD,C_110,Trauma and Orthopaedic Service,3836,2132,56,0.5558,True
RTT-April-2026,2026-04-01,RJZ,KING'S COLLEGE HOSPITAL NHS FOUNDATION TRUST,NHS SOUTH EAST LONDON INTEGRATED CARE BOARD,C_101,Urology Service,4269,3116,27,0.7299,False
RTT-April-2026,2026-04-01,NT421,KINGS OAK HOSPITAL,NHS WEST AND NORTH LONDON INTEGRATED CARE BOARD,C_301,Gastroenterology Service,29,19,0,0.6552,True
RTT-April-2026,2026-04-01,NT421,KINGS OAK HOSPITAL,NHS WEST AND NORTH LONDON INTEGRATED CARE BOARD,C_100,General Surgery Service,201,138,1,0.6866,True
RTT-April-2026,2026-04-01,NT421,KINGS OAK HOSPITAL,NHS WEST AND NORTH LONDON INTEGRATED CARE BOARD,C_502,Gynaecology Service,38,29,0,0.7632,False
RTT-April-2026,2026-04-01,NT421,KINGS OAK HOSPITAL,NHS WEST AND NORTH LONDON INTEGRATED CARE BOARD,C_110,Trauma and Orthopaedic Service,627,469,0,0.748,False
RTT-April-2026,2026-04-01,NT421,KINGS OAK HOSPITAL,NHS WEST AND NORTH LONDON INTEGRATED CARE BOARD,C_101,Urology Service,347,245,1,0.7061,False
RTT-April-2026,2026-04-01,RAX,KINGSTON AND RICHMOND NHS FOUNDATION TRUST,NHS SOUTH WEST LONDON INTEGRATED CARE BOARD,C_320,Cardiology Service,2217,1437,0,0.6482,True
RTT-April-2026,2026-04-01,RAX,KINGSTON AND RICHMOND NHS FOUNDATION TRUST,NHS SOUTH WEST LONDON INTEGRATED CARE BOARD,C_330,Dermatology Service,3510,1699,3,0.484,True
RTT-April-2026,2026-04-01,RAX,KINGSTON AND RICHMOND NHS FOUNDATION TRUST,NHS SOUTH WEST LONDON INTEGRATED CARE BOARD,C_120,Ear Nose and Throat Service,3973,2345,161,0.5902,True
RTT-April-2026,2026-04-01,RAX,KINGSTON AND RICHMOND NHS FOUNDATION TRUST,NHS SOUTH WEST LONDON INTEGRATED CARE BOARD,C_430,Elderly Medicine Service,13,11,0,0.8462,False
RTT-April-2026,2026-04-01,RAX,KINGSTON AND RICHMOND NHS FOUNDATION TRUST,NHS SOUTH WEST LONDON INTEGRATED CARE BOARD,C_301,Gastroenterology Service,3215,1988,0,0.6184,True
RTT-April-2026,2026-04-01,RAX,KINGSTON AND RICHMOND NHS FOUNDATION TRUST,NHS SOUTH WEST LONDON INTEGRATED CARE BOARD,C_300,General Internal Medicine Service,486,235,0,0.4835,True
RTT-April-2026,2026-04-01,RAX,KINGSTON AND RICHMOND NHS FOUNDATION TRUST,NHS SOUTH WEST LONDON INTEGRATED CARE BOARD,C_100,General Surgery Service,1421,843,1,0.5932,True
RTT-April-2026,2026-04-01,RAX,KINGSTON AND RICHMOND NHS FOUNDATION TRUST,NHS SOUTH WEST LONDON INTEGRATED CARE BOARD,C_502,Gynaecology Service,4119,2962,35,0.7191,False
RTT-April-2026,2026-04-01,RAX,KINGSTON AND RICHMOND NHS FOUNDATION TRUST,NHS SOUTH WEST LONDON INTEGRATED CARE BOARD,C_400,Neurology Service,835,682,0,0.8168,False
RTT-April-2026,2026-04-01,RAX,KINGSTON AND RICHMOND NHS FOUNDATION TRUST,NHS SOUTH WEST LONDON INTEGRATED CARE BOARD,C_130,Ophthalmology Service,4706,3522,0,0.7484,False
RTT-April-2026,2026-04-01,RAX,KINGSTON AND RICHMOND NHS FOUNDATION TRUST,NHS SOUTH WEST LONDON INTEGRATED CARE BOARD,C_140,Oral Surgery Service,1299,1087,0,0.8368,False
RTT-April-2026,2026-04-01,RAX,KINGSTON AND RICHMOND NHS FOUNDATION TRUST,NHS SOUTH WEST LONDON INTEGRATED CARE BOARD,X02,Other - Medical Services,1264,934,0,0.7389,False
RTT-April-2026,2026-04-01,RAX,KINGSTON AND RICHMOND NHS FOUNDATION TRUST,NHS SOUTH WEST LONDON INTEGRATED CARE BOARD,X06,Other - Other Services,27,20,0,0.7407,False
RTT-April-2026,2026-04-01,RAX,KINGSTON AND RICHMOND NHS FOUNDATION TRUST,NHS SOUTH WEST LONDON INTEGRATED CARE BOARD,X04,Other - Paediatric Services,1611,1066,43,0.6617,True
RTT-April-2026,2026-04-01,RAX,KINGSTON AND RICHMOND NHS FOUNDATION TRUST,NHS SOUTH WEST LONDON INTEGRATED CARE BOARD,X05,Other - Surgical Services,6165,3974,15,0.6446,True
RTT-April-2026,2026-04-01,RAX,KINGSTON AND RICHMOND NHS FOUNDATION TRUST,NHS SOUTH WEST LONDON INTEGRATED CARE BOARD,C_160,Plastic Surgery Service,273,220,0,0.8059,False
RTT-April-2026,2026-04-01,RAX,KINGSTON AND RICHMOND NHS FOUNDATION TRUST,NHS SOUTH WEST LONDON INTEGRATED CARE BOARD,C_340,Respiratory Medicine Service,716,507,0,0.7081,False
RTT-April-2026,2026-04-01,RAX,KINGSTON AND RICHMOND NHS FOUNDATION TRUST,NHS SOUTH WEST LONDON INTEGRATED CARE BOARD,C_410,Rheumatology Service,326,306,0,0.9387,False
RTT-April-2026,2026-04-01,RAX,KINGSTON AND RICHMOND NHS FOUNDATION TRUST,NHS SOUTH WEST LONDON INTEGRATED CARE BOARD,C_110,Trauma and Orthopaedic Service,3359,1757,3,0.5231,True
RTT-April-2026,2026-04-01,RAX,KINGSTON AND RICHMOND NHS FOUNDATION TRUST,NHS SOUTH WEST LONDON INTEGRATED CARE BOARD,C_101,Urology Service,1614,1335,1,0.8271,False
RTT-April-2026,2026-04-01,RW5,LANCASHIRE & SOUTH CUMBRIA NHS FOUNDATION TRUST,NHS LANCASHIRE AND SOUTH CUMBRIA INTEGRATED CARE BOARD,C_410,Rheumatology Service,455,427,0,0.9385,False
RTT-April-2026,2026-04-01,RW5,LANCASHIRE & SOUTH CUMBRIA NHS FOUNDATION TRUST,NHS LANCASHIRE AND SOUTH CUMBRIA INTEGRATED CARE BOARD,C_110,Trauma and Orthopaedic Service,3361,3178,0,0.9456,False
RTT-April-2026,2026-04-01,RXN,LANCASHIRE TEACHING HOSPITALS NHS FOUNDATION TRUST,NHS LANCASHIRE AND SOUTH CUMBRIA INTEGRATED CARE BOARD,C_320,Cardiology Service,2916,1923,1,0.6595,True
RTT-April-2026,2026-04-01,RXN,LANCASHIRE TEACHING HOSPITALS NHS FOUNDATION TRUST,NHS LANCASHIRE AND SOUTH CUMBRIA INTEGRATED CARE BOARD,C_330,Dermatology Service,1965,1188,7,0.6046,True
RTT-April-2026,2026-04-01,RXN,LANCASHIRE TEACHING HOSPITALS NHS FOUNDATION TRUST,NHS LANCASHIRE AND SOUTH CUMBRIA INTEGRATED CARE BOARD,C_120,Ear Nose and Throat Service,2996,1951,35,0.6512,True
RTT-April-2026,2026-04-01,RXN,LANCASHIRE TEACHING HOSPITALS NHS FOUNDATION TRUST,NHS LANCASHIRE AND SOUTH CUMBRIA INTEGRATED CARE BOARD,C_430,Elderly Medicine Service,159,137,8,0.8616,False
RTT-April-2026,2026-04-01,RXN,LANCASHIRE TEACHING HOSPITALS NHS FOUNDATION TRUST,NHS LANCASHIRE AND SOUTH CUMBRIA INTEGRATED CARE BOARD,C_301,Gastroenterology Service,2016,908,56,0.4504,True
RTT-April-2026,2026-04-01,RXN,LANCASHIRE TEACHING HOSPITALS NHS FOUNDATION TRUST,NHS LANCASHIRE AND SOUTH CUMBRIA INTEGRATED CARE BOARD,C_300,General Internal Medicine Service,1955,1211,12,0.6194,True
RTT-April-2026,2026-04-01,RXN,LANCASHIRE TEACHING HOSPITALS NHS FOUNDATION TRUST,NHS LANCASHIRE AND SOUTH CUMBRIA INTEGRATED CARE BOARD,C_100,General Surgery Service,207,107,1,0.5169,True
RTT-April-2026,2026-04-01,RXN,LANCASHIRE TEACHING HOSPITALS NHS FOUNDATION TRUST,NHS LANCASHIRE AND SOUTH CUMBRIA INTEGRATED CARE BOARD,C_502,Gynaecology Service,1893,983,20,0.5193,True
RTT-April-2026,2026-04-01,RXN,LANCASHIRE TEACHING HOSPITALS NHS FOUNDATION TRUST,NHS LANCASHIRE AND SOUTH CUMBRIA INTEGRATED CARE BOARD,C_400,Neurology Service,8459,3958,322,0.4679,True
RTT-April-2026,2026-04-01,RXN,LANCASHIRE TEACHING HOSPITALS NHS FOUNDATION TRUST,NHS LANCASHIRE AND SOUTH CUMBRIA INTEGRATED CARE BOARD,C_150,Neurosurgical Service,3654,2176,2,0.5955,True
RTT-April-2026,2026-04-01,RXN,LANCASHIRE TEACHING HOSPITALS NHS FOUNDATION TRUST,NHS LANCASHIRE AND SOUTH CUMBRIA INTEGRATED CARE BOARD,C_130,Ophthalmology Service,3672,2657,2,0.7236,False
RTT-April-2026,2026-04-01,RXN,LANCASHIRE TEACHING HOSPITALS NHS FOUNDATION TRUST,NHS LANCASHIRE AND SOUTH CUMBRIA INTEGRATED CARE BOARD,C_140,Oral Surgery Service,4362,2279,37,0.5225,True
RTT-April-2026,2026-04-01,RXN,LANCASHIRE TEACHING HOSPITALS NHS FOUNDATION TRUST,NHS LANCASHIRE AND SOUTH CUMBRIA INTEGRATED CARE BOARD,X02,Other - Medical Services,6344,3655,22,0.5761,True
RTT-April-2026,2026-04-01,RXN,LANCASHIRE TEACHING HOSPITALS NHS FOUNDATION TRUST,NHS LANCASHIRE AND SOUTH CUMBRIA INTEGRATED CARE BOARD,X06,Other - Other Services,544,497,2,0.9136,False
RTT-April-2026,2026-04-01,RXN,LANCASHIRE TEACHING HOSPITALS NHS FOUNDATION TRUST,NHS LANCASHIRE AND SOUTH CUMBRIA INTEGRATED CARE BOARD,X04,Other - Paediatric Services,2019,1115,0,0.5523,True
RTT-April-2026,2026-04-01,RXN,LANCASHIRE TEACHING HOSPITALS NHS FOUNDATION TRUST,NHS LANCASHIRE AND SOUTH CUMBRIA INTEGRATED CARE BOARD,X05,Other - Surgical Services,7501,4401,198,0.5867,True
RTT-April-2026,2026-04-01,RXN,LANCASHIRE TEACHING HOSPITALS NHS FOUNDATION TRUST,NHS LANCASHIRE AND SOUTH CUMBRIA INTEGRATED CARE BOARD,C_160,Plastic Surgery Service,4104,2153,89,0.5246,True
RTT-April-2026,2026-04-01,RXN,LANCASHIRE TEACHING HOSPITALS NHS FOUNDATION TRUST,NHS LANCASHIRE AND SOUTH CUMBRIA INTEGRATED CARE BOARD,C_110,Trauma and Orthopaedic Service,4527,2443,14,0.5397,True
RTT-April-2026,2026-04-01,RXN,LANCASHIRE TEACHING HOSPITALS NHS FOUNDATION TRUST,NHS LANCASHIRE AND SOUTH CUMBRIA INTEGRATED CARE BOARD,C_101,Urology Service,2036,1444,12,0.7092,False
RTT-April-2026,2026-04-01,NLE01,LANCASTER HOUSE CONSULTING DIAGNOSTICS SURGICAL LTD HQ,NHS GREATER MANCHESTER INTEGRATED CARE BOARD,C_502,Gynaecology Service,553,487,0,0.8807,False
RTT-April-2026,2026-04-01,NLE01,LANCASTER HOUSE CONSULTING DIAGNOSTICS SURGICAL LTD HQ,NHS GREATER MANCHESTER INTEGRATED CARE BOARD,C_101,Urology Service,758,622,0,0.8206,False
RTT-April-2026,2026-04-01,NT449,LANCASTER PRIVATE HOSPITAL,NHS LANCASHIRE AND SOUTH CUMBRIA INTEGRATED CARE BOARD,C_320,Cardiology Service,1,0,0,0.0,True
RTT-April-2026,2026-04-01,NT449,LANCASTER PRIVATE HOSPITAL,NHS LANCASHIRE AND SOUTH CUMBRIA INTEGRATED CARE BOARD,C_100,General Surgery Service,23,15,0,0.6522,True
RTT-April-2026,2026-04-01,NT449,LANCASTER PRIVATE HOSPITAL,NHS LANCASHIRE AND SOUTH CUMBRIA INTEGRATED CARE BOARD,C_502,Gynaecology Service,30,30,0,1.0,False
RTT-April-2026,2026-04-01,NT449,LANCASTER PRIVATE HOSPITAL,NHS LANCASHIRE AND SOUTH CUMBRIA INTEGRATED CARE BOARD,X06,Other - Other Services,1,0,0,0.0,True
RTT-April-2026,2026-04-01,NT449,LANCASTER PRIVATE HOSPITAL,NHS LANCASHIRE AND SOUTH CUMBRIA INTEGRATED CARE BOARD,C_110,Trauma and Orthopaedic Service,243,207,1,0.8519,False
RTT-April-2026,2026-04-01,NT449,LANCASTER PRIVATE HOSPITAL,NHS LANCASHIRE AND SOUTH CUMBRIA INTEGRATED CARE BOARD,C_101,Urology Service,1,1,0,1.0,False
RTT-April-2026,2026-04-01,RR8,LEEDS TEACHING HOSPITALS NHS TRUST,NHS WEST YORKSHIRE INTEGRATED CARE BOARD,C_320,Cardiology Service,3197,3085,0,0.965,False
RTT-April-2026,2026-04-01,RR8,LEEDS TEACHING HOSPITALS NHS TRUST,NHS WEST YORKSHIRE INTEGRATED CARE BOARD,C_170,Cardiothoracic Surgery Service,484,377,0,0.7789,False
RTT-April-2026,2026-04-01,RR8,LEEDS TEACHING HOSPITALS NHS TRUST,NHS WEST YORKSHIRE INTEGRATED CARE BOARD,C_330,Dermatology Service,5768,3555,74,0.6163,True
RTT-April-2026,2026-04-01,RR8,LEEDS TEACHING HOSPITALS NHS TRUST,NHS WEST YORKSHIRE INTEGRATED CARE BOARD,C_120,Ear Nose and Throat Service,3972,1854,382,0.4668,True
RTT-April-2026,2026-04-01,RR8,LEEDS TEACHING HOSPITALS NHS TRUST,NHS WEST YORKSHIRE INTEGRATED CARE BOARD,C_430,Elderly Medicine Service,42,42,0,1.0,False
RTT-April-2026,2026-04-01,RR8,LEEDS TEACHING HOSPITALS NHS TRUST,NHS WEST YORKSHIRE INTEGRATED CARE BOARD,C_301,Gastroenterology Service,3133,2305,1,0.7357,False
RTT-April-2026,2026-04-01,RR8,LEEDS TEACHING HOSPITALS NHS TRUST,NHS WEST YORKSHIRE INTEGRATED CARE BOARD,C_300,General Internal Medicine Service,63,58,2,0.9206,False
RTT-April-2026,2026-04-01,RR8,LEEDS TEACHING HOSPITALS NHS TRUST,NHS WEST YORKSHIRE INTEGRATED CARE BOARD,C_100,General Surgery Service,1517,1158,1,0.7633,False
RTT-April-2026,2026-04-01,RR8,LEEDS TEACHING HOSPITALS NHS TRUST,NHS WEST YORKSHIRE INTEGRATED CARE BOARD,C_502,Gynaecology Service,9676,6133,19,0.6338,True
RTT-April-2026,2026-04-01,RR8,LEEDS TEACHING HOSPITALS NHS TRUST,NHS WEST YORKSHIRE INTEGRATED CARE BOARD,C_400,Neurology Service,2782,2075,0,0.7459,False
RTT-April-2026,2026-04-01,RR8,LEEDS TEACHING HOSPITALS NHS TRUST,NHS WEST YORKSHIRE INTEGRATED CARE BOARD,C_150,Neurosurgical Service,588,407,19,0.6922,True
RTT-April-2026,2026-04-01,RR8,LEEDS TEACHING HOSPITALS NHS TRUST,NHS WEST YORKSHIRE INTEGRATED CARE BOARD,C_130,Ophthalmology Service,4897,4101,0,0.8375,False
RTT-April-2026,2026-04-01,RR8,LEEDS TEACHING HOSPITALS NHS TRUST,NHS WEST YORKSHIRE INTEGRATED CARE BOARD,C_140,Oral Surgery Service,2184,1521,29,0.6964,True
RTT-April-2026,2026-04-01,RR8,LEEDS TEACHING HOSPITALS NHS TRUST,NHS WEST YORKSHIRE INTEGRATED CARE BOARD,X02,Other - Medical Services,13635,9815,91,0.7198,False
RTT-April-2026,2026-04-01,RR8,LEEDS TEACHING HOSPITALS NHS TRUST,NHS WEST YORKSHIRE INTEGRATED CARE BOARD,X06,Other - Other Services,997,899,7,0.9017,False
RTT-April-2026,2026-04-01,RR8,LEEDS TEACHING HOSPITALS NHS TRUST,NHS WEST YORKSHIRE INTEGRATED CARE BOARD,X04,Other - Paediatric Services,10274,6507,274,0.6333,True
RTT-April-2026,2026-04-01,RR8,LEEDS TEACHING HOSPITALS NHS TRUST,NHS WEST YORKSHIRE INTEGRATED CARE BOARD,X05,Other - Surgical Services,8067,4995,21,0.6192,True
RTT-April-2026,2026-04-01,RR8,LEEDS TEACHING HOSPITALS NHS TRUST,NHS WEST YORKSHIRE INTEGRATED CARE BOARD,C_160,Plastic Surgery Service,2415,1401,121,0.5801,True
RTT-April-2026,2026-04-01,RR8,LEEDS TEACHING HOSPITALS NHS TRUST,NHS WEST YORKSHIRE INTEGRATED CARE BOARD,C_340,Respiratory Medicine Service,938,809,1,0.8625,False
RTT-April-2026,2026-04-01,RR8,LEEDS TEACHING HOSPITALS NHS TRUST,NHS WEST YORKSHIRE INTEGRATED CARE BOARD,C_410,Rheumatology Service,2168,1404,0,0.6476,True
RTT-April-2026,2026-04-01,RR8,LEEDS TEACHING HOSPITALS NHS TRUST,NHS WEST YORKSHIRE INTEGRATED CARE BOARD,C_110,Trauma and Orthopaedic Service,5866,3283,262,0.5597,True
RTT-April-2026,2026-04-01,RR8,LEEDS TEACHING HOSPITALS NHS TRUST,NHS WEST YORKSHIRE INTEGRATED CARE BOARD,C_101,Urology Service,4062,2758,0,0.679,True
RTT-April-2026,2026-04-01,RJ2,LEWISHAM AND GREENWICH NHS TRUST,NHS SOUTH EAST LONDON INTEGRATED CARE BOARD,C_320,Cardiology Service,3078,2083,1,0.6767,True
RTT-April-2026,2026-04-01,RJ2,LEWISHAM AND GREENWICH NHS TRUST,NHS SOUTH EAST LONDON INTEGRATED CARE BOARD,C_330,Dermatology Service,3122,2654,1,0.8501,False
RTT-April-2026,2026-04-01,RJ2,LEWISHAM AND GREENWICH NHS TRUST,NHS SOUTH EAST LONDON INTEGRATED CARE BOARD,C_120,Ear Nose and Throat Service,8808,4564,200,0.5182,True
RTT-April-2026,2026-04-01,RJ2,LEWISHAM AND GREENWICH NHS TRUST,NHS SOUTH EAST LONDON INTEGRATED CARE BOARD,C_430,Elderly Medicine Service,299,292,0,0.9766,False
RTT-April-2026,2026-04-01,RJ2,LEWISHAM AND GREENWICH NHS TRUST,NHS SOUTH EAST LONDON INTEGRATED CARE BOARD,C_301,Gastroenterology Service,6045,3566,45,0.5899,True
RTT-April-2026,2026-04-01,RJ2,LEWISHAM AND GREENWICH NHS TRUST,NHS SOUTH EAST LONDON INTEGRATED CARE BOARD,C_300,General Internal Medicine Service,587,228,85,0.3884,True
RTT-April-2026,2026-04-01,RJ2,LEWISHAM AND GREENWICH NHS TRUST,NHS SOUTH EAST LONDON INTEGRATED CARE BOARD,C_100,General Surgery Service,6498,4476,86,0.6888,True
RTT-April-2026,2026-04-01,RJ2,LEWISHAM AND GREENWICH NHS TRUST,NHS SOUTH EAST LONDON INTEGRATED CARE BOARD,C_502,Gynaecology Service,7857,4532,86,0.5768,True
RTT-April-2026,2026-04-01,RJ2,LEWISHAM AND GREENWICH NHS TRUST,NHS SOUTH EAST LONDON INTEGRATED CARE BOARD,C_400,Neurology Service,1831,1429,0,0.7804,False
RTT-April-2026,2026-04-01,RJ2,LEWISHAM AND GREENWICH NHS TRUST,NHS SOUTH EAST LONDON INTEGRATED CARE BOARD,X02,Other - Medical Services,2118,1841,3,0.8692,False
RTT-April-2026,2026-04-01,RJ2,LEWISHAM AND GREENWICH NHS TRUST,NHS SOUTH EAST LONDON INTEGRATED CARE BOARD,X06,Other - Other Services,13,13,0,1.0,False
RTT-April-2026,2026-04-01,RJ2,LEWISHAM AND GREENWICH NHS TRUST,NHS SOUTH EAST LONDON INTEGRATED CARE BOARD,X04,Other - Paediatric Services,2021,1775,2,0.8783,False
RTT-April-2026,2026-04-01,RJ2,LEWISHAM AND GREENWICH NHS TRUST,NHS SOUTH EAST LONDON INTEGRATED CARE BOARD,X05,Other - Surgical Services,1647,953,10,0.5786,True
RTT-April-2026,2026-04-01,RJ2,LEWISHAM AND GREENWICH NHS TRUST,NHS SOUTH EAST LONDON INTEGRATED CARE BOARD,C_160,Plastic Surgery Service,15,8,1,0.5333,True
RTT-April-2026,2026-04-01,RJ2,LEWISHAM AND GREENWICH NHS TRUST,NHS SOUTH EAST LONDON INTEGRATED CARE BOARD,C_340,Respiratory Medicine Service,2098,1726,0,0.8227,False
RTT-April-2026,2026-04-01,RJ2,LEWISHAM AND GREENWICH NHS TRUST,NHS SOUTH EAST LONDON INTEGRATED CARE BOARD,C_410,Rheumatology Service,770,650,0,0.8442,False
RTT-April-2026,2026-04-01,RJ2,LEWISHAM AND GREENWICH NHS TRUST,NHS SOUTH EAST LONDON INTEGRATED CARE BOARD,C_110,Trauma and Orthopaedic Service,5815,3397,227,0.5842,True
RTT-April-2026,2026-04-01,RJ2,LEWISHAM AND GREENWICH NHS TRUST,NHS SOUTH EAST LONDON INTEGRATED CARE BOARD,C_101,Urology Service,3693,1929,101,0.5223,True
RTT-April-2026,2026-04-01,NT450,LINCOLN PRIVATE HOSPITAL,NHS LINCOLNSHIRE INTEGRATED CARE BOARD,C_301,Gastroenterology Service,23,7,0,0.3043,True
RTT-April-2026,2026-04-01,NT450,LINCOLN PRIVATE HOSPITAL,NHS LINCOLNSHIRE INTEGRATED CARE BOARD,C_100,General Surgery Service,30,10,0,0.3333,True
RTT-April-2026,2026-04-01,NT450,LINCOLN PRIVATE HOSPITAL,NHS LINCOLNSHIRE INTEGRATED CARE BOARD,C_130,Ophthalmology Service,138,84,0,0.6087,True
RTT-April-2026,2026-04-01,NT450,LINCOLN PRIVATE HOSPITAL,NHS LINCOLNSHIRE INTEGRATED CARE BOARD,X06,Other - Other Services,3,3,0,1.0,False
RTT-April-2026,2026-04-01,NT450,LINCOLN PRIVATE HOSPITAL,NHS LINCOLNSHIRE INTEGRATED CARE BOARD,C_110,Trauma and Orthopaedic Service,864,518,0,0.5995,True
RTT-April-2026,2026-04-01,NT450,LINCOLN PRIVATE HOSPITAL,NHS LINCOLNSHIRE INTEGRATED CARE BOARD,C_101,Urology Service,94,56,0,0.5957,True
RTT-April-2026,2026-04-01,RP7,LINCOLNSHIRE PARTNERSHIP NHS FOUNDATION TRUST,NHS LINCOLNSHIRE INTEGRATED CARE BOARD,X03,Other - Mental Health Services,10,9,0,0.9,False
RTT-April-2026,2026-04-01,RBQ,LIVERPOOL HEART AND CHEST HOSPITAL NHS FOUNDATION TRUST,NHS CHESHIRE AND MERSEYSIDE INTEGRATED CARE BOARD,C_320,Cardiology Service,3292,2598,0,0.7892,False
RTT-April-2026,2026-04-01,RBQ,LIVERPOOL HEART AND CHEST HOSPITAL NHS FOUNDATION TRUST,NHS CHESHIRE AND MERSEYSIDE INTEGRATED CARE BOARD,C_170,Cardiothoracic Surgery Service,1066,655,21,0.6144,True
RTT-April-2026,2026-04-01,RBQ,LIVERPOOL HEART AND CHEST HOSPITAL NHS FOUNDATION TRUST,NHS CHESHIRE AND MERSEYSIDE INTEGRATED CARE BOARD,X02,Other - Medical Services,732,632,0,0.8634,False
RTT-April-2026,2026-04-01,RBQ,LIVERPOOL HEART AND CHEST HOSPITAL NHS FOUNDATION TRUST,NHS CHESHIRE AND MERSEYSIDE INTEGRATED CARE BOARD,C_340,Respiratory Medicine Service,925,860,0,0.9297,False
RTT-April-2026,2026-04-01,REM,LIVERPOOL UNIVERSITY HOSPITALS NHS FOUNDATION TRUST,NHS CHESHIRE AND MERSEYSIDE INTEGRATED CARE BOARD,C_320,Cardiology Service,3023,2307,11,0.7631,False
RTT-April-2026,2026-04-01,REM,LIVERPOOL UNIVERSITY HOSPITALS NHS FOUNDATION TRUST,NHS CHESHIRE AND MERSEYSIDE INTEGRATED CARE BOARD,C_330,Dermatology Service,3337,2199,2,0.659,True
RTT-April-2026,2026-04-01,REM,LIVERPOOL UNIVERSITY HOSPITALS NHS FOUNDATION TRUST,NHS CHESHIRE AND MERSEYSIDE INTEGRATED CARE BOARD,C_120,Ear Nose and Throat Service,4810,2605,103,0.5416,True
RTT-April-2026,2026-04-01,REM,LIVERPOOL UNIVERSITY HOSPITALS NHS FOUNDATION TRUST,NHS CHESHIRE AND MERSEYSIDE INTEGRATED CARE BOARD,C_430,Elderly Medicine Service,1070,673,0,0.629,True
RTT-April-2026,2026-04-01,REM,LIVERPOOL UNIVERSITY HOSPITALS NHS FOUNDATION TRUST,NHS CHESHIRE AND MERSEYSIDE INTEGRATED CARE BOARD,C_301,Gastroenterology Service,6273,3867,13,0.6165,True
RTT-April-2026,2026-04-01,REM,LIVERPOOL UNIVERSITY HOSPITALS NHS FOUNDATION TRUST,NHS CHESHIRE AND MERSEYSIDE INTEGRATED CARE BOARD,C_300,General Internal Medicine Service,48,45,0,0.9375,False
RTT-April-2026,2026-04-01,REM,LIVERPOOL UNIVERSITY HOSPITALS NHS FOUNDATION TRUST,NHS CHESHIRE AND MERSEYSIDE INTEGRATED CARE BOARD,C_100,General Surgery Service,2023,853,55,0.4217,True
RTT-April-2026,2026-04-01,REM,LIVERPOOL UNIVERSITY HOSPITALS NHS FOUNDATION TRUST,NHS CHESHIRE AND MERSEYSIDE INTEGRATED CARE BOARD,C_130,Ophthalmology Service,7235,5413,1,0.7482,False
RTT-April-2026,2026-04-01,REM,LIVERPOOL UNIVERSITY HOSPITALS NHS FOUNDATION TRUST,NHS CHESHIRE AND MERSEYSIDE INTEGRATED CARE BOARD,C_140,Oral Surgery Service,4232,2027,117,0.479,True
RTT-April-2026,2026-04-01,REM,LIVERPOOL UNIVERSITY HOSPITALS NHS FOUNDATION TRUST,NHS CHESHIRE AND MERSEYSIDE INTEGRATED CARE BOARD,X02,Other - Medical Services,4204,2745,13,0.6529,True
RTT-April-2026,2026-04-01,REM,LIVERPOOL UNIVERSITY HOSPITALS NHS FOUNDATION TRUST,NHS CHESHIRE AND MERSEYSIDE INTEGRATED CARE BOARD,X06,Other - Other Services,3527,2189,0,0.6206,True
RTT-April-2026,2026-04-01,REM,LIVERPOOL UNIVERSITY HOSPITALS NHS FOUNDATION TRUST,NHS CHESHIRE AND MERSEYSIDE INTEGRATED CARE BOARD,X04,Other - Paediatric Services,915,471,8,0.5148,True
RTT-April-2026,2026-04-01,REM,LIVERPOOL UNIVERSITY HOSPITALS NHS FOUNDATION TRUST,NHS CHESHIRE AND MERSEYSIDE INTEGRATED CARE BOARD,X05,Other - Surgical Services,8975,4983,145,0.5552,True
RTT-April-2026,2026-04-01,REM,LIVERPOOL UNIVERSITY HOSPITALS NHS FOUNDATION TRUST,NHS CHESHIRE AND MERSEYSIDE INTEGRATED CARE BOARD,C_160,Plastic Surgery Service,209,60,0,0.2871,True
RTT-April-2026,2026-04-01,REM,LIVERPOOL UNIVERSITY HOSPITALS NHS FOUNDATION TRUST,NHS CHESHIRE AND MERSEYSIDE INTEGRATED CARE BOARD,C_340,Respiratory Medicine Service,1327,1227,0,0.9246,False
RTT-April-2026,2026-04-01,REM,LIVERPOOL UNIVERSITY HOSPITALS NHS FOUNDATION TRUST,NHS CHESHIRE AND MERSEYSIDE INTEGRATED CARE BOARD,C_410,Rheumatology Service,521,448,0,0.8599,False
RTT-April-2026,2026-04-01,REM,LIVERPOOL UNIVERSITY HOSPITALS NHS FOUNDATION TRUST,NHS CHESHIRE AND MERSEYSIDE INTEGRATED CARE BOARD,C_110,Trauma and Orthopaedic Service,4654,2384,173,0.5122,True
RTT-April-2026,2026-04-01,REM,LIVERPOOL UNIVERSITY HOSPITALS NHS FOUNDATION TRUST,NHS CHESHIRE AND MERSEYSIDE INTEGRATED CARE BOARD,C_101,Urology Service,3325,1751,23,0.5266,True
RTT-April-2026,2026-04-01,REP,LIVERPOOL WOMEN'S NHS FOUNDATION TRUST,NHS CHESHIRE AND MERSEYSIDE INTEGRATED CARE BOARD,C_502,Gynaecology Service,10523,6224,292,0.5915,True
RTT-April-2026,2026-04-01,REP,LIVERPOOL WOMEN'S NHS FOUNDATION TRUST,NHS CHESHIRE AND MERSEYSIDE INTEGRATED CARE BOARD,X06,Other - Other Services,1303,987,0,0.7575,False
RTT-April-2026,2026-04-01,NR5,LIVEWELL SOUTHWEST,NHS DEVON INTEGRATED CARE BOARD,C_430,Elderly Medicine Service,19,19,0,1.0,False
RTT-April-2026,2026-04-01,NR5,LIVEWELL SOUTHWEST,NHS DEVON INTEGRATED CARE BOARD,X02,Other - Medical Services,45,43,0,0.9556,False
RTT-April-2026,2026-04-01,NL8,LOCALA COMMUNITY PARTNERSHIPS CIC,NHS WEST YORKSHIRE INTEGRATED CARE BOARD,C_330,Dermatology Service,1183,987,0,0.8343,False
RTT-April-2026,2026-04-01,NL8,LOCALA COMMUNITY PARTNERSHIPS CIC,NHS WEST YORKSHIRE INTEGRATED CARE BOARD,X05,Other - Surgical Services,103,92,0,0.8932,False
RTT-April-2026,2026-04-01,NT422,LONDON INDEPENDENT HOSPITAL,NHS NORTH EAST LONDON INTEGRATED CARE BOARD,C_301,Gastroenterology Service,152,145,0,0.9539,False
RTT-April-2026,2026-04-01,NT422,LONDON INDEPENDENT HOSPITAL,NHS NORTH EAST LONDON INTEGRATED CARE BOARD,C_100,General Surgery Service,861,725,2,0.842,False
RTT-April-2026,2026-04-01,NT422,LONDON INDEPENDENT HOSPITAL,NHS NORTH EAST LONDON INTEGRATED CARE BOARD,C_502,Gynaecology Service,51,40,2,0.7843,False
RTT-April-2026,2026-04-01,NT422,LONDON INDEPENDENT HOSPITAL,NHS NORTH EAST LONDON INTEGRATED CARE BOARD,C_150,Neurosurgical Service,19,18,0,0.9474,False
RTT-April-2026,2026-04-01,NT422,LONDON INDEPENDENT HOSPITAL,NHS NORTH EAST LONDON INTEGRATED CARE BOARD,C_130,Ophthalmology Service,103,99,0,0.9612,False
RTT-April-2026,2026-04-01,NT422,LONDON INDEPENDENT HOSPITAL,NHS NORTH EAST LONDON INTEGRATED CARE BOARD,X06,Other - Other Services,221,140,0,0.6335,True
RTT-April-2026,2026-04-01,NT422,LONDON INDEPENDENT HOSPITAL,NHS NORTH EAST LONDON INTEGRATED CARE BOARD,C_410,Rheumatology Service,1,1,0,1.0,False
RTT-April-2026,2026-04-01,NT422,LONDON INDEPENDENT HOSPITAL,NHS NORTH EAST LONDON INTEGRATED CARE BOARD,C_110,Trauma and Orthopaedic Service,2019,1622,3,0.8034,False
RTT-April-2026,2026-04-01,NT422,LONDON INDEPENDENT HOSPITAL,NHS NORTH EAST LONDON INTEGRATED CARE BOARD,C_101,Urology Service,564,423,0,0.75,False
RTT-April-2026,2026-04-01,R1K,LONDON NORTH WEST UNIVERSITY HEALTHCARE NHS TRUST,NHS WEST AND NORTH LONDON INTEGRATED CARE BOARD,C_320,Cardiology Service,5120,2930,26,0.5723,True
RTT-April-2026,2026-04-01,R1K,LONDON NORTH WEST UNIVERSITY HEALTHCARE NHS TRUST,NHS WEST AND NORTH LONDON INTEGRATED CARE BOARD,C_330,Dermatology Service,3704,1716,6,0.4633,True
RTT-April-2026,2026-04-01,R1K,LONDON NORTH WEST UNIVERSITY HEALTHCARE NHS TRUST,NHS WEST AND NORTH LONDON INTEGRATED CARE BOARD,C_120,Ear Nose and Throat Service,9056,4057,487,0.448,True
RTT-April-2026,2026-04-01,R1K,LONDON NORTH WEST UNIVERSITY HEALTHCARE NHS TRUST,NHS WEST AND NORTH LONDON INTEGRATED CARE BOARD,C_430,Elderly Medicine Service,108,103,0,0.9537,False
RTT-April-2026,2026-04-01,R1K,LONDON NORTH WEST UNIVERSITY HEALTHCARE NHS TRUST,NHS WEST AND NORTH LONDON INTEGRATED CARE BOARD,C_301,Gastroenterology Service,7326,5141,18,0.7017,False
RTT-April-2026,2026-04-01,R1K,LONDON NORTH WEST UNIVERSITY HEALTHCARE NHS TRUST,NHS WEST AND NORTH LONDON INTEGRATED CARE BOARD,C_300,General Internal Medicine Service,2,2,0,1.0,False
RTT-April-2026,2026-04-01,R1K,LONDON NORTH WEST UNIVERSITY HEALTHCARE NHS TRUST,NHS WEST AND NORTH LONDON INTEGRATED CARE BOARD,C_100,General Surgery Service,3239,1889,9,0.5832,True
RTT-April-2026,2026-04-01,R1K,LONDON NORTH WEST UNIVERSITY HEALTHCARE NHS TRUST,NHS WEST AND NORTH LONDON INTEGRATED CARE BOARD,C_502,Gynaecology Service,5652,3679,45,0.6509,True
RTT-April-2026,2026-04-01,R1K,LONDON NORTH WEST UNIVERSITY HEALTHCARE NHS TRUST,NHS WEST AND NORTH LONDON INTEGRATED CARE BOARD,C_400,Neurology Service,1428,1176,0,0.8235,False
RTT-April-2026,2026-04-01,R1K,LONDON NORTH WEST UNIVERSITY HEALTHCARE NHS TRUST,NHS WEST AND NORTH LONDON INTEGRATED CARE BOARD,C_150,Neurosurgical Service,2,1,0,0.5,True
RTT-April-2026,2026-04-01,R1K,LONDON NORTH WEST UNIVERSITY HEALTHCARE NHS TRUST,NHS WEST AND NORTH LONDON INTEGRATED CARE BOARD,C_130,Ophthalmology Service,1490,1278,1,0.8577,False
RTT-April-2026,2026-04-01,R1K,LONDON NORTH WEST UNIVERSITY HEALTHCARE NHS TRUST,NHS WEST AND NORTH LONDON INTEGRATED CARE BOARD,C_140,Oral Surgery Service,8662,4844,13,0.5592,True
RTT-April-2026,2026-04-01,R1K,LONDON NORTH WEST UNIVERSITY HEALTHCARE NHS TRUST,NHS WEST AND NORTH LONDON INTEGRATED CARE BOARD,X02,Other - Medical Services,11348,8213,5,0.7237,False
RTT-April-2026,2026-04-01,R1K,LONDON NORTH WEST UNIVERSITY HEALTHCARE NHS TRUST,NHS WEST AND NORTH LONDON INTEGRATED CARE BOARD,X03,Other - Mental Health Services,11,7,0,0.6364,True
RTT-April-2026,2026-04-01,R1K,LONDON NORTH WEST UNIVERSITY HEALTHCARE NHS TRUST,NHS WEST AND NORTH LONDON INTEGRATED CARE BOARD,X06,Other - Other Services,24,22,0,0.9167,False
RTT-April-2026,2026-04-01,R1K,LONDON NORTH WEST UNIVERSITY HEALTHCARE NHS TRUST,NHS WEST AND NORTH LONDON INTEGRATED CARE BOARD,X04,Other - Paediatric Services,1543,1207,0,0.7822,False
RTT-April-2026,2026-04-01,R1K,LONDON NORTH WEST UNIVERSITY HEALTHCARE NHS TRUST,NHS WEST AND NORTH LONDON INTEGRATED CARE BOARD,X05,Other - Surgical Services,8995,6047,37,0.6723,True
RTT-April-2026,2026-04-01,R1K,LONDON NORTH WEST UNIVERSITY HEALTHCARE NHS TRUST,NHS WEST AND NORTH LONDON INTEGRATED CARE BOARD,C_160,Plastic Surgery Service,21,19,0,0.9048,False
RTT-April-2026,2026-04-01,R1K,LONDON NORTH WEST UNIVERSITY HEALTHCARE NHS TRUST,NHS WEST AND NORTH LONDON INTEGRATED CARE BOARD,C_340,Respiratory Medicine Service,3417,2102,0,0.6152,True
RTT-April-2026,2026-04-01,R1K,LONDON NORTH WEST UNIVERSITY HEALTHCARE NHS TRUST,NHS WEST AND NORTH LONDON INTEGRATED CARE BOARD,C_410,Rheumatology Service,748,707,0,0.9452,False
RTT-April-2026,2026-04-01,R1K,LONDON NORTH WEST UNIVERSITY HEALTHCARE NHS TRUST,NHS WEST AND NORTH LONDON INTEGRATED CARE BOARD,C_110,Trauma and Orthopaedic Service,6606,3554,111,0.538,True
RTT-April-2026,2026-04-01,R1K,LONDON NORTH WEST UNIVERSITY HEALTHCARE NHS TRUST,NHS WEST AND NORTH LONDON INTEGRATED CARE BOARD,C_101,Urology Service,4317,3017,34,0.6989,True
RTT-April-2026,2026-04-01,RWF,MAIDSTONE AND TUNBRIDGE WELLS NHS TRUST,NHS KENT AND MEDWAY INTEGRATED CARE BOARD,C_320,Cardiology Service,2467,1779,0,0.7211,False
RTT-April-2026,2026-04-01,RWF,MAIDSTONE AND TUNBRIDGE WELLS NHS TRUST,NHS KENT AND MEDWAY INTEGRATED CARE BOARD,C_170,Cardiothoracic Surgery Service,25,23,0,0.92,False
RTT-April-2026,2026-04-01,RWF,MAIDSTONE AND TUNBRIDGE WELLS NHS TRUST,NHS KENT AND MEDWAY INTEGRATED CARE BOARD,C_120,Ear Nose and Throat Service,5513,3568,0,0.6472,True
RTT-April-2026,2026-04-01,RWF,MAIDSTONE AND TUNBRIDGE WELLS NHS TRUST,NHS KENT AND MEDWAY INTEGRATED CARE BOARD,C_430,Elderly Medicine Service,147,144,0,0.9796,False
RTT-April-2026,2026-04-01,RWF,MAIDSTONE AND TUNBRIDGE WELLS NHS TRUST,NHS KENT AND MEDWAY INTEGRATED CARE BOARD,C_301,Gastroenterology Service,2950,2003,0,0.679,True
RTT-April-2026,2026-04-01,RWF,MAIDSTONE AND TUNBRIDGE WELLS NHS TRUST,NHS KENT AND MEDWAY INTEGRATED CARE BOARD,C_300,General Internal Medicine Service,1,1,0,1.0,False
RTT-April-2026,2026-04-01,RWF,MAIDSTONE AND TUNBRIDGE WELLS NHS TRUST,NHS KENT AND MEDWAY INTEGRATED CARE BOARD,C_100,General Surgery Service,5418,3961,0,0.7311,False
RTT-April-2026,2026-04-01,RWF,MAIDSTONE AND TUNBRIDGE WELLS NHS TRUST,NHS KENT AND MEDWAY INTEGRATED CARE BOARD,C_502,Gynaecology Service,4873,3499,0,0.718,False
RTT-April-2026,2026-04-01,RWF,MAIDSTONE AND TUNBRIDGE WELLS NHS TRUST,NHS KENT AND MEDWAY INTEGRATED CARE BOARD,C_400,Neurology Service,1680,1172,0,0.6976,True
RTT-April-2026,2026-04-01,RWF,MAIDSTONE AND TUNBRIDGE WELLS NHS TRUST,NHS KENT AND MEDWAY INTEGRATED CARE BOARD,C_130,Ophthalmology Service,6173,4968,0,0.8048,False
RTT-April-2026,2026-04-01,RWF,MAIDSTONE AND TUNBRIDGE WELLS NHS TRUST,NHS KENT AND MEDWAY INTEGRATED CARE BOARD,X02,Other - Medical Services,5540,4659,0,0.841,False
RTT-April-2026,2026-04-01,RWF,MAIDSTONE AND TUNBRIDGE WELLS NHS TRUST,NHS KENT AND MEDWAY INTEGRATED CARE BOARD,X04,Other - Paediatric Services,4342,2726,1,0.6278,True
RTT-April-2026,2026-04-01,RWF,MAIDSTONE AND TUNBRIDGE WELLS NHS TRUST,NHS KENT AND MEDWAY INTEGRATED CARE BOARD,X05,Other - Surgical Services,1197,1088,0,0.9089,False
RTT-April-2026,2026-04-01,RWF,MAIDSTONE AND TUNBRIDGE WELLS NHS TRUST,NHS KENT AND MEDWAY INTEGRATED CARE BOARD,C_340,Respiratory Medicine Service,1196,918,0,0.7676,False
RTT-April-2026,2026-04-01,RWF,MAIDSTONE AND TUNBRIDGE WELLS NHS TRUST,NHS KENT AND MEDWAY INTEGRATED CARE BOARD,C_410,Rheumatology Service,341,340,0,0.9971,False
RTT-April-2026,2026-04-01,RWF,MAIDSTONE AND TUNBRIDGE WELLS NHS TRUST,NHS KENT AND MEDWAY INTEGRATED CARE BOARD,C_110,Trauma and Orthopaedic Service,3994,2902,10,0.7266,False
RTT-April-2026,2026-04-01,RWF,MAIDSTONE AND TUNBRIDGE WELLS NHS TRUST,NHS KENT AND MEDWAY INTEGRATED CARE BOARD,C_101,Urology Service,2427,2072,0,0.8537,False
RTT-April-2026,2026-04-01,NN5,MANCHESTER SURGICAL SERVICES LTD,NHS GREATER MANCHESTER INTEGRATED CARE BOARD,C_301,Gastroenterology Service,25,24,0,0.96,False
RTT-April-2026,2026-04-01,NN5,MANCHESTER SURGICAL SERVICES LTD,NHS GREATER MANCHESTER INTEGRATED CARE BOARD,C_100,General Surgery Service,166,155,0,0.9337,False
RTT-April-2026,2026-04-01,NN5,MANCHESTER SURGICAL SERVICES LTD,NHS GREATER MANCHESTER INTEGRATED CARE BOARD,C_410,Rheumatology Service,65,65,0,1.0,False
RTT-April-2026,2026-04-01,NN5,MANCHESTER SURGICAL SERVICES LTD,NHS GREATER MANCHESTER INTEGRATED CARE BOARD,C_110,Trauma and Orthopaedic Service,111,85,0,0.7658,False
RTT-April-2026,2026-04-01,R0A,MANCHESTER UNIVERSITY NHS FOUNDATION TRUST,NHS GREATER MANCHESTER INTEGRATED CARE BOARD,C_320,Cardiology Service,8615,5122,31,0.5945,True
RTT-April-2026,2026-04-01,R0A,MANCHESTER UNIVERSITY NHS FOUNDATION TRUST,NHS GREATER MANCHESTER INTEGRATED CARE BOARD,C_170,Cardiothoracic Surgery Service,757,619,2,0.8177,False
RTT-April-2026,2026-04-01,R0A,MANCHESTER UNIVERSITY NHS FOUNDATION TRUST,NHS GREATER MANCHESTER INTEGRATED CARE BOARD,C_330,Dermatology Service,1527,1130,0,0.74,False
RTT-April-2026,2026-04-01,R0A,MANCHESTER UNIVERSITY NHS FOUNDATION TRUST,NHS GREATER MANCHESTER INTEGRATED CARE BOARD,C_120,Ear Nose and Throat Service,9182,5286,97,0.5757,True
RTT-April-2026,2026-04-01,R0A,MANCHESTER UNIVERSITY NHS FOUNDATION TRUST,NHS GREATER MANCHESTER INTEGRATED CARE BOARD,C_430,Elderly Medicine Service,728,440,0,0.6044,True
RTT-April-2026,2026-04-01,R0A,MANCHESTER UNIVERSITY NHS FOUNDATION TRUST,NHS GREATER MANCHESTER INTEGRATED CARE BOARD,C_301,Gastroenterology Service,7855,5762,9,0.7335,False
RTT-April-2026,2026-04-01,R0A,MANCHESTER UNIVERSITY NHS FOUNDATION TRUST,NHS GREATER MANCHESTER INTEGRATED CARE BOARD,C_300,General Internal Medicine Service,207,179,0,0.8647,False
RTT-April-2026,2026-04-01,R0A,MANCHESTER UNIVERSITY NHS FOUNDATION TRUST,NHS GREATER MANCHESTER INTEGRATED CARE BOARD,C_100,General Surgery Service,5283,3154,25,0.597,True
RTT-April-2026,2026-04-01,R0A,MANCHESTER UNIVERSITY NHS FOUNDATION TRUST,NHS GREATER MANCHESTER INTEGRATED CARE BOARD,C_502,Gynaecology Service,18507,9944,140,0.5373,True
RTT-April-2026,2026-04-01,R0A,MANCHESTER UNIVERSITY NHS FOUNDATION TRUST,NHS GREATER MANCHESTER INTEGRATED CARE BOARD,C_400,Neurology Service,218,148,0,0.6789,True
RTT-April-2026,2026-04-01,R0A,MANCHESTER UNIVERSITY NHS FOUNDATION TRUST,NHS GREATER MANCHESTER INTEGRATED CARE BOARD,C_130,Ophthalmology Service,11181,7302,57,0.6531,True
RTT-April-2026,2026-04-01,R0A,MANCHESTER UNIVERSITY NHS FOUNDATION TRUST,NHS GREATER MANCHESTER INTEGRATED CARE BOARD,C_140,Oral Surgery Service,16181,8916,398,0.551,True
RTT-April-2026,2026-04-01,R0A,MANCHESTER UNIVERSITY NHS FOUNDATION TRUST,NHS GREATER MANCHESTER INTEGRATED CARE BOARD,X02,Other - Medical Services,23730,16828,15,0.7091,False
RTT-April-2026,2026-04-01,R0A,MANCHESTER UNIVERSITY NHS FOUNDATION TRUST,NHS GREATER MANCHESTER INTEGRATED CARE BOARD,X03,Other - Mental Health Services,27,26,0,0.963,False
RTT-April-2026,2026-04-01,R0A,MANCHESTER UNIVERSITY NHS FOUNDATION TRUST,NHS GREATER MANCHESTER INTEGRATED CARE BOARD,X06,Other - Other Services,4530,3648,8,0.8053,False
RTT-April-2026,2026-04-01,R0A,MANCHESTER UNIVERSITY NHS FOUNDATION TRUST,NHS GREATER MANCHESTER INTEGRATED CARE BOARD,X04,Other - Paediatric Services,18496,10527,65,0.5692,True
RTT-April-2026,2026-04-01,R0A,MANCHESTER UNIVERSITY NHS FOUNDATION TRUST,NHS GREATER MANCHESTER INTEGRATED CARE BOARD,X05,Other - Surgical Services,13921,10378,22,0.7455,False
RTT-April-2026,2026-04-01,R0A,MANCHESTER UNIVERSITY NHS FOUNDATION TRUST,NHS GREATER MANCHESTER INTEGRATED CARE BOARD,C_160,Plastic Surgery Service,4760,2368,122,0.4975,True
RTT-April-2026,2026-04-01,R0A,MANCHESTER UNIVERSITY NHS FOUNDATION TRUST,NHS GREATER MANCHESTER INTEGRATED CARE BOARD,C_340,Respiratory Medicine Service,3007,2858,0,0.9504,False
RTT-April-2026,2026-04-01,R0A,MANCHESTER UNIVERSITY NHS FOUNDATION TRUST,NHS GREATER MANCHESTER INTEGRATED CARE BOARD,C_410,Rheumatology Service,1024,906,0,0.8848,False
RTT-April-2026,2026-04-01,R0A,MANCHESTER UNIVERSITY NHS FOUNDATION TRUST,NHS GREATER MANCHESTER INTEGRATED CARE BOARD,C_110,Trauma and Orthopaedic Service,12456,7031,357,0.5645,True
RTT-April-2026,2026-04-01,R0A,MANCHESTER UNIVERSITY NHS FOUNDATION TRUST,NHS GREATER MANCHESTER INTEGRATED CARE BOARD,C_101,Urology Service,6582,3689,139,0.5605,True
RTT-April-2026,2026-04-01,NT423,MANOR HOSPITAL,NHS CENTRAL EAST INTEGRATED CARE BOARD,C_100,General Surgery Service,104,63,0,0.6058,True
RTT-April-2026,2026-04-01,NT423,MANOR HOSPITAL,NHS CENTRAL EAST INTEGRATED CARE BOARD,C_502,Gynaecology Service,184,113,2,0.6141,True
RTT-April-2026,2026-04-01,NT423,MANOR HOSPITAL,NHS CENTRAL EAST INTEGRATED CARE BOARD,X06,Other - Other Services,6,6,0,1.0,False
RTT-April-2026,2026-04-01,NT423,MANOR HOSPITAL,NHS CENTRAL EAST INTEGRATED CARE BOARD,C_110,Trauma and Orthopaedic Service,377,133,4,0.3528,True
RTT-April-2026,2026-04-01,AY1,MEDEFER,NHS WEST AND NORTH LONDON INTEGRATED CARE BOARD,C_301,Gastroenterology Service,123,106,0,0.8618,False
RTT-April-2026,2026-04-01,AY1,MEDEFER,NHS WEST AND NORTH LONDON INTEGRATED CARE BOARD,X02,Other - Medical Services,27,19,0,0.7037,False
RTT-April-2026,2026-04-01,AY1,MEDEFER,NHS WEST AND NORTH LONDON INTEGRATED CARE BOARD,C_410,Rheumatology Service,106,96,0,0.9057,False
RTT-April-2026,2026-04-01,RPA,MEDWAY NHS FOUNDATION TRUST,NHS KENT AND MEDWAY INTEGRATED CARE BOARD,C_320,Cardiology Service,2990,1583,3,0.5294,True
RTT-April-2026,2026-04-01,RPA,MEDWAY NHS FOUNDATION TRUST,NHS KENT AND MEDWAY INTEGRATED CARE BOARD,C_120,Ear Nose and Throat Service,4164,3471,0,0.8336,False
RTT-April-2026,2026-04-01,RPA,MEDWAY NHS FOUNDATION TRUST,NHS KENT AND MEDWAY INTEGRATED CARE BOARD,C_430,Elderly Medicine Service,68,65,0,0.9559,False
RTT-April-2026,2026-04-01,RPA,MEDWAY NHS FOUNDATION TRUST,NHS KENT AND MEDWAY INTEGRATED CARE BOARD,C_301,Gastroenterology Service,2839,1604,0,0.565,True
RTT-April-2026,2026-04-01,RPA,MEDWAY NHS FOUNDATION TRUST,NHS KENT AND MEDWAY INTEGRATED CARE BOARD,C_300,General Internal Medicine Service,79,73,0,0.9241,False
RTT-April-2026,2026-04-01,RPA,MEDWAY NHS FOUNDATION TRUST,NHS KENT AND MEDWAY INTEGRATED CARE BOARD,C_100,General Surgery Service,876,590,1,0.6735,True
RTT-April-2026,2026-04-01,RPA,MEDWAY NHS FOUNDATION TRUST,NHS KENT AND MEDWAY INTEGRATED CARE BOARD,C_502,Gynaecology Service,3991,2374,0,0.5948,True
RTT-April-2026,2026-04-01,RPA,MEDWAY NHS FOUNDATION TRUST,NHS KENT AND MEDWAY INTEGRATED CARE BOARD,C_400,Neurology Service,1935,702,117,0.3628,True
RTT-April-2026,2026-04-01,RPA,MEDWAY NHS FOUNDATION TRUST,NHS KENT AND MEDWAY INTEGRATED CARE BOARD,X02,Other - Medical Services,5498,3470,3,0.6311,True
RTT-April-2026,2026-04-01,RPA,MEDWAY NHS FOUNDATION TRUST,NHS KENT AND MEDWAY INTEGRATED CARE BOARD,X06,Other - Other Services,139,133,0,0.9568,False
RTT-April-2026,2026-04-01,RPA,MEDWAY NHS FOUNDATION TRUST,NHS KENT AND MEDWAY INTEGRATED CARE BOARD,X04,Other - Paediatric Services,170,131,0,0.7706,False
RTT-April-2026,2026-04-01,RPA,MEDWAY NHS FOUNDATION TRUST,NHS KENT AND MEDWAY INTEGRATED CARE BOARD,X05,Other - Surgical Services,2151,1841,0,0.8559,False
RTT-April-2026,2026-04-01,RPA,MEDWAY NHS FOUNDATION TRUST,NHS KENT AND MEDWAY INTEGRATED CARE BOARD,C_340,Respiratory Medicine Service,995,597,0,0.6,True
RTT-April-2026,2026-04-01,RPA,MEDWAY NHS FOUNDATION TRUST,NHS KENT AND MEDWAY INTEGRATED CARE BOARD,C_410,Rheumatology Service,3344,1077,241,0.3221,True
RTT-April-2026,2026-04-01,RPA,MEDWAY NHS FOUNDATION TRUST,NHS KENT AND MEDWAY INTEGRATED CARE BOARD,C_110,Trauma and Orthopaedic Service,2599,1544,3,0.5941,True
RTT-April-2026,2026-04-01,RPA,MEDWAY NHS FOUNDATION TRUST,NHS KENT AND MEDWAY INTEGRATED CARE BOARD,C_101,Urology Service,2253,1745,0,0.7745,False
RTT-April-2026,2026-04-01,NT424,MERIDEN HOSPITAL,NHS COVENTRY AND WARWICKSHIRE INTEGRATED CARE BOARD,C_301,Gastroenterology Service,173,151,0,0.8728,False
RTT-April-2026,2026-04-01,NT424,MERIDEN HOSPITAL,NHS COVENTRY AND WARWICKSHIRE INTEGRATED CARE BOARD,C_100,General Surgery Service,336,259,0,0.7708,False
RTT-April-2026,2026-04-01,NT424,MERIDEN HOSPITAL,NHS COVENTRY AND WARWICKSHIRE INTEGRATED CARE BOARD,C_150,Neurosurgical Service,209,197,0,0.9426,False
RTT-April-2026,2026-04-01,NT424,MERIDEN HOSPITAL,NHS COVENTRY AND WARWICKSHIRE INTEGRATED CARE BOARD,X06,Other - Other Services,12,11,0,0.9167,False
RTT-April-2026,2026-04-01,NT424,MERIDEN HOSPITAL,NHS COVENTRY AND WARWICKSHIRE INTEGRATED CARE BOARD,C_110,Trauma and Orthopaedic Service,1147,928,0,0.8091,False
RTT-April-2026,2026-04-01,RBN,MERSEY AND WEST LANCASHIRE TEACHING HOSPITALS NHS TRUST,NHS CHESHIRE AND MERSEYSIDE INTEGRATED CARE BOARD,C_320,Cardiology Service,2653,1971,1,0.7429,False
RTT-April-2026,2026-04-01,RBN,MERSEY AND WEST LANCASHIRE TEACHING HOSPITALS NHS TRUST,NHS CHESHIRE AND MERSEYSIDE INTEGRATED CARE BOARD,C_330,Dermatology Service,7261,3689,341,0.5081,True
RTT-April-2026,2026-04-01,RBN,MERSEY AND WEST LANCASHIRE TEACHING HOSPITALS NHS TRUST,NHS CHESHIRE AND MERSEYSIDE INTEGRATED CARE BOARD,C_120,Ear Nose and Throat Service,6464,4295,90,0.6644,True
RTT-April-2026,2026-04-01,RBN,MERSEY AND WEST LANCASHIRE TEACHING HOSPITALS NHS TRUST,NHS CHESHIRE AND MERSEYSIDE INTEGRATED CARE BOARD,C_430,Elderly Medicine Service,366,308,0,0.8415,False
RTT-April-2026,2026-04-01,RBN,MERSEY AND WEST LANCASHIRE TEACHING HOSPITALS NHS TRUST,NHS CHESHIRE AND MERSEYSIDE INTEGRATED CARE BOARD,C_301,Gastroenterology Service,7827,6214,19,0.7939,False
RTT-April-2026,2026-04-01,RBN,MERSEY AND WEST LANCASHIRE TEACHING HOSPITALS NHS TRUST,NHS CHESHIRE AND MERSEYSIDE INTEGRATED CARE BOARD,C_300,General Internal Medicine Service,364,307,1,0.8434,False
RTT-April-2026,2026-04-01,RBN,MERSEY AND WEST LANCASHIRE TEACHING HOSPITALS NHS TRUST,NHS CHESHIRE AND MERSEYSIDE INTEGRATED CARE BOARD,C_100,General Surgery Service,6263,4081,130,0.6516,True
RTT-April-2026,2026-04-01,RBN,MERSEY AND WEST LANCASHIRE TEACHING HOSPITALS NHS TRUST,NHS CHESHIRE AND MERSEYSIDE INTEGRATED CARE BOARD,C_502,Gynaecology Service,5523,3776,64,0.6837,True
RTT-April-2026,2026-04-01,RBN,MERSEY AND WEST LANCASHIRE TEACHING HOSPITALS NHS TRUST,NHS CHESHIRE AND MERSEYSIDE INTEGRATED CARE BOARD,C_150,Neurosurgical Service,56,38,0,0.6786,True
RTT-April-2026,2026-04-01,RBN,MERSEY AND WEST LANCASHIRE TEACHING HOSPITALS NHS TRUST,NHS CHESHIRE AND MERSEYSIDE INTEGRATED CARE BOARD,C_130,Ophthalmology Service,3516,2544,9,0.7235,False
RTT-April-2026,2026-04-01,RBN,MERSEY AND WEST LANCASHIRE TEACHING HOSPITALS NHS TRUST,NHS CHESHIRE AND MERSEYSIDE INTEGRATED CARE BOARD,C_140,Oral Surgery Service,1994,1187,39,0.5953,True
RTT-April-2026,2026-04-01,RBN,MERSEY AND WEST LANCASHIRE TEACHING HOSPITALS NHS TRUST,NHS CHESHIRE AND MERSEYSIDE INTEGRATED CARE BOARD,X02,Other - Medical Services,7735,5268,58,0.6811,True
RTT-April-2026,2026-04-01,RBN,MERSEY AND WEST LANCASHIRE TEACHING HOSPITALS NHS TRUST,NHS CHESHIRE AND MERSEYSIDE INTEGRATED CARE BOARD,X06,Other - Other Services,231,201,0,0.8701,False
RTT-April-2026,2026-04-01,RBN,MERSEY AND WEST LANCASHIRE TEACHING HOSPITALS NHS TRUST,NHS CHESHIRE AND MERSEYSIDE INTEGRATED CARE BOARD,X04,Other - Paediatric Services,2917,2614,0,0.8961,False
RTT-April-2026,2026-04-01,RBN,MERSEY AND WEST LANCASHIRE TEACHING HOSPITALS NHS TRUST,NHS CHESHIRE AND MERSEYSIDE INTEGRATED CARE BOARD,X05,Other - Surgical Services,2678,1505,38,0.562,True
RTT-April-2026,2026-04-01,RBN,MERSEY AND WEST LANCASHIRE TEACHING HOSPITALS NHS TRUST,NHS CHESHIRE AND MERSEYSIDE INTEGRATED CARE BOARD,C_160,Plastic Surgery Service,8113,4355,178,0.5368,True
RTT-April-2026,2026-04-01,RBN,MERSEY AND WEST LANCASHIRE TEACHING HOSPITALS NHS TRUST,NHS CHESHIRE AND MERSEYSIDE INTEGRATED CARE BOARD,C_340,Respiratory Medicine Service,1088,849,0,0.7803,False
RTT-April-2026,2026-04-01,RBN,MERSEY AND WEST LANCASHIRE TEACHING HOSPITALS NHS TRUST,NHS CHESHIRE AND MERSEYSIDE INTEGRATED CARE BOARD,C_410,Rheumatology Service,1393,907,43,0.6511,True
RTT-April-2026,2026-04-01,RBN,MERSEY AND WEST LANCASHIRE TEACHING HOSPITALS NHS TRUST,NHS CHESHIRE AND MERSEYSIDE INTEGRATED CARE BOARD,C_110,Trauma and Orthopaedic Service,7356,4929,80,0.6701,True
RTT-April-2026,2026-04-01,RBN,MERSEY AND WEST LANCASHIRE TEACHING HOSPITALS NHS TRUST,NHS CHESHIRE AND MERSEYSIDE INTEGRATED CARE BOARD,C_101,Urology Service,5856,3994,67,0.682,True
RTT-April-2026,2026-04-01,RAJ,MID AND SOUTH ESSEX NHS FOUNDATION TRUST,NHS ESSEX INTEGRATED CARE BOARD,C_320,Cardiology Service,10761,7514,42,0.6983,True
RTT-April-2026,2026-04-01,RAJ,MID AND SOUTH ESSEX NHS FOUNDATION TRUST,NHS ESSEX INTEGRATED CARE BOARD,C_330,Dermatology Service,10902,4400,935,0.4036,True
RTT-April-2026,2026-04-01,RAJ,MID AND SOUTH ESSEX NHS FOUNDATION TRUST,NHS ESSEX INTEGRATED CARE BOARD,C_120,Ear Nose and Throat Service,16708,6107,2332,0.3655,True
RTT-April-2026,2026-04-01,RAJ,MID AND SOUTH ESSEX NHS FOUNDATION TRUST,NHS ESSEX INTEGRATED CARE BOARD,C_430,Elderly Medicine Service,696,550,5,0.7902,False
RTT-April-2026,2026-04-01,RAJ,MID AND SOUTH ESSEX NHS FOUNDATION TRUST,NHS ESSEX INTEGRATED CARE BOARD,C_301,Gastroenterology Service,10462,5352,444,0.5116,True
RTT-April-2026,2026-04-01,RAJ,MID AND SOUTH ESSEX NHS FOUNDATION TRUST,NHS ESSEX INTEGRATED CARE BOARD,C_300,General Internal Medicine Service,2587,1700,77,0.6571,True
RTT-April-2026,2026-04-01,RAJ,MID AND SOUTH ESSEX NHS FOUNDATION TRUST,NHS ESSEX INTEGRATED CARE BOARD,C_100,General Surgery Service,9262,4470,692,0.4826,True
RTT-April-2026,2026-04-01,RAJ,MID AND SOUTH ESSEX NHS FOUNDATION TRUST,NHS ESSEX INTEGRATED CARE BOARD,C_502,Gynaecology Service,14532,7137,545,0.4911,True
RTT-April-2026,2026-04-01,RAJ,MID AND SOUTH ESSEX NHS FOUNDATION TRUST,NHS ESSEX INTEGRATED CARE BOARD,C_400,Neurology Service,6127,2740,85,0.4472,True
RTT-April-2026,2026-04-01,RAJ,MID AND SOUTH ESSEX NHS FOUNDATION TRUST,NHS ESSEX INTEGRATED CARE BOARD,C_150,Neurosurgical Service,62,14,5,0.2258,True
RTT-April-2026,2026-04-01,RAJ,MID AND SOUTH ESSEX NHS FOUNDATION TRUST,NHS ESSEX INTEGRATED CARE BOARD,C_130,Ophthalmology Service,13365,7889,486,0.5903,True
RTT-April-2026,2026-04-01,RAJ,MID AND SOUTH ESSEX NHS FOUNDATION TRUST,NHS ESSEX INTEGRATED CARE BOARD,C_140,Oral Surgery Service,7003,2464,1077,0.3518,True
RTT-April-2026,2026-04-01,RAJ,MID AND SOUTH ESSEX NHS FOUNDATION TRUST,NHS ESSEX INTEGRATED CARE BOARD,X02,Other - Medical Services,16140,9583,519,0.5937,True
RTT-April-2026,2026-04-01,RAJ,MID AND SOUTH ESSEX NHS FOUNDATION TRUST,NHS ESSEX INTEGRATED CARE BOARD,X03,Other - Mental Health Services,1,0,0,0.0,True
RTT-April-2026,2026-04-01,RAJ,MID AND SOUTH ESSEX NHS FOUNDATION TRUST,NHS ESSEX INTEGRATED CARE BOARD,X06,Other - Other Services,3333,2124,53,0.6373,True
RTT-April-2026,2026-04-01,RAJ,MID AND SOUTH ESSEX NHS FOUNDATION TRUST,NHS ESSEX INTEGRATED CARE BOARD,X04,Other - Paediatric Services,4927,1976,537,0.4011,True
RTT-April-2026,2026-04-01,RAJ,MID AND SOUTH ESSEX NHS FOUNDATION TRUST,NHS ESSEX INTEGRATED CARE BOARD,X05,Other - Surgical Services,7200,4155,351,0.5771,True
RTT-April-2026,2026-04-01,RAJ,MID AND SOUTH ESSEX NHS FOUNDATION TRUST,NHS ESSEX INTEGRATED CARE BOARD,C_160,Plastic Surgery Service,6441,2672,513,0.4148,True
RTT-April-2026,2026-04-01,RAJ,MID AND SOUTH ESSEX NHS FOUNDATION TRUST,NHS ESSEX INTEGRATED CARE BOARD,C_340,Respiratory Medicine Service,4182,2720,16,0.6504,True
RTT-April-2026,2026-04-01,RAJ,MID AND SOUTH ESSEX NHS FOUNDATION TRUST,NHS ESSEX INTEGRATED CARE BOARD,C_410,Rheumatology Service,2596,1443,206,0.5559,True
RTT-April-2026,2026-04-01,RAJ,MID AND SOUTH ESSEX NHS FOUNDATION TRUST,NHS ESSEX INTEGRATED CARE BOARD,C_110,Trauma and Orthopaedic Service,16131,5322,2579,0.3299,True
RTT-April-2026,2026-04-01,RAJ,MID AND SOUTH ESSEX NHS FOUNDATION TRUST,NHS ESSEX INTEGRATED CARE BOARD,C_101,Urology Service,10977,5606,787,0.5107,True
RTT-April-2026,2026-04-01,RBT,MID CHESHIRE HOSPITALS NHS FOUNDATION TRUST,NHS CHESHIRE AND MERSEYSIDE INTEGRATED CARE BOARD,C_320,Cardiology Service,1321,971,1,0.735,False
RTT-April-2026,2026-04-01,RBT,MID CHESHIRE HOSPITALS NHS FOUNDATION TRUST,NHS CHESHIRE AND MERSEYSIDE INTEGRATED CARE BOARD,C_330,Dermatology Service,4729,2912,4,0.6158,True
RTT-April-2026,2026-04-01,RBT,MID CHESHIRE HOSPITALS NHS FOUNDATION TRUST,NHS CHESHIRE AND MERSEYSIDE INTEGRATED CARE BOARD,C_120,Ear Nose and Throat Service,4586,2856,17,0.6228,True
RTT-April-2026,2026-04-01,RBT,MID CHESHIRE HOSPITALS NHS FOUNDATION TRUST,NHS CHESHIRE AND MERSEYSIDE INTEGRATED CARE BOARD,C_430,Elderly Medicine Service,20,20,0,1.0,False
RTT-April-2026,2026-04-01,RBT,MID CHESHIRE HOSPITALS NHS FOUNDATION TRUST,NHS CHESHIRE AND MERSEYSIDE INTEGRATED CARE BOARD,C_301,Gastroenterology Service,1603,651,47,0.4061,True
RTT-April-2026,2026-04-01,RBT,MID CHESHIRE HOSPITALS NHS FOUNDATION TRUST,NHS CHESHIRE AND MERSEYSIDE INTEGRATED CARE BOARD,C_300,General Internal Medicine Service,5,1,0,0.2,True
RTT-April-2026,2026-04-01,RBT,MID CHESHIRE HOSPITALS NHS FOUNDATION TRUST,NHS CHESHIRE AND MERSEYSIDE INTEGRATED CARE BOARD,C_100,General Surgery Service,1423,607,48,0.4266,True
RTT-April-2026,2026-04-01,RBT,MID CHESHIRE HOSPITALS NHS FOUNDATION TRUST,NHS CHESHIRE AND MERSEYSIDE INTEGRATED CARE BOARD,C_502,Gynaecology Service,2307,1401,99,0.6073,True
RTT-April-2026,2026-04-01,RBT,MID CHESHIRE HOSPITALS NHS FOUNDATION TRUST,NHS CHESHIRE AND MERSEYSIDE INTEGRATED CARE BOARD,C_130,Ophthalmology Service,2699,2077,2,0.7695,False
RTT-April-2026,2026-04-01,RBT,MID CHESHIRE HOSPITALS NHS FOUNDATION TRUST,NHS CHESHIRE AND MERSEYSIDE INTEGRATED CARE BOARD,X02,Other - Medical Services,1367,1157,2,0.8464,False
RTT-April-2026,2026-04-01,RBT,MID CHESHIRE HOSPITALS NHS FOUNDATION TRUST,NHS CHESHIRE AND MERSEYSIDE INTEGRATED CARE BOARD,X06,Other - Other Services,1044,1009,0,0.9665,False
RTT-April-2026,2026-04-01,RBT,MID CHESHIRE HOSPITALS NHS FOUNDATION TRUST,NHS CHESHIRE AND MERSEYSIDE INTEGRATED CARE BOARD,X05,Other - Surgical Services,2923,1843,76,0.6305,True
RTT-April-2026,2026-04-01,RBT,MID CHESHIRE HOSPITALS NHS FOUNDATION TRUST,NHS CHESHIRE AND MERSEYSIDE INTEGRATED CARE BOARD,C_340,Respiratory Medicine Service,425,283,0,0.6659,True
RTT-April-2026,2026-04-01,RBT,MID CHESHIRE HOSPITALS NHS FOUNDATION TRUST,NHS CHESHIRE AND MERSEYSIDE INTEGRATED CARE BOARD,C_410,Rheumatology Service,976,467,3,0.4785,True
RTT-April-2026,2026-04-01,RBT,MID CHESHIRE HOSPITALS NHS FOUNDATION TRUST,NHS CHESHIRE AND MERSEYSIDE INTEGRATED CARE BOARD,C_110,Trauma and Orthopaedic Service,3269,1750,32,0.5353,True
RTT-April-2026,2026-04-01,RBT,MID CHESHIRE HOSPITALS NHS FOUNDATION TRUST,NHS CHESHIRE AND MERSEYSIDE INTEGRATED CARE BOARD,C_101,Urology Service,1718,1365,1,0.7945,False
RTT-April-2026,2026-04-01,RXF,MID YORKSHIRE TEACHING NHS TRUST,NHS WEST YORKSHIRE INTEGRATED CARE BOARD,C_320,Cardiology Service,868,801,0,0.9228,False
RTT-April-2026,2026-04-01,RXF,MID YORKSHIRE TEACHING NHS TRUST,NHS WEST YORKSHIRE INTEGRATED CARE BOARD,C_330,Dermatology Service,1376,1260,0,0.9157,False
RTT-April-2026,2026-04-01,RXF,MID YORKSHIRE TEACHING NHS TRUST,NHS WEST YORKSHIRE INTEGRATED CARE BOARD,C_120,Ear Nose and Throat Service,7330,4369,28,0.596,True
RTT-April-2026,2026-04-01,RXF,MID YORKSHIRE TEACHING NHS TRUST,NHS WEST YORKSHIRE INTEGRATED CARE BOARD,C_430,Elderly Medicine Service,449,251,0,0.559,True
RTT-April-2026,2026-04-01,RXF,MID YORKSHIRE TEACHING NHS TRUST,NHS WEST YORKSHIRE INTEGRATED CARE BOARD,C_301,Gastroenterology Service,3428,2653,0,0.7739,False
RTT-April-2026,2026-04-01,RXF,MID YORKSHIRE TEACHING NHS TRUST,NHS WEST YORKSHIRE INTEGRATED CARE BOARD,C_300,General Internal Medicine Service,57,51,0,0.8947,False
RTT-April-2026,2026-04-01,RXF,MID YORKSHIRE TEACHING NHS TRUST,NHS WEST YORKSHIRE INTEGRATED CARE BOARD,C_100,General Surgery Service,1645,1058,2,0.6432,True
RTT-April-2026,2026-04-01,RXF,MID YORKSHIRE TEACHING NHS TRUST,NHS WEST YORKSHIRE INTEGRATED CARE BOARD,C_502,Gynaecology Service,5714,3450,107,0.6038,True
RTT-April-2026,2026-04-01,RXF,MID YORKSHIRE TEACHING NHS TRUST,NHS WEST YORKSHIRE INTEGRATED CARE BOARD,C_400,Neurology Service,1979,1179,0,0.5958,True
RTT-April-2026,2026-04-01,RXF,MID YORKSHIRE TEACHING NHS TRUST,NHS WEST YORKSHIRE INTEGRATED CARE BOARD,C_130,Ophthalmology Service,4776,3368,21,0.7052,False
RTT-April-2026,2026-04-01,RXF,MID YORKSHIRE TEACHING NHS TRUST,NHS WEST YORKSHIRE INTEGRATED CARE BOARD,C_140,Oral Surgery Service,3299,2292,1,0.6948,True
RTT-April-2026,2026-04-01,RXF,MID YORKSHIRE TEACHING NHS TRUST,NHS WEST YORKSHIRE INTEGRATED CARE BOARD,X02,Other - Medical Services,6702,4458,3,0.6652,True
RTT-April-2026,2026-04-01,RXF,MID YORKSHIRE TEACHING NHS TRUST,NHS WEST YORKSHIRE INTEGRATED CARE BOARD,X06,Other - Other Services,509,406,0,0.7976,False
RTT-April-2026,2026-04-01,RXF,MID YORKSHIRE TEACHING NHS TRUST,NHS WEST YORKSHIRE INTEGRATED CARE BOARD,X04,Other - Paediatric Services,702,451,3,0.6425,True
RTT-April-2026,2026-04-01,RXF,MID YORKSHIRE TEACHING NHS TRUST,NHS WEST YORKSHIRE INTEGRATED CARE BOARD,X05,Other - Surgical Services,4557,2967,7,0.6511,True
RTT-April-2026,2026-04-01,RXF,MID YORKSHIRE TEACHING NHS TRUST,NHS WEST YORKSHIRE INTEGRATED CARE BOARD,C_160,Plastic Surgery Service,1489,1076,1,0.7226,False
RTT-April-2026,2026-04-01,RXF,MID YORKSHIRE TEACHING NHS TRUST,NHS WEST YORKSHIRE INTEGRATED CARE BOARD,C_340,Respiratory Medicine Service,1298,986,0,0.7596,False
RTT-April-2026,2026-04-01,RXF,MID YORKSHIRE TEACHING NHS TRUST,NHS WEST YORKSHIRE INTEGRATED CARE BOARD,C_410,Rheumatology Service,783,563,0,0.719,False
RTT-April-2026,2026-04-01,RXF,MID YORKSHIRE TEACHING NHS TRUST,NHS WEST YORKSHIRE INTEGRATED CARE BOARD,C_110,Trauma and Orthopaedic Service,4818,2541,68,0.5274,True
RTT-April-2026,2026-04-01,RXF,MID YORKSHIRE TEACHING NHS TRUST,NHS WEST YORKSHIRE INTEGRATED CARE BOARD,C_101,Urology Service,3462,2335,7,0.6745,True
RTT-April-2026,2026-04-01,S4E3I,MIDLAND EYE (EYE-DOCS LTD),NHS BIRMINGHAM AND SOLIHULL INTEGRATED CARE BOARD,C_130,Ophthalmology Service,659,641,0,0.9727,False
RTT-April-2026,2026-04-01,RRE,MIDLANDS PARTNERSHIP UNIVERSITY NHS FOUNDATION TRUST,NHS STAFFORDSHIRE AND STOKE-ON-TRENT INTEGRATED CARE BOARD,C_430,Elderly Medicine Service,3,3,0,1.0,False
RTT-April-2026,2026-04-01,RRE,MIDLANDS PARTNERSHIP UNIVERSITY NHS FOUNDATION TRUST,NHS STAFFORDSHIRE AND STOKE-ON-TRENT INTEGRATED CARE BOARD,C_400,Neurology Service,30,20,0,0.6667,True
RTT-April-2026,2026-04-01,RRE,MIDLANDS PARTNERSHIP UNIVERSITY NHS FOUNDATION TRUST,NHS STAFFORDSHIRE AND STOKE-ON-TRENT INTEGRATED CARE BOARD,X02,Other - Medical Services,31,25,0,0.8065,False
RTT-April-2026,2026-04-01,RRE,MIDLANDS PARTNERSHIP UNIVERSITY NHS FOUNDATION TRUST,NHS STAFFORDSHIRE AND STOKE-ON-TRENT INTEGRATED CARE BOARD,X06,Other - Other Services,4985,4972,0,0.9974,False
RTT-April-2026,2026-04-01,RRE,MIDLANDS PARTNERSHIP UNIVERSITY NHS FOUNDATION TRUST,NHS STAFFORDSHIRE AND STOKE-ON-TRENT INTEGRATED CARE BOARD,C_410,Rheumatology Service,4228,3579,0,0.8465,False
RTT-April-2026,2026-04-01,RD8,MILTON KEYNES UNIVERSITY HOSPITAL NHS FOUNDATION TRUST,NHS CENTRAL EAST INTEGRATED CARE BOARD,C_320,Cardiology Service,2056,1619,1,0.7875,False
RTT-April-2026,2026-04-01,RD8,MILTON KEYNES UNIVERSITY HOSPITAL NHS FOUNDATION TRUST,NHS CENTRAL EAST INTEGRATED CARE BOARD,C_170,Cardiothoracic Surgery Service,73,1,0,0.0137,True
RTT-April-2026,2026-04-01,RD8,MILTON KEYNES UNIVERSITY HOSPITAL NHS FOUNDATION TRUST,NHS CENTRAL EAST INTEGRATED CARE BOARD,C_330,Dermatology Service,930,880,0,0.9462,False
RTT-April-2026,2026-04-01,RD8,MILTON KEYNES UNIVERSITY HOSPITAL NHS FOUNDATION TRUST,NHS CENTRAL EAST INTEGRATED CARE BOARD,C_120,Ear Nose and Throat Service,4325,2584,110,0.5975,True
RTT-April-2026,2026-04-01,RD8,MILTON KEYNES UNIVERSITY HOSPITAL NHS FOUNDATION TRUST,NHS CENTRAL EAST INTEGRATED CARE BOARD,C_430,Elderly Medicine Service,15,12,0,0.8,False
RTT-April-2026,2026-04-01,RD8,MILTON KEYNES UNIVERSITY HOSPITAL NHS FOUNDATION TRUST,NHS CENTRAL EAST INTEGRATED CARE BOARD,C_301,Gastroenterology Service,1045,988,1,0.9455,False
RTT-April-2026,2026-04-01,RD8,MILTON KEYNES UNIVERSITY HOSPITAL NHS FOUNDATION TRUST,NHS CENTRAL EAST INTEGRATED CARE BOARD,C_300,General Internal Medicine Service,34,32,0,0.9412,False
RTT-April-2026,2026-04-01,RD8,MILTON KEYNES UNIVERSITY HOSPITAL NHS FOUNDATION TRUST,NHS CENTRAL EAST INTEGRATED CARE BOARD,C_100,General Surgery Service,1925,869,57,0.4514,True
RTT-April-2026,2026-04-01,RD8,MILTON KEYNES UNIVERSITY HOSPITAL NHS FOUNDATION TRUST,NHS CENTRAL EAST INTEGRATED CARE BOARD,C_502,Gynaecology Service,3736,2054,148,0.5498,True
RTT-April-2026,2026-04-01,RD8,MILTON KEYNES UNIVERSITY HOSPITAL NHS FOUNDATION TRUST,NHS CENTRAL EAST INTEGRATED CARE BOARD,C_400,Neurology Service,988,719,1,0.7277,False
RTT-April-2026,2026-04-01,RD8,MILTON KEYNES UNIVERSITY HOSPITAL NHS FOUNDATION TRUST,NHS CENTRAL EAST INTEGRATED CARE BOARD,C_130,Ophthalmology Service,4447,2329,220,0.5237,True
RTT-April-2026,2026-04-01,RD8,MILTON KEYNES UNIVERSITY HOSPITAL NHS FOUNDATION TRUST,NHS CENTRAL EAST INTEGRATED CARE BOARD,C_140,Oral Surgery Service,1216,847,10,0.6965,True
RTT-April-2026,2026-04-01,RD8,MILTON KEYNES UNIVERSITY HOSPITAL NHS FOUNDATION TRUST,NHS CENTRAL EAST INTEGRATED CARE BOARD,X02,Other - Medical Services,3528,2316,74,0.6565,True
RTT-April-2026,2026-04-01,RD8,MILTON KEYNES UNIVERSITY HOSPITAL NHS FOUNDATION TRUST,NHS CENTRAL EAST INTEGRATED CARE BOARD,X06,Other - Other Services,73,51,0,0.6986,True
RTT-April-2026,2026-04-01,RD8,MILTON KEYNES UNIVERSITY HOSPITAL NHS FOUNDATION TRUST,NHS CENTRAL EAST INTEGRATED CARE BOARD,X04,Other - Paediatric Services,911,416,23,0.4566,True
RTT-April-2026,2026-04-01,RD8,MILTON KEYNES UNIVERSITY HOSPITAL NHS FOUNDATION TRUST,NHS CENTRAL EAST INTEGRATED CARE BOARD,X05,Other - Surgical Services,2346,1380,56,0.5882,True
RTT-April-2026,2026-04-01,RD8,MILTON KEYNES UNIVERSITY HOSPITAL NHS FOUNDATION TRUST,NHS CENTRAL EAST INTEGRATED CARE BOARD,C_340,Respiratory Medicine Service,1199,1106,3,0.9224,False
RTT-April-2026,2026-04-01,RD8,MILTON KEYNES UNIVERSITY HOSPITAL NHS FOUNDATION TRUST,NHS CENTRAL EAST INTEGRATED CARE BOARD,C_410,Rheumatology Service,1403,602,64,0.4291,True
RTT-April-2026,2026-04-01,RD8,MILTON KEYNES UNIVERSITY HOSPITAL NHS FOUNDATION TRUST,NHS CENTRAL EAST INTEGRATED CARE BOARD,C_110,Trauma and Orthopaedic Service,3078,1525,149,0.4955,True
RTT-April-2026,2026-04-01,RD8,MILTON KEYNES UNIVERSITY HOSPITAL NHS FOUNDATION TRUST,NHS CENTRAL EAST INTEGRATED CARE BOARD,C_101,Urology Service,2289,1512,35,0.6606,True
RTT-April-2026,2026-04-01,DXN,MODALITY LLP,NHS BLACK COUNTRY INTEGRATED CARE BOARD,C_330,Dermatology Service,244,156,0,0.6393,True
RTT-April-2026,2026-04-01,DXN,MODALITY LLP,NHS BLACK COUNTRY INTEGRATED CARE BOARD,C_120,Ear Nose and Throat Service,935,0,3,0.0,True
RTT-April-2026,2026-04-01,DXN,MODALITY LLP,NHS BLACK COUNTRY INTEGRATED CARE BOARD,C_100,General Surgery Service,62,0,0,0.0,True
RTT-April-2026,2026-04-01,DXN,MODALITY LLP,NHS BLACK COUNTRY INTEGRATED CARE BOARD,C_502,Gynaecology Service,307,0,3,0.0,True
RTT-April-2026,2026-04-01,DXN,MODALITY LLP,NHS BLACK COUNTRY INTEGRATED CARE BOARD,X05,Other - Surgical Services,48,0,0,0.0,True
RTT-April-2026,2026-04-01,DXN,MODALITY LLP,NHS BLACK COUNTRY INTEGRATED CARE BOARD,C_410,Rheumatology Service,19,2,0,0.1053,True
RTT-April-2026,2026-04-01,DXN,MODALITY LLP,NHS BLACK COUNTRY INTEGRATED CARE BOARD,C_110,Trauma and Orthopaedic Service,762,0,48,0.0,True
RTT-April-2026,2026-04-01,DXN,MODALITY LLP,NHS BLACK COUNTRY INTEGRATED CARE BOARD,C_101,Urology Service,288,0,0,0.0,True
RTT-April-2026,2026-04-01,RP6,MOORFIELDS EYE HOSPITAL NHS FOUNDATION TRUST,NHS WEST AND NORTH LONDON INTEGRATED CARE BOARD,C_130,Ophthalmology Service,36272,30615,7,0.844,False
RTT-April-2026,2026-04-01,NT455,MOUNT ALVERNIA HOSPITAL,NHS SURREY AND SUSSEX INTEGRATED CARE BOARD,C_301,Gastroenterology Service,21,20,0,0.9524,False
RTT-April-2026,2026-04-01,NT455,MOUNT ALVERNIA HOSPITAL,NHS SURREY AND SUSSEX INTEGRATED CARE BOARD,C_100,General Surgery Service,28,25,1,0.8929,False
RTT-April-2026,2026-04-01,NT455,MOUNT ALVERNIA HOSPITAL,NHS SURREY AND SUSSEX INTEGRATED CARE BOARD,X06,Other - Other Services,23,20,0,0.8696,False
RTT-April-2026,2026-04-01,NT455,MOUNT ALVERNIA HOSPITAL,NHS SURREY AND SUSSEX INTEGRATED CARE BOARD,C_110,Trauma and Orthopaedic Service,120,63,2,0.525,True
RTT-April-2026,2026-04-01,NT455,MOUNT ALVERNIA HOSPITAL,NHS SURREY AND SUSSEX INTEGRATED CARE BOARD,C_101,Urology Service,37,29,0,0.7838,False
RTT-April-2026,2026-04-01,NVC08,MOUNT STUART HOSPITAL,NHS DEVON INTEGRATED CARE BOARD,C_301,Gastroenterology Service,22,15,1,0.6818,True
RTT-April-2026,2026-04-01,NVC08,MOUNT STUART HOSPITAL,NHS DEVON INTEGRATED CARE BOARD,C_100,General Surgery Service,302,268,0,0.8874,False
RTT-April-2026,2026-04-01,NVC08,MOUNT STUART HOSPITAL,NHS DEVON INTEGRATED CARE BOARD,C_502,Gynaecology Service,433,309,0,0.7136,False
RTT-April-2026,2026-04-01,NVC08,MOUNT STUART HOSPITAL,NHS DEVON INTEGRATED CARE BOARD,C_130,Ophthalmology Service,260,136,0,0.5231,True
RTT-April-2026,2026-04-01,NVC08,MOUNT STUART HOSPITAL,NHS DEVON INTEGRATED CARE BOARD,C_160,Plastic Surgery Service,18,16,0,0.8889,False
RTT-April-2026,2026-04-01,NVC08,MOUNT STUART HOSPITAL,NHS DEVON INTEGRATED CARE BOARD,C_110,Trauma and Orthopaedic Service,1074,475,21,0.4423,True
RTT-April-2026,2026-04-01,NVC08,MOUNT STUART HOSPITAL,NHS DEVON INTEGRATED CARE BOARD,C_101,Urology Service,166,95,3,0.5723,True
RTT-April-2026,2026-04-01,NVC09,NEW HALL HOSPITAL,"NHS BATH AND NORTH EAST SOMERSET, SWINDON AND WILTSHIRE INTEGRATED CARE BOARD",C_301,Gastroenterology Service,36,26,0,0.7222,False
RTT-April-2026,2026-04-01,NVC09,NEW HALL HOSPITAL,"NHS BATH AND NORTH EAST SOMERSET, SWINDON AND WILTSHIRE INTEGRATED CARE BOARD",C_100,General Surgery Service,107,87,0,0.8131,False
RTT-April-2026,2026-04-01,NVC09,NEW HALL HOSPITAL,"NHS BATH AND NORTH EAST SOMERSET, SWINDON AND WILTSHIRE INTEGRATED CARE BOARD",C_502,Gynaecology Service,139,74,18,0.5324,True
RTT-April-2026,2026-04-01,NVC09,NEW HALL HOSPITAL,"NHS BATH AND NORTH EAST SOMERSET, SWINDON AND WILTSHIRE INTEGRATED CARE BOARD",C_400,Neurology Service,4,4,0,1.0,False
RTT-April-2026,2026-04-01,NVC09,NEW HALL HOSPITAL,"NHS BATH AND NORTH EAST SOMERSET, SWINDON AND WILTSHIRE INTEGRATED CARE BOARD",C_130,Ophthalmology Service,233,192,0,0.824,False
RTT-April-2026,2026-04-01,NVC09,NEW HALL HOSPITAL,"NHS BATH AND NORTH EAST SOMERSET, SWINDON AND WILTSHIRE INTEGRATED CARE BOARD",C_160,Plastic Surgery Service,1,1,0,1.0,False
RTT-April-2026,2026-04-01,NVC09,NEW HALL HOSPITAL,"NHS BATH AND NORTH EAST SOMERSET, SWINDON AND WILTSHIRE INTEGRATED CARE BOARD",C_110,Trauma and Orthopaedic Service,2850,2008,10,0.7046,False
RTT-April-2026,2026-04-01,NVC09,NEW HALL HOSPITAL,"NHS BATH AND NORTH EAST SOMERSET, SWINDON AND WILTSHIRE INTEGRATED CARE BOARD",C_101,Urology Service,101,66,1,0.6535,True
RTT-April-2026,2026-04-01,R7W2O,NEWCASTLE NEWMEDICA LTD,NHS NORTH EAST AND NORTH CUMBRIA INTEGRATED CARE BOARD,C_130,Ophthalmology Service,948,914,0,0.9641,False
RTT-April-2026,2026-04-01,N8R1N,NEWMEDICA - BERKSHIRE,NHS THAMES VALLEY INTEGRATED CARE BOARD,C_130,Ophthalmology Service,1552,974,14,0.6276,True
RTT-April-2026,2026-04-01,C5Y9L,NEWMEDICA - BERKSHIRE - BRACKNELL,NHS THAMES VALLEY INTEGRATED CARE BOARD,C_130,Ophthalmology Service,171,126,1,0.7368,False
RTT-April-2026,2026-04-01,S1Z4X,NEWMEDICA - BIRMINGHAM,NHS BIRMINGHAM AND SOLIHULL INTEGRATED CARE BOARD,C_130,Ophthalmology Service,936,884,0,0.9444,False
RTT-April-2026,2026-04-01,C9A7J,NEWMEDICA - BRADFORD & HUDDERSFIELD,NHS WEST YORKSHIRE INTEGRATED CARE BOARD,C_130,Ophthalmology Service,630,591,0,0.9381,False
RTT-April-2026,2026-04-01,ACG22,NEWMEDICA - BRIGG - RIVERSIDE SURGERY,NHS HUMBER AND NORTH YORKSHIRE INTEGRATED CARE BOARD,C_130,Ophthalmology Service,735,591,0,0.8041,False
RTT-April-2026,2026-04-01,ACG20,NEWMEDICA - BRISTOL - LITFIELD HOUSE,"NHS BRISTOL, NORTH SOMERSET AND SOUTH GLOUCESTERSHIRE INTEGRATED CARE BOARD",C_130,Ophthalmology Service,428,336,2,0.785,False
RTT-April-2026,2026-04-01,H2K1G,NEWMEDICA - BROMSGROVE,NHS HEREFORDSHIRE AND WORCESTERSHIRE INTEGRATED CARE BOARD,C_130,Ophthalmology Service,434,371,0,0.8548,False
RTT-April-2026,2026-04-01,F1Y1H,NEWMEDICA - CHESHIRE OAKS,NHS CHESHIRE AND MERSEYSIDE INTEGRATED CARE BOARD,C_130,Ophthalmology Service,582,379,4,0.6512,True
RTT-April-2026,2026-04-01,F0R0W,NEWMEDICA - DARLINGTON,NHS NORTH EAST AND NORTH CUMBRIA INTEGRATED CARE BOARD,C_130,Ophthalmology Service,65,64,0,0.9846,False
RTT-April-2026,2026-04-01,ACG36,NEWMEDICA - EXETER - GLEN HOUSE,NHS DEVON INTEGRATED CARE BOARD,C_130,Ophthalmology Service,482,446,0,0.9253,False
RTT-April-2026,2026-04-01,ACG13,NEWMEDICA - GLOUCESTER (ASPEN MEDICAL CENTRE),NHS GLOUCESTERSHIRE INTEGRATED CARE BOARD,C_130,Ophthalmology Service,475,344,1,0.7242,False
RTT-April-2026,2026-04-01,L0D9W,NEWMEDICA - GLOUCESTER (BRIGHOUSE COURT),NHS GLOUCESTERSHIRE INTEGRATED CARE BOARD,C_130,Ophthalmology Service,1330,1091,0,0.8203,False
RTT-April-2026,2026-04-01,L4R3R,NEWMEDICA - HAMPSHIRE,NHS HAMPSHIRE AND ISLE OF WIGHT INTEGRATED CARE BOARD,C_130,Ophthalmology Service,2321,1447,12,0.6234,True
RTT-April-2026,2026-04-01,Z1E5F,NEWMEDICA - HARROGATE,NHS HUMBER AND NORTH YORKSHIRE INTEGRATED CARE BOARD,C_130,Ophthalmology Service,236,208,0,0.8814,False
RTT-April-2026,2026-04-01,F7F6D,NEWMEDICA - HERTFORSHIRE - WELWYN GARDEN CITY,NHS CENTRAL EAST INTEGRATED CARE BOARD,C_130,Ophthalmology Service,946,832,0,0.8795,False
RTT-April-2026,2026-04-01,ACG37,NEWMEDICA - IPSWICH,NHS NORFOLK AND SUFFOLK INTEGRATED CARE BOARD,C_130,Ophthalmology Service,1218,1152,0,0.9458,False
RTT-April-2026,2026-04-01,ACG38,NEWMEDICA - LANGFORD,"NHS BRISTOL, NORTH SOMERSET AND SOUTH GLOUCESTERSHIRE INTEGRATED CARE BOARD",C_130,Ophthalmology Service,471,364,1,0.7728,False
RTT-April-2026,2026-04-01,N6Z0R,NEWMEDICA - LINCOLN,NHS LINCOLNSHIRE INTEGRATED CARE BOARD,C_130,Ophthalmology Service,32,28,0,0.875,False
RTT-April-2026,2026-04-01,Z2L9B,NEWMEDICA - MANCHESTER WEST,NHS GREATER MANCHESTER INTEGRATED CARE BOARD,C_130,Ophthalmology Service,317,250,0,0.7886,False
RTT-April-2026,2026-04-01,ACG26,NEWMEDICA - NORTH DERBYSHIRE - MIDLAND COURT,NHS DERBY AND DERBYSHIRE INTEGRATED CARE BOARD,C_130,Ophthalmology Service,1368,1239,0,0.9057,False
RTT-April-2026,2026-04-01,M4C5R,NEWMEDICA - NORTHAMPTON,NHS NORTHAMPTONSHIRE INTEGRATED CARE BOARD,C_130,Ophthalmology Service,1500,1252,1,0.8347,False
RTT-April-2026,2026-04-01,B5M7B,NEWMEDICA - NORWICH,NHS NORFOLK AND SUFFOLK INTEGRATED CARE BOARD,C_130,Ophthalmology Service,1675,1487,0,0.8878,False
RTT-April-2026,2026-04-01,B1A5K,NEWMEDICA - NOTTINGHAM,NHS NOTTINGHAM AND NOTTINGHAMSHIRE INTEGRATED CARE BOARD,C_130,Ophthalmology Service,619,606,0,0.979,False
RTT-April-2026,2026-04-01,M6L9D,NEWMEDICA - NOTTINGHAM - KEYWORTH,NHS NOTTINGHAM AND NOTTINGHAMSHIRE INTEGRATED CARE BOARD,C_130,Ophthalmology Service,23,23,0,1.0,False
RTT-April-2026,2026-04-01,J3J8Z,NEWMEDICA - OXFORDSHIRE,NHS THAMES VALLEY INTEGRATED CARE BOARD,C_130,Ophthalmology Service,958,900,0,0.9395,False
RTT-April-2026,2026-04-01,P5Y6K,NEWMEDICA - SHREWSBURY,"NHS SHROPSHIRE, TELFORD AND WREKIN INTEGRATED CARE BOARD",C_130,Ophthalmology Service,495,489,1,0.9879,False
RTT-April-2026,2026-04-01,D0V5X,NEWMEDICA - SWINDON MURDOCK ROAD,"NHS BATH AND NORTH EAST SOMERSET, SWINDON AND WILTSHIRE INTEGRATED CARE BOARD",C_130,Ophthalmology Service,168,134,0,0.7976,False
RTT-April-2026,2026-04-01,ACG24,NEWMEDICA - TEESSIDE - NORTH ORMESBY,NHS NORTH EAST AND NORTH CUMBRIA INTEGRATED CARE BOARD,C_130,Ophthalmology Service,1387,1337,0,0.964,False
RTT-April-2026,2026-04-01,ACG40,NEWMEDICA - WAKEFIELD,NHS WEST YORKSHIRE INTEGRATED CARE BOARD,C_130,Ophthalmology Service,557,471,0,0.8456,False
RTT-April-2026,2026-04-01,ACG31,NEWMEDICA - WORCESTER,NHS HEREFORDSHIRE AND WORCESTERSHIRE INTEGRATED CARE BOARD,C_130,Ophthalmology Service,868,763,0,0.879,False
RTT-April-2026,2026-04-01,ACG30,NEWMEDICA - WORKSOP - DUKERIES,NHS NOTTINGHAM AND NOTTINGHAMSHIRE INTEGRATED CARE BOARD,C_130,Ophthalmology Service,173,162,0,0.9364,False
RTT-April-2026,2026-04-01,H4J9P,NEWMEDICA AZTEC WEST,"NHS BRISTOL, NORTH SOMERSET AND SOUTH GLOUCESTERSHIRE INTEGRATED CARE BOARD",C_130,Ophthalmology Service,894,581,2,0.6499,True
RTT-April-2026,2026-04-01,ACG19,NEWMEDICA COMMUNITY OPHTHALMOLOGY - LEEDS,NHS WEST YORKSHIRE INTEGRATED CARE BOARD,C_130,Ophthalmology Service,585,523,0,0.894,False
RTT-April-2026,2026-04-01,ACG12,NEWMEDICA COMMUNITY OPHTHALMOLOGY - NORTH EAST LINCOLNSHIRE - GRIMSBY,NHS HUMBER AND NORTH YORKSHIRE INTEGRATED CARE BOARD,C_130,Ophthalmology Service,1019,784,0,0.7694,False
RTT-April-2026,2026-04-01,A4Q9X,NEWMEDICA LEICESTER,"NHS LEICESTER, LEICESTERSHIRE AND RUTLAND INTEGRATED CARE BOARD",C_130,Ophthalmology Service,880,803,0,0.9125,False
RTT-April-2026,2026-04-01,ACG08,NEWMEDICA OPHTHALMOLOGY - NUNEATON - CAMP HILL - GP LED HEALTH CENTRE,NHS COVENTRY AND WARWICKSHIRE INTEGRATED CARE BOARD,C_130,Ophthalmology Service,18,18,0,1.0,False
RTT-April-2026,2026-04-01,G4H0I,NEWMEDICA SUFFOLK - BURY ST EDMUNDS - CLARITY HOUSE,NHS NORFOLK AND SUFFOLK INTEGRATED CARE BOARD,C_130,Ophthalmology Service,673,625,0,0.9287,False
RTT-April-2026,2026-04-01,RM1,NORFOLK AND NORWICH UNIVERSITY HOSPITALS NHS FOUNDATION TRUST,NHS NORFOLK AND SUFFOLK INTEGRATED CARE BOARD,C_320,Cardiology Service,3881,2450,55,0.6313,True
RTT-April-2026,2026-04-01,RM1,NORFOLK AND NORWICH UNIVERSITY HOSPITALS NHS FOUNDATION TRUST,NHS NORFOLK AND SUFFOLK INTEGRATED CARE BOARD,C_330,Dermatology Service,4004,2522,52,0.6299,True
RTT-April-2026,2026-04-01,RM1,NORFOLK AND NORWICH UNIVERSITY HOSPITALS NHS FOUNDATION TRUST,NHS NORFOLK AND SUFFOLK INTEGRATED CARE BOARD,C_120,Ear Nose and Throat Service,5281,3738,104,0.7078,False
RTT-April-2026,2026-04-01,RM1,NORFOLK AND NORWICH UNIVERSITY HOSPITALS NHS FOUNDATION TRUST,NHS NORFOLK AND SUFFOLK INTEGRATED CARE BOARD,C_430,Elderly Medicine Service,33,33,0,1.0,False
RTT-April-2026,2026-04-01,RM1,NORFOLK AND NORWICH UNIVERSITY HOSPITALS NHS FOUNDATION TRUST,NHS NORFOLK AND SUFFOLK INTEGRATED CARE BOARD,C_301,Gastroenterology Service,3409,2189,5,0.6421,True
RTT-April-2026,2026-04-01,RM1,NORFOLK AND NORWICH UNIVERSITY HOSPITALS NHS FOUNDATION TRUST,NHS NORFOLK AND SUFFOLK INTEGRATED CARE BOARD,C_100,General Surgery Service,4355,2654,72,0.6094,True
RTT-April-2026,2026-04-01,RM1,NORFOLK AND NORWICH UNIVERSITY HOSPITALS NHS FOUNDATION TRUST,NHS NORFOLK AND SUFFOLK INTEGRATED CARE BOARD,C_502,Gynaecology Service,5478,3109,323,0.5675,True
RTT-April-2026,2026-04-01,RM1,NORFOLK AND NORWICH UNIVERSITY HOSPITALS NHS FOUNDATION TRUST,NHS NORFOLK AND SUFFOLK INTEGRATED CARE BOARD,C_400,Neurology Service,2201,1694,10,0.7697,False
RTT-April-2026,2026-04-01,RM1,NORFOLK AND NORWICH UNIVERSITY HOSPITALS NHS FOUNDATION TRUST,NHS NORFOLK AND SUFFOLK INTEGRATED CARE BOARD,C_130,Ophthalmology Service,5953,3987,55,0.6697,True
RTT-April-2026,2026-04-01,RM1,NORFOLK AND NORWICH UNIVERSITY HOSPITALS NHS FOUNDATION TRUST,NHS NORFOLK AND SUFFOLK INTEGRATED CARE BOARD,C_140,Oral Surgery Service,1742,1224,22,0.7026,False
RTT-April-2026,2026-04-01,RM1,NORFOLK AND NORWICH UNIVERSITY HOSPITALS NHS FOUNDATION TRUST,NHS NORFOLK AND SUFFOLK INTEGRATED CARE BOARD,X02,Other - Medical Services,6812,4385,40,0.6437,True
RTT-April-2026,2026-04-01,RM1,NORFOLK AND NORWICH UNIVERSITY HOSPITALS NHS FOUNDATION TRUST,NHS NORFOLK AND SUFFOLK INTEGRATED CARE BOARD,X03,Other - Mental Health Services,1,1,0,1.0,False
RTT-April-2026,2026-04-01,RM1,NORFOLK AND NORWICH UNIVERSITY HOSPITALS NHS FOUNDATION TRUST,NHS NORFOLK AND SUFFOLK INTEGRATED CARE BOARD,X06,Other - Other Services,738,606,2,0.8211,False
RTT-April-2026,2026-04-01,RM1,NORFOLK AND NORWICH UNIVERSITY HOSPITALS NHS FOUNDATION TRUST,NHS NORFOLK AND SUFFOLK INTEGRATED CARE BOARD,X04,Other - Paediatric Services,4573,3026,77,0.6617,True
RTT-April-2026,2026-04-01,RM1,NORFOLK AND NORWICH UNIVERSITY HOSPITALS NHS FOUNDATION TRUST,NHS NORFOLK AND SUFFOLK INTEGRATED CARE BOARD,X05,Other - Surgical Services,2058,1548,5,0.7522,False
RTT-April-2026,2026-04-01,RM1,NORFOLK AND NORWICH UNIVERSITY HOSPITALS NHS FOUNDATION TRUST,NHS NORFOLK AND SUFFOLK INTEGRATED CARE BOARD,C_160,Plastic Surgery Service,1590,705,72,0.4434,True
RTT-April-2026,2026-04-01,RM1,NORFOLK AND NORWICH UNIVERSITY HOSPITALS NHS FOUNDATION TRUST,NHS NORFOLK AND SUFFOLK INTEGRATED CARE BOARD,C_340,Respiratory Medicine Service,1497,992,3,0.6627,True
RTT-April-2026,2026-04-01,RM1,NORFOLK AND NORWICH UNIVERSITY HOSPITALS NHS FOUNDATION TRUST,NHS NORFOLK AND SUFFOLK INTEGRATED CARE BOARD,C_410,Rheumatology Service,1279,928,0,0.7256,False
RTT-April-2026,2026-04-01,RM1,NORFOLK AND NORWICH UNIVERSITY HOSPITALS NHS FOUNDATION TRUST,NHS NORFOLK AND SUFFOLK INTEGRATED CARE BOARD,C_110,Trauma and Orthopaedic Service,8697,4092,839,0.4705,True
RTT-April-2026,2026-04-01,RM1,NORFOLK AND NORWICH UNIVERSITY HOSPITALS NHS FOUNDATION TRUST,NHS NORFOLK AND SUFFOLK INTEGRATED CARE BOARD,C_101,Urology Service,4900,2840,139,0.5796,True
RTT-April-2026,2026-04-01,RVJ,NORTH BRISTOL NHS TRUST,"NHS BRISTOL, NORTH SOMERSET AND SOUTH GLOUCESTERSHIRE INTEGRATED CARE BOARD",C_320,Cardiology Service,2207,1586,0,0.7186,False
RTT-April-2026,2026-04-01,RVJ,NORTH BRISTOL NHS TRUST,"NHS BRISTOL, NORTH SOMERSET AND SOUTH GLOUCESTERSHIRE INTEGRATED CARE BOARD",C_170,Cardiothoracic Surgery Service,13,13,0,1.0,False
RTT-April-2026,2026-04-01,RVJ,NORTH BRISTOL NHS TRUST,"NHS BRISTOL, NORTH SOMERSET AND SOUTH GLOUCESTERSHIRE INTEGRATED CARE BOARD",C_330,Dermatology Service,2083,1689,0,0.8108,False
RTT-April-2026,2026-04-01,RVJ,NORTH BRISTOL NHS TRUST,"NHS BRISTOL, NORTH SOMERSET AND SOUTH GLOUCESTERSHIRE INTEGRATED CARE BOARD",C_430,Elderly Medicine Service,92,92,0,1.0,False
RTT-April-2026,2026-04-01,RVJ,NORTH BRISTOL NHS TRUST,"NHS BRISTOL, NORTH SOMERSET AND SOUTH GLOUCESTERSHIRE INTEGRATED CARE BOARD",C_301,Gastroenterology Service,403,334,1,0.8288,False
RTT-April-2026,2026-04-01,RVJ,NORTH BRISTOL NHS TRUST,"NHS BRISTOL, NORTH SOMERSET AND SOUTH GLOUCESTERSHIRE INTEGRATED CARE BOARD",C_100,General Surgery Service,761,516,1,0.6781,True
RTT-April-2026,2026-04-01,RVJ,NORTH BRISTOL NHS TRUST,"NHS BRISTOL, NORTH SOMERSET AND SOUTH GLOUCESTERSHIRE INTEGRATED CARE BOARD",C_502,Gynaecology Service,4787,3315,6,0.6925,True
RTT-April-2026,2026-04-01,RVJ,NORTH BRISTOL NHS TRUST,"NHS BRISTOL, NORTH SOMERSET AND SOUTH GLOUCESTERSHIRE INTEGRATED CARE BOARD",C_400,Neurology Service,3490,2191,0,0.6278,True
RTT-April-2026,2026-04-01,RVJ,NORTH BRISTOL NHS TRUST,"NHS BRISTOL, NORTH SOMERSET AND SOUTH GLOUCESTERSHIRE INTEGRATED CARE BOARD",C_150,Neurosurgical Service,1315,985,0,0.749,False
RTT-April-2026,2026-04-01,RVJ,NORTH BRISTOL NHS TRUST,"NHS BRISTOL, NORTH SOMERSET AND SOUTH GLOUCESTERSHIRE INTEGRATED CARE BOARD",X02,Other - Medical Services,4113,2873,1,0.6985,True
RTT-April-2026,2026-04-01,RVJ,NORTH BRISTOL NHS TRUST,"NHS BRISTOL, NORTH SOMERSET AND SOUTH GLOUCESTERSHIRE INTEGRATED CARE BOARD",X06,Other - Other Services,153,145,0,0.9477,False
RTT-April-2026,2026-04-01,RVJ,NORTH BRISTOL NHS TRUST,"NHS BRISTOL, NORTH SOMERSET AND SOUTH GLOUCESTERSHIRE INTEGRATED CARE BOARD",X04,Other - Paediatric Services,7,7,0,1.0,False
RTT-April-2026,2026-04-01,RVJ,NORTH BRISTOL NHS TRUST,"NHS BRISTOL, NORTH SOMERSET AND SOUTH GLOUCESTERSHIRE INTEGRATED CARE BOARD",X05,Other - Surgical Services,5532,4164,6,0.7527,False
RTT-April-2026,2026-04-01,RVJ,NORTH BRISTOL NHS TRUST,"NHS BRISTOL, NORTH SOMERSET AND SOUTH GLOUCESTERSHIRE INTEGRATED CARE BOARD",C_160,Plastic Surgery Service,2538,1584,13,0.6241,True
RTT-April-2026,2026-04-01,RVJ,NORTH BRISTOL NHS TRUST,"NHS BRISTOL, NORTH SOMERSET AND SOUTH GLOUCESTERSHIRE INTEGRATED CARE BOARD",C_340,Respiratory Medicine Service,674,663,0,0.9837,False
RTT-April-2026,2026-04-01,RVJ,NORTH BRISTOL NHS TRUST,"NHS BRISTOL, NORTH SOMERSET AND SOUTH GLOUCESTERSHIRE INTEGRATED CARE BOARD",C_410,Rheumatology Service,1169,697,0,0.5962,True
RTT-April-2026,2026-04-01,RVJ,NORTH BRISTOL NHS TRUST,"NHS BRISTOL, NORTH SOMERSET AND SOUTH GLOUCESTERSHIRE INTEGRATED CARE BOARD",C_110,Trauma and Orthopaedic Service,5779,3750,1,0.6489,True
RTT-April-2026,2026-04-01,RVJ,NORTH BRISTOL NHS TRUST,"NHS BRISTOL, NORTH SOMERSET AND SOUTH GLOUCESTERSHIRE INTEGRATED CARE BOARD",C_101,Urology Service,5271,3872,0,0.7346,False
RTT-April-2026,2026-04-01,RWW,NORTH CHESHIRE AND MERSEY NHS FOUNDATION TRUST,NHS CHESHIRE AND MERSEYSIDE INTEGRATED CARE BOARD,C_320,Cardiology Service,1777,1234,5,0.6944,True
RTT-April-2026,2026-04-01,RWW,NORTH CHESHIRE AND MERSEY NHS FOUNDATION TRUST,NHS CHESHIRE AND MERSEYSIDE INTEGRATED CARE BOARD,C_120,Ear Nose and Throat Service,3217,1856,12,0.5769,True
RTT-April-2026,2026-04-01,RWW,NORTH CHESHIRE AND MERSEY NHS FOUNDATION TRUST,NHS CHESHIRE AND MERSEYSIDE INTEGRATED CARE BOARD,C_430,Elderly Medicine Service,245,132,0,0.5388,True
RTT-April-2026,2026-04-01,RWW,NORTH CHESHIRE AND MERSEY NHS FOUNDATION TRUST,NHS CHESHIRE AND MERSEYSIDE INTEGRATED CARE BOARD,C_301,Gastroenterology Service,2681,2077,11,0.7747,False
RTT-April-2026,2026-04-01,RWW,NORTH CHESHIRE AND MERSEY NHS FOUNDATION TRUST,NHS CHESHIRE AND MERSEYSIDE INTEGRATED CARE BOARD,C_300,General Internal Medicine Service,45,44,0,0.9778,False
RTT-April-2026,2026-04-01,RWW,NORTH CHESHIRE AND MERSEY NHS FOUNDATION TRUST,NHS CHESHIRE AND MERSEYSIDE INTEGRATED CARE BOARD,C_100,General Surgery Service,694,542,3,0.781,False
RTT-April-2026,2026-04-01,RWW,NORTH CHESHIRE AND MERSEY NHS FOUNDATION TRUST,NHS CHESHIRE AND MERSEYSIDE INTEGRATED CARE BOARD,C_502,Gynaecology Service,3397,2264,23,0.6665,True
RTT-April-2026,2026-04-01,RWW,NORTH CHESHIRE AND MERSEY NHS FOUNDATION TRUST,NHS CHESHIRE AND MERSEYSIDE INTEGRATED CARE BOARD,C_130,Ophthalmology Service,2167,1964,0,0.9063,False
RTT-April-2026,2026-04-01,RWW,NORTH CHESHIRE AND MERSEY NHS FOUNDATION TRUST,NHS CHESHIRE AND MERSEYSIDE INTEGRATED CARE BOARD,X02,Other - Medical Services,3444,1916,3,0.5563,True
RTT-April-2026,2026-04-01,RWW,NORTH CHESHIRE AND MERSEY NHS FOUNDATION TRUST,NHS CHESHIRE AND MERSEYSIDE INTEGRATED CARE BOARD,X06,Other - Other Services,611,270,3,0.4419,True
RTT-April-2026,2026-04-01,RWW,NORTH CHESHIRE AND MERSEY NHS FOUNDATION TRUST,NHS CHESHIRE AND MERSEYSIDE INTEGRATED CARE BOARD,X04,Other - Paediatric Services,1931,1438,4,0.7447,False
RTT-April-2026,2026-04-01,RWW,NORTH CHESHIRE AND MERSEY NHS FOUNDATION TRUST,NHS CHESHIRE AND MERSEYSIDE INTEGRATED CARE BOARD,X05,Other - Surgical Services,5486,3338,68,0.6085,True
RTT-April-2026,2026-04-01,RWW,NORTH CHESHIRE AND MERSEY NHS FOUNDATION TRUST,NHS CHESHIRE AND MERSEYSIDE INTEGRATED CARE BOARD,C_340,Respiratory Medicine Service,1171,874,0,0.7464,False
RTT-April-2026,2026-04-01,RWW,NORTH CHESHIRE AND MERSEY NHS FOUNDATION TRUST,NHS CHESHIRE AND MERSEYSIDE INTEGRATED CARE BOARD,C_410,Rheumatology Service,1187,590,2,0.4971,True
RTT-April-2026,2026-04-01,RWW,NORTH CHESHIRE AND MERSEY NHS FOUNDATION TRUST,NHS CHESHIRE AND MERSEYSIDE INTEGRATED CARE BOARD,C_110,Trauma and Orthopaedic Service,3427,1656,102,0.4832,True
RTT-April-2026,2026-04-01,RWW,NORTH CHESHIRE AND MERSEY NHS FOUNDATION TRUST,NHS CHESHIRE AND MERSEYSIDE INTEGRATED CARE BOARD,C_101,Urology Service,2183,1564,12,0.7164,False
RTT-April-2026,2026-04-01,RNN,NORTH CUMBRIA INTEGRATED CARE NHS FOUNDATION TRUST,NHS NORTH EAST AND NORTH CUMBRIA INTEGRATED CARE BOARD,C_320,Cardiology Service,2707,1568,54,0.5792,True
RTT-April-2026,2026-04-01,RNN,NORTH CUMBRIA INTEGRATED CARE NHS FOUNDATION TRUST,NHS NORTH EAST AND NORTH CUMBRIA INTEGRATED CARE BOARD,C_330,Dermatology Service,1787,1218,2,0.6816,True
RTT-April-2026,2026-04-01,RNN,NORTH CUMBRIA INTEGRATED CARE NHS FOUNDATION TRUST,NHS NORTH EAST AND NORTH CUMBRIA INTEGRATED CARE BOARD,C_120,Ear Nose and Throat Service,3639,2449,20,0.673,True
RTT-April-2026,2026-04-01,RNN,NORTH CUMBRIA INTEGRATED CARE NHS FOUNDATION TRUST,NHS NORTH EAST AND NORTH CUMBRIA INTEGRATED CARE BOARD,C_430,Elderly Medicine Service,252,185,0,0.7341,False
RTT-April-2026,2026-04-01,RNN,NORTH CUMBRIA INTEGRATED CARE NHS FOUNDATION TRUST,NHS NORTH EAST AND NORTH CUMBRIA INTEGRATED CARE BOARD,C_301,Gastroenterology Service,1887,1200,33,0.6359,True
RTT-April-2026,2026-04-01,RNN,NORTH CUMBRIA INTEGRATED CARE NHS FOUNDATION TRUST,NHS NORTH EAST AND NORTH CUMBRIA INTEGRATED CARE BOARD,C_300,General Internal Medicine Service,98,51,2,0.5204,True
RTT-April-2026,2026-04-01,RNN,NORTH CUMBRIA INTEGRATED CARE NHS FOUNDATION TRUST,NHS NORTH EAST AND NORTH CUMBRIA INTEGRATED CARE BOARD,C_100,General Surgery Service,1277,679,40,0.5317,True
RTT-April-2026,2026-04-01,RNN,NORTH CUMBRIA INTEGRATED CARE NHS FOUNDATION TRUST,NHS NORTH EAST AND NORTH CUMBRIA INTEGRATED CARE BOARD,C_502,Gynaecology Service,3813,1927,226,0.5054,True
RTT-April-2026,2026-04-01,RNN,NORTH CUMBRIA INTEGRATED CARE NHS FOUNDATION TRUST,NHS NORTH EAST AND NORTH CUMBRIA INTEGRATED CARE BOARD,C_400,Neurology Service,1357,895,3,0.6595,True
RTT-April-2026,2026-04-01,RNN,NORTH CUMBRIA INTEGRATED CARE NHS FOUNDATION TRUST,NHS NORTH EAST AND NORTH CUMBRIA INTEGRATED CARE BOARD,C_130,Ophthalmology Service,2100,1618,1,0.7705,False
RTT-April-2026,2026-04-01,RNN,NORTH CUMBRIA INTEGRATED CARE NHS FOUNDATION TRUST,NHS NORTH EAST AND NORTH CUMBRIA INTEGRATED CARE BOARD,C_140,Oral Surgery Service,948,733,0,0.7732,False
RTT-April-2026,2026-04-01,RNN,NORTH CUMBRIA INTEGRATED CARE NHS FOUNDATION TRUST,NHS NORTH EAST AND NORTH CUMBRIA INTEGRATED CARE BOARD,X02,Other - Medical Services,932,657,1,0.7049,False
RTT-April-2026,2026-04-01,RNN,NORTH CUMBRIA INTEGRATED CARE NHS FOUNDATION TRUST,NHS NORTH EAST AND NORTH CUMBRIA INTEGRATED CARE BOARD,X06,Other - Other Services,1652,1497,0,0.9062,False
RTT-April-2026,2026-04-01,RNN,NORTH CUMBRIA INTEGRATED CARE NHS FOUNDATION TRUST,NHS NORTH EAST AND NORTH CUMBRIA INTEGRATED CARE BOARD,X04,Other - Paediatric Services,541,507,0,0.9372,False
RTT-April-2026,2026-04-01,RNN,NORTH CUMBRIA INTEGRATED CARE NHS FOUNDATION TRUST,NHS NORTH EAST AND NORTH CUMBRIA INTEGRATED CARE BOARD,X05,Other - Surgical Services,5417,3589,50,0.6625,True
RTT-April-2026,2026-04-01,RNN,NORTH CUMBRIA INTEGRATED CARE NHS FOUNDATION TRUST,NHS NORTH EAST AND NORTH CUMBRIA INTEGRATED CARE BOARD,C_340,Respiratory Medicine Service,686,394,0,0.5743,True
RTT-April-2026,2026-04-01,RNN,NORTH CUMBRIA INTEGRATED CARE NHS FOUNDATION TRUST,NHS NORTH EAST AND NORTH CUMBRIA INTEGRATED CARE BOARD,C_410,Rheumatology Service,1265,675,4,0.5336,True
RTT-April-2026,2026-04-01,RNN,NORTH CUMBRIA INTEGRATED CARE NHS FOUNDATION TRUST,NHS NORTH EAST AND NORTH CUMBRIA INTEGRATED CARE BOARD,C_110,Trauma and Orthopaedic Service,2590,1420,47,0.5483,True
RTT-April-2026,2026-04-01,RNN,NORTH CUMBRIA INTEGRATED CARE NHS FOUNDATION TRUST,NHS NORTH EAST AND NORTH CUMBRIA INTEGRATED CARE BOARD,C_101,Urology Service,2219,1528,9,0.6886,True
RTT-April-2026,2026-04-01,NVC11,NORTH DOWNS HOSPITAL,NHS SURREY AND SUSSEX INTEGRATED CARE BOARD,C_301,Gastroenterology Service,36,31,0,0.8611,False
RTT-April-2026,2026-04-01,NVC11,NORTH DOWNS HOSPITAL,NHS SURREY AND SUSSEX INTEGRATED CARE BOARD,C_100,General Surgery Service,169,126,1,0.7456,False
RTT-April-2026,2026-04-01,NVC11,NORTH DOWNS HOSPITAL,NHS SURREY AND SUSSEX INTEGRATED CARE BOARD,C_502,Gynaecology Service,184,142,0,0.7717,False
RTT-April-2026,2026-04-01,NVC11,NORTH DOWNS HOSPITAL,NHS SURREY AND SUSSEX INTEGRATED CARE BOARD,C_130,Ophthalmology Service,121,94,1,0.7769,False
RTT-April-2026,2026-04-01,NVC11,NORTH DOWNS HOSPITAL,NHS SURREY AND SUSSEX INTEGRATED CARE BOARD,X02,Other - Medical Services,121,74,0,0.6116,True
RTT-April-2026,2026-04-01,NVC11,NORTH DOWNS HOSPITAL,NHS SURREY AND SUSSEX INTEGRATED CARE BOARD,X06,Other - Other Services,1,0,1,0.0,True
RTT-April-2026,2026-04-01,NVC11,NORTH DOWNS HOSPITAL,NHS SURREY AND SUSSEX INTEGRATED CARE BOARD,C_160,Plastic Surgery Service,18,12,1,0.6667,True
RTT-April-2026,2026-04-01,NVC11,NORTH DOWNS HOSPITAL,NHS SURREY AND SUSSEX INTEGRATED CARE BOARD,C_110,Trauma and Orthopaedic Service,733,474,6,0.6467,True
RTT-April-2026,2026-04-01,NVC11,NORTH DOWNS HOSPITAL,NHS SURREY AND SUSSEX INTEGRATED CARE BOARD,C_101,Urology Service,86,52,2,0.6047,True
RTT-April-2026,2026-04-01,RVW,NORTH TEES AND HARTLEPOOL NHS FOUNDATION TRUST,NHS NORTH EAST AND NORTH CUMBRIA INTEGRATED CARE BOARD,C_320,Cardiology Service,630,531,0,0.8429,False
RTT-April-2026,2026-04-01,RVW,NORTH TEES AND HARTLEPOOL NHS FOUNDATION TRUST,NHS NORTH EAST AND NORTH CUMBRIA INTEGRATED CARE BOARD,C_430,Elderly Medicine Service,184,170,0,0.9239,False
RTT-April-2026,2026-04-01,RVW,NORTH TEES AND HARTLEPOOL NHS FOUNDATION TRUST,NHS NORTH EAST AND NORTH CUMBRIA INTEGRATED CARE BOARD,C_301,Gastroenterology Service,1223,1050,0,0.8585,False
RTT-April-2026,2026-04-01,RVW,NORTH TEES AND HARTLEPOOL NHS FOUNDATION TRUST,NHS NORTH EAST AND NORTH CUMBRIA INTEGRATED CARE BOARD,C_300,General Internal Medicine Service,222,217,0,0.9775,False
RTT-April-2026,2026-04-01,RVW,NORTH TEES AND HARTLEPOOL NHS FOUNDATION TRUST,NHS NORTH EAST AND NORTH CUMBRIA INTEGRATED CARE BOARD,C_100,General Surgery Service,2542,1495,28,0.5881,True
RTT-April-2026,2026-04-01,RVW,NORTH TEES AND HARTLEPOOL NHS FOUNDATION TRUST,NHS NORTH EAST AND NORTH CUMBRIA INTEGRATED CARE BOARD,C_502,Gynaecology Service,2900,1628,75,0.5614,True
RTT-April-2026,2026-04-01,RVW,NORTH TEES AND HARTLEPOOL NHS FOUNDATION TRUST,NHS NORTH EAST AND NORTH CUMBRIA INTEGRATED CARE BOARD,X06,Other - Other Services,2091,1261,13,0.6031,True
RTT-April-2026,2026-04-01,RVW,NORTH TEES AND HARTLEPOOL NHS FOUNDATION TRUST,NHS NORTH EAST AND NORTH CUMBRIA INTEGRATED CARE BOARD,X04,Other - Paediatric Services,1607,1062,0,0.6609,True
RTT-April-2026,2026-04-01,RVW,NORTH TEES AND HARTLEPOOL NHS FOUNDATION TRUST,NHS NORTH EAST AND NORTH CUMBRIA INTEGRATED CARE BOARD,X05,Other - Surgical Services,1552,1260,36,0.8119,False
RTT-April-2026,2026-04-01,RVW,NORTH TEES AND HARTLEPOOL NHS FOUNDATION TRUST,NHS NORTH EAST AND NORTH CUMBRIA INTEGRATED CARE BOARD,C_340,Respiratory Medicine Service,781,562,4,0.7196,False
RTT-April-2026,2026-04-01,RVW,NORTH TEES AND HARTLEPOOL NHS FOUNDATION TRUST,NHS NORTH EAST AND NORTH CUMBRIA INTEGRATED CARE BOARD,C_410,Rheumatology Service,497,420,0,0.8451,False
RTT-April-2026,2026-04-01,RVW,NORTH TEES AND HARTLEPOOL NHS FOUNDATION TRUST,NHS NORTH EAST AND NORTH CUMBRIA INTEGRATED CARE BOARD,C_110,Trauma and Orthopaedic Service,6400,5324,16,0.8319,False
RTT-April-2026,2026-04-01,RVW,NORTH TEES AND HARTLEPOOL NHS FOUNDATION TRUST,NHS NORTH EAST AND NORTH CUMBRIA INTEGRATED CARE BOARD,C_101,Urology Service,1944,1354,40,0.6965,True
RTT-April-2026,2026-04-01,RGN,NORTH WEST ANGLIA NHS FOUNDATION TRUST,NHS CENTRAL EAST INTEGRATED CARE BOARD,C_320,Cardiology Service,9214,5991,94,0.6502,True
RTT-April-2026,2026-04-01,RGN,NORTH WEST ANGLIA NHS FOUNDATION TRUST,NHS CENTRAL EAST INTEGRATED CARE BOARD,C_330,Dermatology Service,4616,2804,12,0.6075,True
RTT-April-2026,2026-04-01,RGN,NORTH WEST ANGLIA NHS FOUNDATION TRUST,NHS CENTRAL EAST INTEGRATED CARE BOARD,C_120,Ear Nose and Throat Service,7476,4052,43,0.542,True
RTT-April-2026,2026-04-01,RGN,NORTH WEST ANGLIA NHS FOUNDATION TRUST,NHS CENTRAL EAST INTEGRATED CARE BOARD,C_430,Elderly Medicine Service,316,227,0,0.7184,False
RTT-April-2026,2026-04-01,RGN,NORTH WEST ANGLIA NHS FOUNDATION TRUST,NHS CENTRAL EAST INTEGRATED CARE BOARD,C_301,Gastroenterology Service,5934,3650,1,0.6151,True
RTT-April-2026,2026-04-01,RGN,NORTH WEST ANGLIA NHS FOUNDATION TRUST,NHS CENTRAL EAST INTEGRATED CARE BOARD,C_300,General Internal Medicine Service,79,78,0,0.9873,False
RTT-April-2026,2026-04-01,RGN,NORTH WEST ANGLIA NHS FOUNDATION TRUST,NHS CENTRAL EAST INTEGRATED CARE BOARD,C_100,General Surgery Service,5671,3536,51,0.6235,True
RTT-April-2026,2026-04-01,RGN,NORTH WEST ANGLIA NHS FOUNDATION TRUST,NHS CENTRAL EAST INTEGRATED CARE BOARD,C_502,Gynaecology Service,6456,3532,64,0.5471,True
RTT-April-2026,2026-04-01,RGN,NORTH WEST ANGLIA NHS FOUNDATION TRUST,NHS CENTRAL EAST INTEGRATED CARE BOARD,C_400,Neurology Service,1568,774,2,0.4936,True
RTT-April-2026,2026-04-01,RGN,NORTH WEST ANGLIA NHS FOUNDATION TRUST,NHS CENTRAL EAST INTEGRATED CARE BOARD,C_130,Ophthalmology Service,6678,3844,47,0.5756,True
RTT-April-2026,2026-04-01,RGN,NORTH WEST ANGLIA NHS FOUNDATION TRUST,NHS CENTRAL EAST INTEGRATED CARE BOARD,C_140,Oral Surgery Service,2778,1336,6,0.4809,True
RTT-April-2026,2026-04-01,RGN,NORTH WEST ANGLIA NHS FOUNDATION TRUST,NHS CENTRAL EAST INTEGRATED CARE BOARD,X02,Other - Medical Services,8070,5100,21,0.632,True
RTT-April-2026,2026-04-01,RGN,NORTH WEST ANGLIA NHS FOUNDATION TRUST,NHS CENTRAL EAST INTEGRATED CARE BOARD,X03,Other - Mental Health Services,1,1,0,1.0,False
RTT-April-2026,2026-04-01,RGN,NORTH WEST ANGLIA NHS FOUNDATION TRUST,NHS CENTRAL EAST INTEGRATED CARE BOARD,X06,Other - Other Services,625,327,1,0.5232,True
RTT-April-2026,2026-04-01,RGN,NORTH WEST ANGLIA NHS FOUNDATION TRUST,NHS CENTRAL EAST INTEGRATED CARE BOARD,X04,Other - Paediatric Services,801,565,0,0.7054,False
RTT-April-2026,2026-04-01,RGN,NORTH WEST ANGLIA NHS FOUNDATION TRUST,NHS CENTRAL EAST INTEGRATED CARE BOARD,X05,Other - Surgical Services,1681,1237,4,0.7359,False
RTT-April-2026,2026-04-01,RGN,NORTH WEST ANGLIA NHS FOUNDATION TRUST,NHS CENTRAL EAST INTEGRATED CARE BOARD,C_160,Plastic Surgery Service,1506,889,6,0.5903,True
RTT-April-2026,2026-04-01,RGN,NORTH WEST ANGLIA NHS FOUNDATION TRUST,NHS CENTRAL EAST INTEGRATED CARE BOARD,C_340,Respiratory Medicine Service,1382,1070,2,0.7742,False
RTT-April-2026,2026-04-01,RGN,NORTH WEST ANGLIA NHS FOUNDATION TRUST,NHS CENTRAL EAST INTEGRATED CARE BOARD,C_410,Rheumatology Service,1151,822,0,0.7142,False
RTT-April-2026,2026-04-01,RGN,NORTH WEST ANGLIA NHS FOUNDATION TRUST,NHS CENTRAL EAST INTEGRATED CARE BOARD,C_110,Trauma and Orthopaedic Service,7035,3842,52,0.5461,True
RTT-April-2026,2026-04-01,RGN,NORTH WEST ANGLIA NHS FOUNDATION TRUST,NHS CENTRAL EAST INTEGRATED CARE BOARD,C_101,Urology Service,5816,3719,22,0.6394,True
RTT-April-2026,2026-04-01,RNS,NORTHAMPTON GENERAL HOSPITAL NHS TRUST,NHS NORTHAMPTONSHIRE INTEGRATED CARE BOARD,C_320,Cardiology Service,3595,2335,0,0.6495,True
RTT-April-2026,2026-04-01,RNS,NORTHAMPTON GENERAL HOSPITAL NHS TRUST,NHS NORTHAMPTONSHIRE INTEGRATED CARE BOARD,C_170,Cardiothoracic Surgery Service,21,20,0,0.9524,False
RTT-April-2026,2026-04-01,RNS,NORTHAMPTON GENERAL HOSPITAL NHS TRUST,NHS NORTHAMPTONSHIRE INTEGRATED CARE BOARD,C_330,Dermatology Service,3797,2010,61,0.5294,True
RTT-April-2026,2026-04-01,RNS,NORTHAMPTON GENERAL HOSPITAL NHS TRUST,NHS NORTHAMPTONSHIRE INTEGRATED CARE BOARD,C_120,Ear Nose and Throat Service,5182,2786,255,0.5376,True
RTT-April-2026,2026-04-01,RNS,NORTHAMPTON GENERAL HOSPITAL NHS TRUST,NHS NORTHAMPTONSHIRE INTEGRATED CARE BOARD,C_430,Elderly Medicine Service,107,101,0,0.9439,False
RTT-April-2026,2026-04-01,RNS,NORTHAMPTON GENERAL HOSPITAL NHS TRUST,NHS NORTHAMPTONSHIRE INTEGRATED CARE BOARD,C_301,Gastroenterology Service,3111,2055,0,0.6606,True
RTT-April-2026,2026-04-01,RNS,NORTHAMPTON GENERAL HOSPITAL NHS TRUST,NHS NORTHAMPTONSHIRE INTEGRATED CARE BOARD,C_300,General Internal Medicine Service,594,335,0,0.564,True
RTT-April-2026,2026-04-01,RNS,NORTHAMPTON GENERAL HOSPITAL NHS TRUST,NHS NORTHAMPTONSHIRE INTEGRATED CARE BOARD,C_100,General Surgery Service,2461,1691,2,0.6871,True
RTT-April-2026,2026-04-01,RNS,NORTHAMPTON GENERAL HOSPITAL NHS TRUST,NHS NORTHAMPTONSHIRE INTEGRATED CARE BOARD,C_502,Gynaecology Service,3385,1333,29,0.3938,True
RTT-April-2026,2026-04-01,RNS,NORTHAMPTON GENERAL HOSPITAL NHS TRUST,NHS NORTHAMPTONSHIRE INTEGRATED CARE BOARD,C_400,Neurology Service,1607,837,0,0.5208,True
RTT-April-2026,2026-04-01,RNS,NORTHAMPTON GENERAL HOSPITAL NHS TRUST,NHS NORTHAMPTONSHIRE INTEGRATED CARE BOARD,C_130,Ophthalmology Service,4017,3158,0,0.7862,False
RTT-April-2026,2026-04-01,RNS,NORTHAMPTON GENERAL HOSPITAL NHS TRUST,NHS NORTHAMPTONSHIRE INTEGRATED CARE BOARD,C_140,Oral Surgery Service,2434,1166,28,0.479,True
RTT-April-2026,2026-04-01,RNS,NORTHAMPTON GENERAL HOSPITAL NHS TRUST,NHS NORTHAMPTONSHIRE INTEGRATED CARE BOARD,X02,Other - Medical Services,2630,1563,4,0.5943,True
RTT-April-2026,2026-04-01,RNS,NORTHAMPTON GENERAL HOSPITAL NHS TRUST,NHS NORTHAMPTONSHIRE INTEGRATED CARE BOARD,X06,Other - Other Services,334,314,0,0.9401,False
RTT-April-2026,2026-04-01,RNS,NORTHAMPTON GENERAL HOSPITAL NHS TRUST,NHS NORTHAMPTONSHIRE INTEGRATED CARE BOARD,X04,Other - Paediatric Services,396,277,5,0.6995,True
RTT-April-2026,2026-04-01,RNS,NORTHAMPTON GENERAL HOSPITAL NHS TRUST,NHS NORTHAMPTONSHIRE INTEGRATED CARE BOARD,X05,Other - Surgical Services,590,310,2,0.5254,True
RTT-April-2026,2026-04-01,RNS,NORTHAMPTON GENERAL HOSPITAL NHS TRUST,NHS NORTHAMPTONSHIRE INTEGRATED CARE BOARD,C_160,Plastic Surgery Service,154,68,2,0.4416,True
RTT-April-2026,2026-04-01,RNS,NORTHAMPTON GENERAL HOSPITAL NHS TRUST,NHS NORTHAMPTONSHIRE INTEGRATED CARE BOARD,C_340,Respiratory Medicine Service,1860,1670,0,0.8978,False
RTT-April-2026,2026-04-01,RNS,NORTHAMPTON GENERAL HOSPITAL NHS TRUST,NHS NORTHAMPTONSHIRE INTEGRATED CARE BOARD,C_410,Rheumatology Service,513,379,0,0.7388,False
RTT-April-2026,2026-04-01,RNS,NORTHAMPTON GENERAL HOSPITAL NHS TRUST,NHS NORTHAMPTONSHIRE INTEGRATED CARE BOARD,C_110,Trauma and Orthopaedic Service,2866,1540,24,0.5373,True
RTT-April-2026,2026-04-01,RNS,NORTHAMPTON GENERAL HOSPITAL NHS TRUST,NHS NORTHAMPTONSHIRE INTEGRATED CARE BOARD,C_101,Urology Service,1183,932,1,0.7878,False
RTT-April-2026,2026-04-01,RM3,NORTHERN CARE ALLIANCE NHS FOUNDATION TRUST,NHS GREATER MANCHESTER INTEGRATED CARE BOARD,C_320,Cardiology Service,5483,3793,19,0.6918,True
RTT-April-2026,2026-04-01,RM3,NORTHERN CARE ALLIANCE NHS FOUNDATION TRUST,NHS GREATER MANCHESTER INTEGRATED CARE BOARD,C_330,Dermatology Service,13708,7185,166,0.5241,True
RTT-April-2026,2026-04-01,RM3,NORTHERN CARE ALLIANCE NHS FOUNDATION TRUST,NHS GREATER MANCHESTER INTEGRATED CARE BOARD,C_120,Ear Nose and Throat Service,8886,5123,361,0.5765,True
RTT-April-2026,2026-04-01,RM3,NORTHERN CARE ALLIANCE NHS FOUNDATION TRUST,NHS GREATER MANCHESTER INTEGRATED CARE BOARD,C_430,Elderly Medicine Service,306,288,0,0.9412,False
RTT-April-2026,2026-04-01,RM3,NORTHERN CARE ALLIANCE NHS FOUNDATION TRUST,NHS GREATER MANCHESTER INTEGRATED CARE BOARD,C_301,Gastroenterology Service,13380,7271,350,0.5434,True
RTT-April-2026,2026-04-01,RM3,NORTHERN CARE ALLIANCE NHS FOUNDATION TRUST,NHS GREATER MANCHESTER INTEGRATED CARE BOARD,C_300,General Internal Medicine Service,145,105,0,0.7241,False
RTT-April-2026,2026-04-01,RM3,NORTHERN CARE ALLIANCE NHS FOUNDATION TRUST,NHS GREATER MANCHESTER INTEGRATED CARE BOARD,C_100,General Surgery Service,5641,2831,390,0.5019,True
RTT-April-2026,2026-04-01,RM3,NORTHERN CARE ALLIANCE NHS FOUNDATION TRUST,NHS GREATER MANCHESTER INTEGRATED CARE BOARD,C_502,Gynaecology Service,9729,5537,537,0.5691,True
RTT-April-2026,2026-04-01,RM3,NORTHERN CARE ALLIANCE NHS FOUNDATION TRUST,NHS GREATER MANCHESTER INTEGRATED CARE BOARD,C_400,Neurology Service,17529,10502,313,0.5991,True
RTT-April-2026,2026-04-01,RM3,NORTHERN CARE ALLIANCE NHS FOUNDATION TRUST,NHS GREATER MANCHESTER INTEGRATED CARE BOARD,C_150,Neurosurgical Service,4552,2457,171,0.5398,True
RTT-April-2026,2026-04-01,RM3,NORTHERN CARE ALLIANCE NHS FOUNDATION TRUST,NHS GREATER MANCHESTER INTEGRATED CARE BOARD,C_130,Ophthalmology Service,6256,3278,302,0.524,True
RTT-April-2026,2026-04-01,RM3,NORTHERN CARE ALLIANCE NHS FOUNDATION TRUST,NHS GREATER MANCHESTER INTEGRATED CARE BOARD,C_140,Oral Surgery Service,1866,861,98,0.4614,True
RTT-April-2026,2026-04-01,RM3,NORTHERN CARE ALLIANCE NHS FOUNDATION TRUST,NHS GREATER MANCHESTER INTEGRATED CARE BOARD,X02,Other - Medical Services,6597,4688,1,0.7106,False
RTT-April-2026,2026-04-01,RM3,NORTHERN CARE ALLIANCE NHS FOUNDATION TRUST,NHS GREATER MANCHESTER INTEGRATED CARE BOARD,X06,Other - Other Services,92,61,3,0.663,True
RTT-April-2026,2026-04-01,RM3,NORTHERN CARE ALLIANCE NHS FOUNDATION TRUST,NHS GREATER MANCHESTER INTEGRATED CARE BOARD,X04,Other - Paediatric Services,4874,2854,84,0.5856,True
RTT-April-2026,2026-04-01,RM3,NORTHERN CARE ALLIANCE NHS FOUNDATION TRUST,NHS GREATER MANCHESTER INTEGRATED CARE BOARD,X05,Other - Surgical Services,8457,5278,311,0.6241,True
RTT-April-2026,2026-04-01,RM3,NORTHERN CARE ALLIANCE NHS FOUNDATION TRUST,NHS GREATER MANCHESTER INTEGRATED CARE BOARD,C_160,Plastic Surgery Service,1195,673,59,0.5632,True
RTT-April-2026,2026-04-01,RM3,NORTHERN CARE ALLIANCE NHS FOUNDATION TRUST,NHS GREATER MANCHESTER INTEGRATED CARE BOARD,C_340,Respiratory Medicine Service,1025,919,0,0.8966,False
RTT-April-2026,2026-04-01,RM3,NORTHERN CARE ALLIANCE NHS FOUNDATION TRUST,NHS GREATER MANCHESTER INTEGRATED CARE BOARD,C_410,Rheumatology Service,2226,1273,5,0.5719,True
RTT-April-2026,2026-04-01,RM3,NORTHERN CARE ALLIANCE NHS FOUNDATION TRUST,NHS GREATER MANCHESTER INTEGRATED CARE BOARD,C_110,Trauma and Orthopaedic Service,13495,7865,477,0.5828,True
RTT-April-2026,2026-04-01,RM3,NORTHERN CARE ALLIANCE NHS FOUNDATION TRUST,NHS GREATER MANCHESTER INTEGRATED CARE BOARD,C_101,Urology Service,7556,4720,152,0.6247,True
RTT-April-2026,2026-04-01,RJL,NORTHERN LINCOLNSHIRE AND GOOLE NHS FOUNDATION TRUST,NHS HUMBER AND NORTH YORKSHIRE INTEGRATED CARE BOARD,C_320,Cardiology Service,2422,1814,1,0.749,False
RTT-April-2026,2026-04-01,RJL,NORTHERN LINCOLNSHIRE AND GOOLE NHS FOUNDATION TRUST,NHS HUMBER AND NORTH YORKSHIRE INTEGRATED CARE BOARD,C_170,Cardiothoracic Surgery Service,1,1,0,1.0,False
RTT-April-2026,2026-04-01,RJL,NORTHERN LINCOLNSHIRE AND GOOLE NHS FOUNDATION TRUST,NHS HUMBER AND NORTH YORKSHIRE INTEGRATED CARE BOARD,C_330,Dermatology Service,1,1,0,1.0,False
RTT-April-2026,2026-04-01,RJL,NORTHERN LINCOLNSHIRE AND GOOLE NHS FOUNDATION TRUST,NHS HUMBER AND NORTH YORKSHIRE INTEGRATED CARE BOARD,C_120,Ear Nose and Throat Service,5361,3386,138,0.6316,True
RTT-April-2026,2026-04-01,RJL,NORTHERN LINCOLNSHIRE AND GOOLE NHS FOUNDATION TRUST,NHS HUMBER AND NORTH YORKSHIRE INTEGRATED CARE BOARD,C_430,Elderly Medicine Service,244,210,0,0.8607,False
RTT-April-2026,2026-04-01,RJL,NORTHERN LINCOLNSHIRE AND GOOLE NHS FOUNDATION TRUST,NHS HUMBER AND NORTH YORKSHIRE INTEGRATED CARE BOARD,C_301,Gastroenterology Service,3966,1479,334,0.3729,True
RTT-April-2026,2026-04-01,RJL,NORTHERN LINCOLNSHIRE AND GOOLE NHS FOUNDATION TRUST,NHS HUMBER AND NORTH YORKSHIRE INTEGRATED CARE BOARD,C_300,General Internal Medicine Service,75,61,1,0.8133,False
RTT-April-2026,2026-04-01,RJL,NORTHERN LINCOLNSHIRE AND GOOLE NHS FOUNDATION TRUST,NHS HUMBER AND NORTH YORKSHIRE INTEGRATED CARE BOARD,C_100,General Surgery Service,5922,3728,52,0.6295,True
RTT-April-2026,2026-04-01,RJL,NORTHERN LINCOLNSHIRE AND GOOLE NHS FOUNDATION TRUST,NHS HUMBER AND NORTH YORKSHIRE INTEGRATED CARE BOARD,C_502,Gynaecology Service,4665,2758,129,0.5912,True
RTT-April-2026,2026-04-01,RJL,NORTHERN LINCOLNSHIRE AND GOOLE NHS FOUNDATION TRUST,NHS HUMBER AND NORTH YORKSHIRE INTEGRATED CARE BOARD,C_400,Neurology Service,4,1,0,0.25,True
RTT-April-2026,2026-04-01,RJL,NORTHERN LINCOLNSHIRE AND GOOLE NHS FOUNDATION TRUST,NHS HUMBER AND NORTH YORKSHIRE INTEGRATED CARE BOARD,C_150,Neurosurgical Service,1,1,0,1.0,False
RTT-April-2026,2026-04-01,RJL,NORTHERN LINCOLNSHIRE AND GOOLE NHS FOUNDATION TRUST,NHS HUMBER AND NORTH YORKSHIRE INTEGRATED CARE BOARD,C_130,Ophthalmology Service,3085,2302,15,0.7462,False
RTT-April-2026,2026-04-01,RJL,NORTHERN LINCOLNSHIRE AND GOOLE NHS FOUNDATION TRUST,NHS HUMBER AND NORTH YORKSHIRE INTEGRATED CARE BOARD,C_140,Oral Surgery Service,968,635,39,0.656,True
RTT-April-2026,2026-04-01,RJL,NORTHERN LINCOLNSHIRE AND GOOLE NHS FOUNDATION TRUST,NHS HUMBER AND NORTH YORKSHIRE INTEGRATED CARE BOARD,X02,Other - Medical Services,4176,2365,95,0.5663,True
RTT-April-2026,2026-04-01,RJL,NORTHERN LINCOLNSHIRE AND GOOLE NHS FOUNDATION TRUST,NHS HUMBER AND NORTH YORKSHIRE INTEGRATED CARE BOARD,X06,Other - Other Services,341,132,21,0.3871,True
RTT-April-2026,2026-04-01,RJL,NORTHERN LINCOLNSHIRE AND GOOLE NHS FOUNDATION TRUST,NHS HUMBER AND NORTH YORKSHIRE INTEGRATED CARE BOARD,X04,Other - Paediatric Services,700,342,3,0.4886,True
RTT-April-2026,2026-04-01,RJL,NORTHERN LINCOLNSHIRE AND GOOLE NHS FOUNDATION TRUST,NHS HUMBER AND NORTH YORKSHIRE INTEGRATED CARE BOARD,X05,Other - Surgical Services,609,533,1,0.8752,False
RTT-April-2026,2026-04-01,RJL,NORTHERN LINCOLNSHIRE AND GOOLE NHS FOUNDATION TRUST,NHS HUMBER AND NORTH YORKSHIRE INTEGRATED CARE BOARD,C_160,Plastic Surgery Service,1,1,0,1.0,False
RTT-April-2026,2026-04-01,RJL,NORTHERN LINCOLNSHIRE AND GOOLE NHS FOUNDATION TRUST,NHS HUMBER AND NORTH YORKSHIRE INTEGRATED CARE BOARD,C_340,Respiratory Medicine Service,1326,900,40,0.6787,True
RTT-April-2026,2026-04-01,RJL,NORTHERN LINCOLNSHIRE AND GOOLE NHS FOUNDATION TRUST,NHS HUMBER AND NORTH YORKSHIRE INTEGRATED CARE BOARD,C_410,Rheumatology Service,994,505,0,0.508,True
RTT-April-2026,2026-04-01,RJL,NORTHERN LINCOLNSHIRE AND GOOLE NHS FOUNDATION TRUST,NHS HUMBER AND NORTH YORKSHIRE INTEGRATED CARE BOARD,C_110,Trauma and Orthopaedic Service,2614,1555,41,0.5949,True
RTT-April-2026,2026-04-01,RJL,NORTHERN LINCOLNSHIRE AND GOOLE NHS FOUNDATION TRUST,NHS HUMBER AND NORTH YORKSHIRE INTEGRATED CARE BOARD,C_101,Urology Service,3318,2340,5,0.7052,False
RTT-April-2026,2026-04-01,RTF,NORTHUMBRIA HEALTHCARE NHS FOUNDATION TRUST,NHS NORTH EAST AND NORTH CUMBRIA INTEGRATED CARE BOARD,C_320,Cardiology Service,1690,1646,0,0.974,False
RTT-April-2026,2026-04-01,RTF,NORTHUMBRIA HEALTHCARE NHS FOUNDATION TRUST,NHS NORTH EAST AND NORTH CUMBRIA INTEGRATED CARE BOARD,C_430,Elderly Medicine Service,669,665,0,0.994,False
RTT-April-2026,2026-04-01,RTF,NORTHUMBRIA HEALTHCARE NHS FOUNDATION TRUST,NHS NORTH EAST AND NORTH CUMBRIA INTEGRATED CARE BOARD,C_301,Gastroenterology Service,1479,1445,0,0.977,False
RTT-April-2026,2026-04-01,RTF,NORTHUMBRIA HEALTHCARE NHS FOUNDATION TRUST,NHS NORTH EAST AND NORTH CUMBRIA INTEGRATED CARE BOARD,C_300,General Internal Medicine Service,1393,1389,0,0.9971,False
RTT-April-2026,2026-04-01,RTF,NORTHUMBRIA HEALTHCARE NHS FOUNDATION TRUST,NHS NORTH EAST AND NORTH CUMBRIA INTEGRATED CARE BOARD,C_100,General Surgery Service,6347,5857,0,0.9228,False
RTT-April-2026,2026-04-01,RTF,NORTHUMBRIA HEALTHCARE NHS FOUNDATION TRUST,NHS NORTH EAST AND NORTH CUMBRIA INTEGRATED CARE BOARD,C_502,Gynaecology Service,3930,2941,0,0.7483,False
RTT-April-2026,2026-04-01,RTF,NORTHUMBRIA HEALTHCARE NHS FOUNDATION TRUST,NHS NORTH EAST AND NORTH CUMBRIA INTEGRATED CARE BOARD,C_400,Neurology Service,2,2,0,1.0,False
RTT-April-2026,2026-04-01,RTF,NORTHUMBRIA HEALTHCARE NHS FOUNDATION TRUST,NHS NORTH EAST AND NORTH CUMBRIA INTEGRATED CARE BOARD,C_140,Oral Surgery Service,1666,890,0,0.5342,True
RTT-April-2026,2026-04-01,RTF,NORTHUMBRIA HEALTHCARE NHS FOUNDATION TRUST,NHS NORTH EAST AND NORTH CUMBRIA INTEGRATED CARE BOARD,X03,Other - Mental Health Services,248,239,0,0.9637,False
RTT-April-2026,2026-04-01,RTF,NORTHUMBRIA HEALTHCARE NHS FOUNDATION TRUST,NHS NORTH EAST AND NORTH CUMBRIA INTEGRATED CARE BOARD,X06,Other - Other Services,323,320,0,0.9907,False
RTT-April-2026,2026-04-01,RTF,NORTHUMBRIA HEALTHCARE NHS FOUNDATION TRUST,NHS NORTH EAST AND NORTH CUMBRIA INTEGRATED CARE BOARD,X04,Other - Paediatric Services,1282,1200,0,0.936,False
RTT-April-2026,2026-04-01,RTF,NORTHUMBRIA HEALTHCARE NHS FOUNDATION TRUST,NHS NORTH EAST AND NORTH CUMBRIA INTEGRATED CARE BOARD,C_160,Plastic Surgery Service,2456,1858,0,0.7565,False
RTT-April-2026,2026-04-01,RTF,NORTHUMBRIA HEALTHCARE NHS FOUNDATION TRUST,NHS NORTH EAST AND NORTH CUMBRIA INTEGRATED CARE BOARD,C_340,Respiratory Medicine Service,2493,2389,0,0.9583,False
RTT-April-2026,2026-04-01,RTF,NORTHUMBRIA HEALTHCARE NHS FOUNDATION TRUST,NHS NORTH EAST AND NORTH CUMBRIA INTEGRATED CARE BOARD,C_410,Rheumatology Service,1032,828,0,0.8023,False
RTT-April-2026,2026-04-01,RTF,NORTHUMBRIA HEALTHCARE NHS FOUNDATION TRUST,NHS NORTH EAST AND NORTH CUMBRIA INTEGRATED CARE BOARD,C_110,Trauma and Orthopaedic Service,9613,6428,0,0.6687,True
RTT-April-2026,2026-04-01,RTF,NORTHUMBRIA HEALTHCARE NHS FOUNDATION TRUST,NHS NORTH EAST AND NORTH CUMBRIA INTEGRATED CARE BOARD,C_101,Urology Service,2783,2582,0,0.9278,False
RTT-April-2026,2026-04-01,DFQ,NORWICH & NORFOLK SURGICAL LTD (N2S),NHS NORFOLK AND SUFFOLK INTEGRATED CARE BOARD,C_100,General Surgery Service,311,227,0,0.7299,False
RTT-April-2026,2026-04-01,DFQ,NORWICH & NORFOLK SURGICAL LTD (N2S),NHS NORFOLK AND SUFFOLK INTEGRATED CARE BOARD,C_130,Ophthalmology Service,375,370,0,0.9867,False
RTT-April-2026,2026-04-01,DFQ,NORWICH & NORFOLK SURGICAL LTD (N2S),NHS NORFOLK AND SUFFOLK INTEGRATED CARE BOARD,C_160,Plastic Surgery Service,4,1,0,0.25,True
RTT-April-2026,2026-04-01,DFQ,NORWICH & NORFOLK SURGICAL LTD (N2S),NHS NORFOLK AND SUFFOLK INTEGRATED CARE BOARD,C_110,Trauma and Orthopaedic Service,435,313,0,0.7195,False
RTT-April-2026,2026-04-01,RX1,NOTTINGHAM UNIVERSITY HOSPITALS NHS TRUST,NHS NOTTINGHAM AND NOTTINGHAMSHIRE INTEGRATED CARE BOARD,C_320,Cardiology Service,1508,1220,3,0.809,False
RTT-April-2026,2026-04-01,RX1,NOTTINGHAM UNIVERSITY HOSPITALS NHS TRUST,NHS NOTTINGHAM AND NOTTINGHAMSHIRE INTEGRATED CARE BOARD,C_170,Cardiothoracic Surgery Service,266,229,2,0.8609,False
RTT-April-2026,2026-04-01,RX1,NOTTINGHAM UNIVERSITY HOSPITALS NHS TRUST,NHS NOTTINGHAM AND NOTTINGHAMSHIRE INTEGRATED CARE BOARD,C_330,Dermatology Service,8016,4545,164,0.567,True
RTT-April-2026,2026-04-01,RX1,NOTTINGHAM UNIVERSITY HOSPITALS NHS TRUST,NHS NOTTINGHAM AND NOTTINGHAMSHIRE INTEGRATED CARE BOARD,C_120,Ear Nose and Throat Service,7460,4309,192,0.5776,True
RTT-April-2026,2026-04-01,RX1,NOTTINGHAM UNIVERSITY HOSPITALS NHS TRUST,NHS NOTTINGHAM AND NOTTINGHAMSHIRE INTEGRATED CARE BOARD,C_430,Elderly Medicine Service,1314,593,132,0.4513,True
RTT-April-2026,2026-04-01,RX1,NOTTINGHAM UNIVERSITY HOSPITALS NHS TRUST,NHS NOTTINGHAM AND NOTTINGHAMSHIRE INTEGRATED CARE BOARD,C_301,Gastroenterology Service,8331,5647,58,0.6778,True
RTT-April-2026,2026-04-01,RX1,NOTTINGHAM UNIVERSITY HOSPITALS NHS TRUST,NHS NOTTINGHAM AND NOTTINGHAMSHIRE INTEGRATED CARE BOARD,C_300,General Internal Medicine Service,2,0,1,0.0,True
RTT-April-2026,2026-04-01,RX1,NOTTINGHAM UNIVERSITY HOSPITALS NHS TRUST,NHS NOTTINGHAM AND NOTTINGHAMSHIRE INTEGRATED CARE BOARD,C_100,General Surgery Service,992,589,22,0.5938,True
RTT-April-2026,2026-04-01,RX1,NOTTINGHAM UNIVERSITY HOSPITALS NHS TRUST,NHS NOTTINGHAM AND NOTTINGHAMSHIRE INTEGRATED CARE BOARD,C_502,Gynaecology Service,8486,4422,506,0.5211,True
RTT-April-2026,2026-04-01,RX1,NOTTINGHAM UNIVERSITY HOSPITALS NHS TRUST,NHS NOTTINGHAM AND NOTTINGHAMSHIRE INTEGRATED CARE BOARD,C_400,Neurology Service,1831,1464,0,0.7996,False
RTT-April-2026,2026-04-01,RX1,NOTTINGHAM UNIVERSITY HOSPITALS NHS TRUST,NHS NOTTINGHAM AND NOTTINGHAMSHIRE INTEGRATED CARE BOARD,C_150,Neurosurgical Service,1002,755,2,0.7535,False
RTT-April-2026,2026-04-01,RX1,NOTTINGHAM UNIVERSITY HOSPITALS NHS TRUST,NHS NOTTINGHAM AND NOTTINGHAMSHIRE INTEGRATED CARE BOARD,C_130,Ophthalmology Service,6614,4334,94,0.6553,True
RTT-April-2026,2026-04-01,RX1,NOTTINGHAM UNIVERSITY HOSPITALS NHS TRUST,NHS NOTTINGHAM AND NOTTINGHAMSHIRE INTEGRATED CARE BOARD,C_140,Oral Surgery Service,2204,993,28,0.4505,True
RTT-April-2026,2026-04-01,RX1,NOTTINGHAM UNIVERSITY HOSPITALS NHS TRUST,NHS NOTTINGHAM AND NOTTINGHAMSHIRE INTEGRATED CARE BOARD,X02,Other - Medical Services,12990,8175,303,0.6293,True
RTT-April-2026,2026-04-01,RX1,NOTTINGHAM UNIVERSITY HOSPITALS NHS TRUST,NHS NOTTINGHAM AND NOTTINGHAMSHIRE INTEGRATED CARE BOARD,X06,Other - Other Services,988,884,3,0.8947,False
RTT-April-2026,2026-04-01,RX1,NOTTINGHAM UNIVERSITY HOSPITALS NHS TRUST,NHS NOTTINGHAM AND NOTTINGHAMSHIRE INTEGRATED CARE BOARD,X04,Other - Paediatric Services,3030,2446,22,0.8073,False
RTT-April-2026,2026-04-01,RX1,NOTTINGHAM UNIVERSITY HOSPITALS NHS TRUST,NHS NOTTINGHAM AND NOTTINGHAMSHIRE INTEGRATED CARE BOARD,X05,Other - Surgical Services,5361,3898,76,0.7271,False
RTT-April-2026,2026-04-01,RX1,NOTTINGHAM UNIVERSITY HOSPITALS NHS TRUST,NHS NOTTINGHAM AND NOTTINGHAMSHIRE INTEGRATED CARE BOARD,C_160,Plastic Surgery Service,964,537,11,0.5571,True
RTT-April-2026,2026-04-01,RX1,NOTTINGHAM UNIVERSITY HOSPITALS NHS TRUST,NHS NOTTINGHAM AND NOTTINGHAMSHIRE INTEGRATED CARE BOARD,C_340,Respiratory Medicine Service,2085,1747,7,0.8379,False
RTT-April-2026,2026-04-01,RX1,NOTTINGHAM UNIVERSITY HOSPITALS NHS TRUST,NHS NOTTINGHAM AND NOTTINGHAMSHIRE INTEGRATED CARE BOARD,C_410,Rheumatology Service,691,600,0,0.8683,False
RTT-April-2026,2026-04-01,RX1,NOTTINGHAM UNIVERSITY HOSPITALS NHS TRUST,NHS NOTTINGHAM AND NOTTINGHAMSHIRE INTEGRATED CARE BOARD,C_110,Trauma and Orthopaedic Service,7829,4112,224,0.5252,True
RTT-April-2026,2026-04-01,RX1,NOTTINGHAM UNIVERSITY HOSPITALS NHS TRUST,NHS NOTTINGHAM AND NOTTINGHAMSHIRE INTEGRATED CARE BOARD,C_101,Urology Service,3202,1984,52,0.6196,True
RTT-April-2026,2026-04-01,NQH,NOVUS HEALTH LTD,NHS WEST YORKSHIRE INTEGRATED CARE BOARD,C_330,Dermatology Service,883,860,0,0.974,False
RTT-April-2026,2026-04-01,G3Q3Z,NUFFIELD HEALTH HIGHGATE HOSPITAL,NHS WEST AND NORTH LONDON INTEGRATED CARE BOARD,C_120,Ear Nose and Throat Service,273,245,0,0.8974,False
RTT-April-2026,2026-04-01,G3Q3Z,NUFFIELD HEALTH HIGHGATE HOSPITAL,NHS WEST AND NORTH LONDON INTEGRATED CARE BOARD,C_301,Gastroenterology Service,41,39,0,0.9512,False
RTT-April-2026,2026-04-01,G3Q3Z,NUFFIELD HEALTH HIGHGATE HOSPITAL,NHS WEST AND NORTH LONDON INTEGRATED CARE BOARD,C_300,General Internal Medicine Service,1,1,0,1.0,False
RTT-April-2026,2026-04-01,G3Q3Z,NUFFIELD HEALTH HIGHGATE HOSPITAL,NHS WEST AND NORTH LONDON INTEGRATED CARE BOARD,C_100,General Surgery Service,125,114,0,0.912,False
RTT-April-2026,2026-04-01,G3Q3Z,NUFFIELD HEALTH HIGHGATE HOSPITAL,NHS WEST AND NORTH LONDON INTEGRATED CARE BOARD,X05,Other - Surgical Services,138,125,3,0.9058,False
RTT-April-2026,2026-04-01,G3Q3Z,NUFFIELD HEALTH HIGHGATE HOSPITAL,NHS WEST AND NORTH LONDON INTEGRATED CARE BOARD,C_160,Plastic Surgery Service,1,0,1,0.0,True
RTT-April-2026,2026-04-01,G3Q3Z,NUFFIELD HEALTH HIGHGATE HOSPITAL,NHS WEST AND NORTH LONDON INTEGRATED CARE BOARD,C_110,Trauma and Orthopaedic Service,419,361,2,0.8616,False
RTT-April-2026,2026-04-01,R0F4N,NUFFIELD HEALTH PARKSIDE HOSPITAL,NHS SOUTH WEST LONDON INTEGRATED CARE BOARD,C_120,Ear Nose and Throat Service,83,67,1,0.8072,False
RTT-April-2026,2026-04-01,R0F4N,NUFFIELD HEALTH PARKSIDE HOSPITAL,NHS SOUTH WEST LONDON INTEGRATED CARE BOARD,C_100,General Surgery Service,24,23,0,0.9583,False
RTT-April-2026,2026-04-01,R0F4N,NUFFIELD HEALTH PARKSIDE HOSPITAL,NHS SOUTH WEST LONDON INTEGRATED CARE BOARD,X02,Other - Medical Services,5,4,0,0.8,False
RTT-April-2026,2026-04-01,R0F4N,NUFFIELD HEALTH PARKSIDE HOSPITAL,NHS SOUTH WEST LONDON INTEGRATED CARE BOARD,X06,Other - Other Services,1,0,1,0.0,True
RTT-April-2026,2026-04-01,R0F4N,NUFFIELD HEALTH PARKSIDE HOSPITAL,NHS SOUTH WEST LONDON INTEGRATED CARE BOARD,X05,Other - Surgical Services,4,0,2,0.0,True
RTT-April-2026,2026-04-01,R0F4N,NUFFIELD HEALTH PARKSIDE HOSPITAL,NHS SOUTH WEST LONDON INTEGRATED CARE BOARD,C_160,Plastic Surgery Service,76,43,14,0.5658,True
RTT-April-2026,2026-04-01,R0F4N,NUFFIELD HEALTH PARKSIDE HOSPITAL,NHS SOUTH WEST LONDON INTEGRATED CARE BOARD,C_110,Trauma and Orthopaedic Service,379,326,5,0.8602,False
RTT-April-2026,2026-04-01,R0F4N,NUFFIELD HEALTH PARKSIDE HOSPITAL,NHS SOUTH WEST LONDON INTEGRATED CARE BOARD,C_101,Urology Service,249,109,70,0.4378,True
RTT-April-2026,2026-04-01,H4I8B,NUFFIELD HEALTH THE HOLLY HOSPITAL,NHS ESSEX INTEGRATED CARE BOARD,C_320,Cardiology Service,65,65,0,1.0,False
RTT-April-2026,2026-04-01,H4I8B,NUFFIELD HEALTH THE HOLLY HOSPITAL,NHS ESSEX INTEGRATED CARE BOARD,C_330,Dermatology Service,1,0,0,0.0,True
RTT-April-2026,2026-04-01,H4I8B,NUFFIELD HEALTH THE HOLLY HOSPITAL,NHS ESSEX INTEGRATED CARE BOARD,C_120,Ear Nose and Throat Service,512,495,1,0.9668,False
RTT-April-2026,2026-04-01,H4I8B,NUFFIELD HEALTH THE HOLLY HOSPITAL,NHS ESSEX INTEGRATED CARE BOARD,C_100,General Surgery Service,435,297,2,0.6828,True
RTT-April-2026,2026-04-01,H4I8B,NUFFIELD HEALTH THE HOLLY HOSPITAL,NHS ESSEX INTEGRATED CARE BOARD,C_502,Gynaecology Service,225,172,0,0.7644,False
RTT-April-2026,2026-04-01,H4I8B,NUFFIELD HEALTH THE HOLLY HOSPITAL,NHS ESSEX INTEGRATED CARE BOARD,C_130,Ophthalmology Service,186,148,0,0.7957,False
RTT-April-2026,2026-04-01,H4I8B,NUFFIELD HEALTH THE HOLLY HOSPITAL,NHS ESSEX INTEGRATED CARE BOARD,X02,Other - Medical Services,3,2,0,0.6667,True
RTT-April-2026,2026-04-01,H4I8B,NUFFIELD HEALTH THE HOLLY HOSPITAL,NHS ESSEX INTEGRATED CARE BOARD,X06,Other - Other Services,17,11,0,0.6471,True
RTT-April-2026,2026-04-01,H4I8B,NUFFIELD HEALTH THE HOLLY HOSPITAL,NHS ESSEX INTEGRATED CARE BOARD,X05,Other - Surgical Services,256,243,1,0.9492,False
RTT-April-2026,2026-04-01,H4I8B,NUFFIELD HEALTH THE HOLLY HOSPITAL,NHS ESSEX INTEGRATED CARE BOARD,C_410,Rheumatology Service,104,71,0,0.6827,True
RTT-April-2026,2026-04-01,H4I8B,NUFFIELD HEALTH THE HOLLY HOSPITAL,NHS ESSEX INTEGRATED CARE BOARD,C_110,Trauma and Orthopaedic Service,2433,1810,20,0.7439,False
RTT-April-2026,2026-04-01,NT202,"NUFFIELD HEALTH, BOURNEMOUTH HOSPITAL",NHS DORSET INTEGRATED CARE BOARD,C_100,General Surgery Service,43,38,0,0.8837,False
RTT-April-2026,2026-04-01,NT202,"NUFFIELD HEALTH, BOURNEMOUTH HOSPITAL",NHS DORSET INTEGRATED CARE BOARD,C_110,Trauma and Orthopaedic Service,411,258,0,0.6277,True
RTT-April-2026,2026-04-01,NT202,"NUFFIELD HEALTH, BOURNEMOUTH HOSPITAL",NHS DORSET INTEGRATED CARE BOARD,C_101,Urology Service,33,24,0,0.7273,False
RTT-April-2026,2026-04-01,NT204,"NUFFIELD HEALTH, BRENTWOOD HOSPITAL",NHS ESSEX INTEGRATED CARE BOARD,C_120,Ear Nose and Throat Service,331,137,105,0.4139,True
RTT-April-2026,2026-04-01,NT204,"NUFFIELD HEALTH, BRENTWOOD HOSPITAL",NHS ESSEX INTEGRATED CARE BOARD,C_100,General Surgery Service,145,78,19,0.5379,True
RTT-April-2026,2026-04-01,NT204,"NUFFIELD HEALTH, BRENTWOOD HOSPITAL",NHS ESSEX INTEGRATED CARE BOARD,C_502,Gynaecology Service,805,409,88,0.5081,True
RTT-April-2026,2026-04-01,NT204,"NUFFIELD HEALTH, BRENTWOOD HOSPITAL",NHS ESSEX INTEGRATED CARE BOARD,C_150,Neurosurgical Service,149,79,0,0.5302,True
RTT-April-2026,2026-04-01,NT204,"NUFFIELD HEALTH, BRENTWOOD HOSPITAL",NHS ESSEX INTEGRATED CARE BOARD,X06,Other - Other Services,34,13,0,0.3824,True
RTT-April-2026,2026-04-01,NT204,"NUFFIELD HEALTH, BRENTWOOD HOSPITAL",NHS ESSEX INTEGRATED CARE BOARD,C_110,Trauma and Orthopaedic Service,613,367,37,0.5987,True
RTT-April-2026,2026-04-01,NT204,"NUFFIELD HEALTH, BRENTWOOD HOSPITAL",NHS ESSEX INTEGRATED CARE BOARD,C_101,Urology Service,159,94,0,0.5912,True
RTT-April-2026,2026-04-01,NT205,"NUFFIELD HEALTH, BRIGHTON HOSPITAL",NHS SURREY AND SUSSEX INTEGRATED CARE BOARD,C_100,General Surgery Service,77,65,0,0.8442,False
RTT-April-2026,2026-04-01,NT205,"NUFFIELD HEALTH, BRIGHTON HOSPITAL",NHS SURREY AND SUSSEX INTEGRATED CARE BOARD,C_160,Plastic Surgery Service,203,48,34,0.2365,True
RTT-April-2026,2026-04-01,NT205,"NUFFIELD HEALTH, BRIGHTON HOSPITAL",NHS SURREY AND SUSSEX INTEGRATED CARE BOARD,C_110,Trauma and Orthopaedic Service,274,205,0,0.7482,False
RTT-April-2026,2026-04-01,NT205,"NUFFIELD HEALTH, BRIGHTON HOSPITAL",NHS SURREY AND SUSSEX INTEGRATED CARE BOARD,C_101,Urology Service,256,94,61,0.3672,True
RTT-April-2026,2026-04-01,NT206,"NUFFIELD HEALTH, BRISTOL HOSPITAL (CHESTERFIELD)","NHS BRISTOL, NORTH SOMERSET AND SOUTH GLOUCESTERSHIRE INTEGRATED CARE BOARD",C_301,Gastroenterology Service,1,1,0,1.0,False
RTT-April-2026,2026-04-01,NT206,"NUFFIELD HEALTH, BRISTOL HOSPITAL (CHESTERFIELD)","NHS BRISTOL, NORTH SOMERSET AND SOUTH GLOUCESTERSHIRE INTEGRATED CARE BOARD",C_100,General Surgery Service,29,16,0,0.5517,True
RTT-April-2026,2026-04-01,NT206,"NUFFIELD HEALTH, BRISTOL HOSPITAL (CHESTERFIELD)","NHS BRISTOL, NORTH SOMERSET AND SOUTH GLOUCESTERSHIRE INTEGRATED CARE BOARD",X02,Other - Medical Services,10,10,0,1.0,False
RTT-April-2026,2026-04-01,NT206,"NUFFIELD HEALTH, BRISTOL HOSPITAL (CHESTERFIELD)","NHS BRISTOL, NORTH SOMERSET AND SOUTH GLOUCESTERSHIRE INTEGRATED CARE BOARD",X06,Other - Other Services,144,73,1,0.5069,True
RTT-April-2026,2026-04-01,NT206,"NUFFIELD HEALTH, BRISTOL HOSPITAL (CHESTERFIELD)","NHS BRISTOL, NORTH SOMERSET AND SOUTH GLOUCESTERSHIRE INTEGRATED CARE BOARD",C_110,Trauma and Orthopaedic Service,499,285,0,0.5711,True
RTT-April-2026,2026-04-01,NT209,"NUFFIELD HEALTH, CAMBRIDGE HOSPITAL",NHS CENTRAL EAST INTEGRATED CARE BOARD,C_301,Gastroenterology Service,1,0,0,0.0,True
RTT-April-2026,2026-04-01,NT209,"NUFFIELD HEALTH, CAMBRIDGE HOSPITAL",NHS CENTRAL EAST INTEGRATED CARE BOARD,C_150,Neurosurgical Service,26,14,0,0.5385,True
RTT-April-2026,2026-04-01,NT209,"NUFFIELD HEALTH, CAMBRIDGE HOSPITAL",NHS CENTRAL EAST INTEGRATED CARE BOARD,C_110,Trauma and Orthopaedic Service,165,83,1,0.503,True
RTT-April-2026,2026-04-01,NT211,"NUFFIELD HEALTH, CHELTENHAM HOSPITAL",NHS GLOUCESTERSHIRE INTEGRATED CARE BOARD,X02,Other - Medical Services,1,0,0,0.0,True
RTT-April-2026,2026-04-01,NT211,"NUFFIELD HEALTH, CHELTENHAM HOSPITAL",NHS GLOUCESTERSHIRE INTEGRATED CARE BOARD,X06,Other - Other Services,1,1,0,1.0,False
RTT-April-2026,2026-04-01,NT211,"NUFFIELD HEALTH, CHELTENHAM HOSPITAL",NHS GLOUCESTERSHIRE INTEGRATED CARE BOARD,C_110,Trauma and Orthopaedic Service,45,17,5,0.3778,True
RTT-April-2026,2026-04-01,NT212,"NUFFIELD HEALTH, CHICHESTER HOSPITAL",NHS SURREY AND SUSSEX INTEGRATED CARE BOARD,C_100,General Surgery Service,18,15,0,0.8333,False
RTT-April-2026,2026-04-01,NT212,"NUFFIELD HEALTH, CHICHESTER HOSPITAL",NHS SURREY AND SUSSEX INTEGRATED CARE BOARD,C_502,Gynaecology Service,7,7,0,1.0,False
RTT-April-2026,2026-04-01,NT212,"NUFFIELD HEALTH, CHICHESTER HOSPITAL",NHS SURREY AND SUSSEX INTEGRATED CARE BOARD,X02,Other - Medical Services,60,59,0,0.9833,False
RTT-April-2026,2026-04-01,NT212,"NUFFIELD HEALTH, CHICHESTER HOSPITAL",NHS SURREY AND SUSSEX INTEGRATED CARE BOARD,C_110,Trauma and Orthopaedic Service,351,248,2,0.7066,False
RTT-April-2026,2026-04-01,NT213,"NUFFIELD HEALTH, DERBY HOSPITAL",NHS DERBY AND DERBYSHIRE INTEGRATED CARE BOARD,C_100,General Surgery Service,66,47,0,0.7121,False
RTT-April-2026,2026-04-01,NT213,"NUFFIELD HEALTH, DERBY HOSPITAL",NHS DERBY AND DERBYSHIRE INTEGRATED CARE BOARD,X02,Other - Medical Services,13,5,0,0.3846,True
RTT-April-2026,2026-04-01,NT213,"NUFFIELD HEALTH, DERBY HOSPITAL",NHS DERBY AND DERBYSHIRE INTEGRATED CARE BOARD,C_110,Trauma and Orthopaedic Service,1114,623,16,0.5592,True
RTT-April-2026,2026-04-01,NT215,"NUFFIELD HEALTH, EXETER HOSPITAL",NHS DEVON INTEGRATED CARE BOARD,C_320,Cardiology Service,27,1,20,0.037,True
RTT-April-2026,2026-04-01,NT215,"NUFFIELD HEALTH, EXETER HOSPITAL",NHS DEVON INTEGRATED CARE BOARD,C_100,General Surgery Service,148,71,1,0.4797,True
RTT-April-2026,2026-04-01,NT215,"NUFFIELD HEALTH, EXETER HOSPITAL",NHS DEVON INTEGRATED CARE BOARD,X06,Other - Other Services,3,2,0,0.6667,True
RTT-April-2026,2026-04-01,NT215,"NUFFIELD HEALTH, EXETER HOSPITAL",NHS DEVON INTEGRATED CARE BOARD,C_110,Trauma and Orthopaedic Service,203,113,9,0.5567,True
RTT-April-2026,2026-04-01,NT216,"NUFFIELD HEALTH, GUILDFORD HOSPITAL",NHS SURREY AND SUSSEX INTEGRATED CARE BOARD,C_100,General Surgery Service,9,3,0,0.3333,True
RTT-April-2026,2026-04-01,NT216,"NUFFIELD HEALTH, GUILDFORD HOSPITAL",NHS SURREY AND SUSSEX INTEGRATED CARE BOARD,C_502,Gynaecology Service,23,6,0,0.2609,True
RTT-April-2026,2026-04-01,NT216,"NUFFIELD HEALTH, GUILDFORD HOSPITAL",NHS SURREY AND SUSSEX INTEGRATED CARE BOARD,X02,Other - Medical Services,1,0,0,0.0,True
RTT-April-2026,2026-04-01,NT216,"NUFFIELD HEALTH, GUILDFORD HOSPITAL",NHS SURREY AND SUSSEX INTEGRATED CARE BOARD,C_110,Trauma and Orthopaedic Service,34,25,1,0.7353,False
RTT-April-2026,2026-04-01,NT216,"NUFFIELD HEALTH, GUILDFORD HOSPITAL",NHS SURREY AND SUSSEX INTEGRATED CARE BOARD,C_101,Urology Service,5,4,0,0.8,False
RTT-April-2026,2026-04-01,NT218,"NUFFIELD HEALTH, HAYWARDS HEATH HOSPITAL",NHS SURREY AND SUSSEX INTEGRATED CARE BOARD,C_100,General Surgery Service,70,50,1,0.7143,False
RTT-April-2026,2026-04-01,NT218,"NUFFIELD HEALTH, HAYWARDS HEATH HOSPITAL",NHS SURREY AND SUSSEX INTEGRATED CARE BOARD,C_130,Ophthalmology Service,21,14,0,0.6667,True
RTT-April-2026,2026-04-01,NT218,"NUFFIELD HEALTH, HAYWARDS HEATH HOSPITAL",NHS SURREY AND SUSSEX INTEGRATED CARE BOARD,C_110,Trauma and Orthopaedic Service,353,187,10,0.5297,True
RTT-April-2026,2026-04-01,NT219,"NUFFIELD HEALTH, HEREFORD HOSPITAL",NHS HEREFORDSHIRE AND WORCESTERSHIRE INTEGRATED CARE BOARD,C_100,General Surgery Service,91,63,0,0.6923,True
RTT-April-2026,2026-04-01,NT219,"NUFFIELD HEALTH, HEREFORD HOSPITAL",NHS HEREFORDSHIRE AND WORCESTERSHIRE INTEGRATED CARE BOARD,X06,Other - Other Services,6,6,0,1.0,False
RTT-April-2026,2026-04-01,NT219,"NUFFIELD HEALTH, HEREFORD HOSPITAL",NHS HEREFORDSHIRE AND WORCESTERSHIRE INTEGRATED CARE BOARD,C_110,Trauma and Orthopaedic Service,365,256,0,0.7014,False
RTT-April-2026,2026-04-01,NT226,"NUFFIELD HEALTH, LEICESTER HOSPITAL","NHS LEICESTER, LEICESTERSHIRE AND RUTLAND INTEGRATED CARE BOARD",C_100,General Surgery Service,2,2,0,1.0,False
RTT-April-2026,2026-04-01,NT226,"NUFFIELD HEALTH, LEICESTER HOSPITAL","NHS LEICESTER, LEICESTERSHIRE AND RUTLAND INTEGRATED CARE BOARD",C_160,Plastic Surgery Service,15,14,0,0.9333,False
RTT-April-2026,2026-04-01,NT226,"NUFFIELD HEALTH, LEICESTER HOSPITAL","NHS LEICESTER, LEICESTERSHIRE AND RUTLAND INTEGRATED CARE BOARD",C_110,Trauma and Orthopaedic Service,452,363,15,0.8031,False
RTT-April-2026,2026-04-01,NT229,"NUFFIELD HEALTH, NEWCASTLE UPON TYNE HOSPITAL",NHS NORTH EAST AND NORTH CUMBRIA INTEGRATED CARE BOARD,C_100,General Surgery Service,23,14,2,0.6087,True
RTT-April-2026,2026-04-01,NT229,"NUFFIELD HEALTH, NEWCASTLE UPON TYNE HOSPITAL",NHS NORTH EAST AND NORTH CUMBRIA INTEGRATED CARE BOARD,C_160,Plastic Surgery Service,25,15,2,0.6,True
RTT-April-2026,2026-04-01,NT229,"NUFFIELD HEALTH, NEWCASTLE UPON TYNE HOSPITAL",NHS NORTH EAST AND NORTH CUMBRIA INTEGRATED CARE BOARD,C_110,Trauma and Orthopaedic Service,459,209,23,0.4553,True
RTT-April-2026,2026-04-01,NT230,"NUFFIELD HEALTH, NORTH STAFFORDSHIRE HOSPITAL",NHS STAFFORDSHIRE AND STOKE-ON-TRENT INTEGRATED CARE BOARD,C_100,General Surgery Service,42,24,2,0.5714,True
RTT-April-2026,2026-04-01,NT230,"NUFFIELD HEALTH, NORTH STAFFORDSHIRE HOSPITAL",NHS STAFFORDSHIRE AND STOKE-ON-TRENT INTEGRATED CARE BOARD,C_130,Ophthalmology Service,169,89,5,0.5266,True
RTT-April-2026,2026-04-01,NT230,"NUFFIELD HEALTH, NORTH STAFFORDSHIRE HOSPITAL",NHS STAFFORDSHIRE AND STOKE-ON-TRENT INTEGRATED CARE BOARD,C_110,Trauma and Orthopaedic Service,1017,628,6,0.6175,True
RTT-April-2026,2026-04-01,NT233,"NUFFIELD HEALTH, PLYMOUTH HOSPITAL",NHS DEVON INTEGRATED CARE BOARD,C_301,Gastroenterology Service,15,15,0,1.0,False
RTT-April-2026,2026-04-01,NT233,"NUFFIELD HEALTH, PLYMOUTH HOSPITAL",NHS DEVON INTEGRATED CARE BOARD,C_100,General Surgery Service,127,94,0,0.7402,False
RTT-April-2026,2026-04-01,NT233,"NUFFIELD HEALTH, PLYMOUTH HOSPITAL",NHS DEVON INTEGRATED CARE BOARD,C_150,Neurosurgical Service,147,81,1,0.551,True
RTT-April-2026,2026-04-01,NT233,"NUFFIELD HEALTH, PLYMOUTH HOSPITAL",NHS DEVON INTEGRATED CARE BOARD,X06,Other - Other Services,54,38,0,0.7037,False
RTT-April-2026,2026-04-01,NT233,"NUFFIELD HEALTH, PLYMOUTH HOSPITAL",NHS DEVON INTEGRATED CARE BOARD,C_160,Plastic Surgery Service,35,21,0,0.6,True
RTT-April-2026,2026-04-01,NT233,"NUFFIELD HEALTH, PLYMOUTH HOSPITAL",NHS DEVON INTEGRATED CARE BOARD,C_110,Trauma and Orthopaedic Service,560,354,8,0.6321,True
RTT-April-2026,2026-04-01,NT233,"NUFFIELD HEALTH, PLYMOUTH HOSPITAL",NHS DEVON INTEGRATED CARE BOARD,C_101,Urology Service,8,5,0,0.625,True
RTT-April-2026,2026-04-01,NT235,"NUFFIELD HEALTH, SHREWSBURY HOSPITAL","NHS SHROPSHIRE, TELFORD AND WREKIN INTEGRATED CARE BOARD",C_130,Ophthalmology Service,276,238,0,0.8623,False
RTT-April-2026,2026-04-01,NT235,"NUFFIELD HEALTH, SHREWSBURY HOSPITAL","NHS SHROPSHIRE, TELFORD AND WREKIN INTEGRATED CARE BOARD",C_110,Trauma and Orthopaedic Service,254,202,0,0.7953,False
RTT-April-2026,2026-04-01,NT238,"NUFFIELD HEALTH, TAUNTON HOSPITAL",NHS SOMERSET INTEGRATED CARE BOARD,C_110,Trauma and Orthopaedic Service,533,311,3,0.5835,True
RTT-April-2026,2026-04-01,NT237,"NUFFIELD HEALTH, TEES HOSPITAL",NHS NORTH EAST AND NORTH CUMBRIA INTEGRATED CARE BOARD,C_120,Ear Nose and Throat Service,27,27,0,1.0,False
RTT-April-2026,2026-04-01,NT237,"NUFFIELD HEALTH, TEES HOSPITAL",NHS NORTH EAST AND NORTH CUMBRIA INTEGRATED CARE BOARD,C_100,General Surgery Service,156,101,0,0.6474,True
RTT-April-2026,2026-04-01,NT237,"NUFFIELD HEALTH, TEES HOSPITAL",NHS NORTH EAST AND NORTH CUMBRIA INTEGRATED CARE BOARD,C_130,Ophthalmology Service,478,407,0,0.8515,False
RTT-April-2026,2026-04-01,NT237,"NUFFIELD HEALTH, TEES HOSPITAL",NHS NORTH EAST AND NORTH CUMBRIA INTEGRATED CARE BOARD,C_110,Trauma and Orthopaedic Service,990,681,0,0.6879,True
RTT-April-2026,2026-04-01,NT237,"NUFFIELD HEALTH, TEES HOSPITAL",NHS NORTH EAST AND NORTH CUMBRIA INTEGRATED CARE BOARD,C_101,Urology Service,1,0,0,0.0,True
RTT-April-2026,2026-04-01,NT210,"NUFFIELD HEALTH, THE GROSVENOR HOSPITAL, CHESTER",NHS CHESHIRE AND MERSEYSIDE INTEGRATED CARE BOARD,C_100,General Surgery Service,49,25,0,0.5102,True
RTT-April-2026,2026-04-01,NT210,"NUFFIELD HEALTH, THE GROSVENOR HOSPITAL, CHESTER",NHS CHESHIRE AND MERSEYSIDE INTEGRATED CARE BOARD,X06,Other - Other Services,30,1,0,0.0333,True
RTT-April-2026,2026-04-01,NT210,"NUFFIELD HEALTH, THE GROSVENOR HOSPITAL, CHESTER",NHS CHESHIRE AND MERSEYSIDE INTEGRATED CARE BOARD,C_110,Trauma and Orthopaedic Service,365,260,0,0.7123,False
RTT-April-2026,2026-04-01,NT239,"NUFFIELD HEALTH, TUNBRIDGE WELLS HOSPITAL",NHS KENT AND MEDWAY INTEGRATED CARE BOARD,C_120,Ear Nose and Throat Service,1,0,0,0.0,True
RTT-April-2026,2026-04-01,NT239,"NUFFIELD HEALTH, TUNBRIDGE WELLS HOSPITAL",NHS KENT AND MEDWAY INTEGRATED CARE BOARD,C_100,General Surgery Service,11,9,1,0.8182,False
RTT-April-2026,2026-04-01,NT239,"NUFFIELD HEALTH, TUNBRIDGE WELLS HOSPITAL",NHS KENT AND MEDWAY INTEGRATED CARE BOARD,C_502,Gynaecology Service,9,9,0,1.0,False
RTT-April-2026,2026-04-01,NT239,"NUFFIELD HEALTH, TUNBRIDGE WELLS HOSPITAL",NHS KENT AND MEDWAY INTEGRATED CARE BOARD,C_150,Neurosurgical Service,1,0,0,0.0,True
RTT-April-2026,2026-04-01,NT239,"NUFFIELD HEALTH, TUNBRIDGE WELLS HOSPITAL",NHS KENT AND MEDWAY INTEGRATED CARE BOARD,C_110,Trauma and Orthopaedic Service,51,37,0,0.7255,False
RTT-April-2026,2026-04-01,NT239,"NUFFIELD HEALTH, TUNBRIDGE WELLS HOSPITAL",NHS KENT AND MEDWAY INTEGRATED CARE BOARD,C_101,Urology Service,6,6,0,1.0,False
RTT-April-2026,2026-04-01,NT224,"NUFFIELD HEALTH, WARWICKSHIRE HOSPITAL",NHS COVENTRY AND WARWICKSHIRE INTEGRATED CARE BOARD,C_100,General Surgery Service,198,152,4,0.7677,False
RTT-April-2026,2026-04-01,NT224,"NUFFIELD HEALTH, WARWICKSHIRE HOSPITAL",NHS COVENTRY AND WARWICKSHIRE INTEGRATED CARE BOARD,X06,Other - Other Services,1,1,0,1.0,False
RTT-April-2026,2026-04-01,NT224,"NUFFIELD HEALTH, WARWICKSHIRE HOSPITAL",NHS COVENTRY AND WARWICKSHIRE INTEGRATED CARE BOARD,C_110,Trauma and Orthopaedic Service,169,131,3,0.7751,False
RTT-April-2026,2026-04-01,NT224,"NUFFIELD HEALTH, WARWICKSHIRE HOSPITAL",NHS COVENTRY AND WARWICKSHIRE INTEGRATED CARE BOARD,C_101,Urology Service,35,27,0,0.7714,False
RTT-April-2026,2026-04-01,NT214,"NUFFIELD HEALTH, WESSEX HOSPITAL",NHS HAMPSHIRE AND ISLE OF WIGHT INTEGRATED CARE BOARD,X05,Other - Surgical Services,1,1,0,1.0,False
RTT-April-2026,2026-04-01,NT214,"NUFFIELD HEALTH, WESSEX HOSPITAL",NHS HAMPSHIRE AND ISLE OF WIGHT INTEGRATED CARE BOARD,C_110,Trauma and Orthopaedic Service,582,172,2,0.2955,True
RTT-April-2026,2026-04-01,NT241,"NUFFIELD HEALTH, WOKING HOSPITAL",NHS SURREY AND SUSSEX INTEGRATED CARE BOARD,C_100,General Surgery Service,19,5,6,0.2632,True
RTT-April-2026,2026-04-01,NT241,"NUFFIELD HEALTH, WOKING HOSPITAL",NHS SURREY AND SUSSEX INTEGRATED CARE BOARD,C_502,Gynaecology Service,94,90,0,0.9574,False
RTT-April-2026,2026-04-01,NT241,"NUFFIELD HEALTH, WOKING HOSPITAL",NHS SURREY AND SUSSEX INTEGRATED CARE BOARD,C_110,Trauma and Orthopaedic Service,118,101,4,0.8559,False
RTT-April-2026,2026-04-01,NT241,"NUFFIELD HEALTH, WOKING HOSPITAL",NHS SURREY AND SUSSEX INTEGRATED CARE BOARD,C_101,Urology Service,30,25,0,0.8333,False
RTT-April-2026,2026-04-01,NT242,"NUFFIELD HEALTH, WOLVERHAMPTON HOSPITAL",NHS BLACK COUNTRY INTEGRATED CARE BOARD,C_100,General Surgery Service,45,34,0,0.7556,False
RTT-April-2026,2026-04-01,NT242,"NUFFIELD HEALTH, WOLVERHAMPTON HOSPITAL",NHS BLACK COUNTRY INTEGRATED CARE BOARD,C_130,Ophthalmology Service,282,228,0,0.8085,False
RTT-April-2026,2026-04-01,NT242,"NUFFIELD HEALTH, WOLVERHAMPTON HOSPITAL",NHS BLACK COUNTRY INTEGRATED CARE BOARD,C_110,Trauma and Orthopaedic Service,206,158,0,0.767,False
RTT-April-2026,2026-04-01,NT245,"NUFFIELD HEALTH, YORK HOSPITAL",NHS HUMBER AND NORTH YORKSHIRE INTEGRATED CARE BOARD,C_110,Trauma and Orthopaedic Service,1151,843,1,0.7324,False
RTT-April-2026,2026-04-01,NT245,"NUFFIELD HEALTH, YORK HOSPITAL",NHS HUMBER AND NORTH YORKSHIRE INTEGRATED CARE BOARD,C_101,Urology Service,42,34,0,0.8095,False
RTT-April-2026,2026-04-01,NT244,NUFFIELD HOSPITAL OXFORD (THE MANOR),NHS THAMES VALLEY INTEGRATED CARE BOARD,C_110,Trauma and Orthopaedic Service,82,71,0,0.8659,False
RTT-April-2026,2026-04-01,NVC12,OAKLANDS HOSPITAL,NHS GREATER MANCHESTER INTEGRATED CARE BOARD,C_320,Cardiology Service,3,3,0,1.0,False
RTT-April-2026,2026-04-01,NVC12,OAKLANDS HOSPITAL,NHS GREATER MANCHESTER INTEGRATED CARE BOARD,C_301,Gastroenterology Service,35,29,0,0.8286,False
RTT-April-2026,2026-04-01,NVC12,OAKLANDS HOSPITAL,NHS GREATER MANCHESTER INTEGRATED CARE BOARD,C_100,General Surgery Service,803,555,0,0.6912,True
RTT-April-2026,2026-04-01,NVC12,OAKLANDS HOSPITAL,NHS GREATER MANCHESTER INTEGRATED CARE BOARD,C_110,Trauma and Orthopaedic Service,2710,1703,0,0.6284,True
RTT-April-2026,2026-04-01,NVC12,OAKLANDS HOSPITAL,NHS GREATER MANCHESTER INTEGRATED CARE BOARD,C_101,Urology Service,102,67,0,0.6569,True
RTT-April-2026,2026-04-01,NVC13,OAKS HOSPITAL,NHS ESSEX INTEGRATED CARE BOARD,C_120,Ear Nose and Throat Service,102,57,0,0.5588,True
RTT-April-2026,2026-04-01,NVC13,OAKS HOSPITAL,NHS ESSEX INTEGRATED CARE BOARD,C_301,Gastroenterology Service,12,11,0,0.9167,False
RTT-April-2026,2026-04-01,NVC13,OAKS HOSPITAL,NHS ESSEX INTEGRATED CARE BOARD,C_100,General Surgery Service,291,165,0,0.567,True
RTT-April-2026,2026-04-01,NVC13,OAKS HOSPITAL,NHS ESSEX INTEGRATED CARE BOARD,C_502,Gynaecology Service,177,105,0,0.5932,True
RTT-April-2026,2026-04-01,NVC13,OAKS HOSPITAL,NHS ESSEX INTEGRATED CARE BOARD,C_130,Ophthalmology Service,24,17,0,0.7083,False
RTT-April-2026,2026-04-01,NVC13,OAKS HOSPITAL,NHS ESSEX INTEGRATED CARE BOARD,X02,Other - Medical Services,101,47,2,0.4653,True
RTT-April-2026,2026-04-01,NVC13,OAKS HOSPITAL,NHS ESSEX INTEGRATED CARE BOARD,X06,Other - Other Services,1,0,0,0.0,True
RTT-April-2026,2026-04-01,NVC13,OAKS HOSPITAL,NHS ESSEX INTEGRATED CARE BOARD,C_110,Trauma and Orthopaedic Service,390,245,1,0.6282,True
RTT-April-2026,2026-04-01,NVC13,OAKS HOSPITAL,NHS ESSEX INTEGRATED CARE BOARD,C_101,Urology Service,25,2,1,0.08,True
RTT-April-2026,2026-04-01,DXV,OMNES HEALTHCARE LTD,NHS GREATER MANCHESTER INTEGRATED CARE BOARD,C_330,Dermatology Service,1299,939,3,0.7229,False
RTT-April-2026,2026-04-01,DXV,OMNES HEALTHCARE LTD,NHS GREATER MANCHESTER INTEGRATED CARE BOARD,C_120,Ear Nose and Throat Service,12005,6902,202,0.5749,True
RTT-April-2026,2026-04-01,AVQ01,ONE ASHFORD HOSPITAL,NHS KENT AND MEDWAY INTEGRATED CARE BOARD,C_100,General Surgery Service,155,125,0,0.8065,False
RTT-April-2026,2026-04-01,AVQ01,ONE ASHFORD HOSPITAL,NHS KENT AND MEDWAY INTEGRATED CARE BOARD,C_110,Trauma and Orthopaedic Service,762,614,1,0.8058,False
RTT-April-2026,2026-04-01,AVQ01,ONE ASHFORD HOSPITAL,NHS KENT AND MEDWAY INTEGRATED CARE BOARD,C_101,Urology Service,63,63,0,1.0,False
RTT-April-2026,2026-04-01,AVQ03,ONE HATFIELD HOSPITAL,NHS CENTRAL EAST INTEGRATED CARE BOARD,C_320,Cardiology Service,1,0,1,0.0,True
RTT-April-2026,2026-04-01,AVQ03,ONE HATFIELD HOSPITAL,NHS CENTRAL EAST INTEGRATED CARE BOARD,C_100,General Surgery Service,51,43,0,0.8431,False
RTT-April-2026,2026-04-01,AVQ03,ONE HATFIELD HOSPITAL,NHS CENTRAL EAST INTEGRATED CARE BOARD,C_110,Trauma and Orthopaedic Service,546,321,12,0.5879,True
RTT-April-2026,2026-04-01,AWR,ONE STOP DOCTORS LIMITED,NHS CENTRAL EAST INTEGRATED CARE BOARD,C_301,Gastroenterology Service,16,11,0,0.6875,True
RTT-April-2026,2026-04-01,AWR,ONE STOP DOCTORS LIMITED,NHS CENTRAL EAST INTEGRATED CARE BOARD,C_100,General Surgery Service,63,45,0,0.7143,False
RTT-April-2026,2026-04-01,AWR,ONE STOP DOCTORS LIMITED,NHS CENTRAL EAST INTEGRATED CARE BOARD,C_502,Gynaecology Service,4,1,0,0.25,True
RTT-April-2026,2026-04-01,AWR,ONE STOP DOCTORS LIMITED,NHS CENTRAL EAST INTEGRATED CARE BOARD,X02,Other - Medical Services,2,2,0,1.0,False
RTT-April-2026,2026-04-01,AWR,ONE STOP DOCTORS LIMITED,NHS CENTRAL EAST INTEGRATED CARE BOARD,C_110,Trauma and Orthopaedic Service,547,422,2,0.7715,False
RTT-April-2026,2026-04-01,AWR,ONE STOP DOCTORS LIMITED,NHS CENTRAL EAST INTEGRATED CARE BOARD,C_101,Urology Service,15,5,0,0.3333,True
RTT-April-2026,2026-04-01,NNH05,OPTEGRA (BIRMINGHAM EYE HOSPITAL),NHS BIRMINGHAM AND SOLIHULL INTEGRATED CARE BOARD,C_130,Ophthalmology Service,700,678,0,0.9686,False
RTT-April-2026,2026-04-01,NNH04,OPTEGRA (MANCHESTER EYE HOSPITAL),NHS GREATER MANCHESTER INTEGRATED CARE BOARD,C_130,Ophthalmology Service,794,767,0,0.966,False
RTT-April-2026,2026-04-01,NNH06,OPTEGRA (SOLENT EYE HOSPITAL),NHS HAMPSHIRE AND ISLE OF WIGHT INTEGRATED CARE BOARD,C_130,Ophthalmology Service,695,691,0,0.9942,False
RTT-April-2026,2026-04-01,NNH03,OPTEGRA (SURREY EYE HOSPITAL),NHS SURREY AND SUSSEX INTEGRATED CARE BOARD,C_130,Ophthalmology Service,741,740,0,0.9987,False
RTT-April-2026,2026-04-01,D0Y2J,OPTEGRA AT HAVANT HEALTH CENTRE (HAVANT),NHS HAMPSHIRE AND ISLE OF WIGHT INTEGRATED CARE BOARD,C_130,Ophthalmology Service,20,20,0,1.0,False
RTT-April-2026,2026-04-01,D9E5L,OPTEGRA EYE HOSPITAL BRIGHTON,NHS SURREY AND SUSSEX INTEGRATED CARE BOARD,C_130,Ophthalmology Service,661,660,1,0.9985,False
RTT-April-2026,2026-04-01,M2O7D,OPTEGRA EYE HOSPITAL COLCHESTER,NHS ESSEX INTEGRATED CARE BOARD,C_130,Ophthalmology Service,272,245,0,0.9007,False
RTT-April-2026,2026-04-01,A8L1O,OPTEGRA EYE HOSPITAL LEICESTER,"NHS LEICESTER, LEICESTERSHIRE AND RUTLAND INTEGRATED CARE BOARD",C_130,Ophthalmology Service,190,175,0,0.9211,False
RTT-April-2026,2026-04-01,G3E7R,OPTEGRA EYE HOSPITAL MAIDSTONE,NHS KENT AND MEDWAY INTEGRATED CARE BOARD,C_130,Ophthalmology Service,435,435,0,1.0,False
RTT-April-2026,2026-04-01,E4K5T,OPTEGRA EYE HOSPITAL NEWCASTLE,NHS NORTH EAST AND NORTH CUMBRIA INTEGRATED CARE BOARD,C_130,Ophthalmology Service,426,417,0,0.9789,False
RTT-April-2026,2026-04-01,A6U7U,OPTEGRA EYE HOSPITAL NOTTINGHAM,NHS NOTTINGHAM AND NOTTINGHAMSHIRE INTEGRATED CARE BOARD,C_130,Ophthalmology Service,114,114,0,1.0,False
RTT-April-2026,2026-04-01,A5E1F,OPTEGRA EYE HOSPITAL PRESTON,NHS LANCASHIRE AND SOUTH CUMBRIA INTEGRATED CARE BOARD,C_130,Ophthalmology Service,234,228,0,0.9744,False
RTT-April-2026,2026-04-01,Q6V1S,OPTEGRA EYE HOSPITAL SHEFFIELD,NHS SOUTH YORKSHIRE INTEGRATED CARE BOARD,C_130,Ophthalmology Service,310,292,0,0.9419,False
RTT-April-2026,2026-04-01,B6Z0N,OPTEGRA EYE HOSPITAL UTTOXETER,NHS STAFFORDSHIRE AND STOKE-ON-TRENT INTEGRATED CARE BOARD,C_130,Ophthalmology Service,315,275,0,0.873,False
RTT-April-2026,2026-04-01,I7Q4A,OPTEGRA EYE HOSPITAL WEST LONDON,NHS WEST AND NORTH LONDON INTEGRATED CARE BOARD,C_130,Ophthalmology Service,638,564,0,0.884,False
RTT-April-2026,2026-04-01,A1S9E,OPTEGRA EYE HOSPITAL YORK,NHS HUMBER AND NORTH YORKSHIRE INTEGRATED CARE BOARD,C_130,Ophthalmology Service,584,561,0,0.9606,False
RTT-April-2026,2026-04-01,NNH07,OPTEGRA LONDON EYE HOSPITAL,NHS WEST AND NORTH LONDON INTEGRATED CARE BOARD,C_130,Ophthalmology Service,876,809,0,0.9235,False
RTT-April-2026,2026-04-01,NNH02,OPTEGRA YORKSHIRE EYE HOSPITAL,NHS WEST YORKSHIRE INTEGRATED CARE BOARD,C_130,Ophthalmology Service,842,675,0,0.8017,False
RTT-April-2026,2026-04-01,NQM01,ORTHOPAEDICS & SPINE SPECIALIST HOSPITAL SITE,NHS CENTRAL EAST INTEGRATED CARE BOARD,C_110,Trauma and Orthopaedic Service,152,124,0,0.8158,False
RTT-April-2026,2026-04-01,Q2Y5H,OVIVA UK LTD,NHS SOUTH EAST LONDON INTEGRATED CARE BOARD,X02,Other - Medical Services,7478,4743,195,0.6343,True
RTT-April-2026,2026-04-01,RTH,OXFORD UNIVERSITY HOSPITALS NHS FOUNDATION TRUST,NHS THAMES VALLEY INTEGRATED CARE BOARD,C_320,Cardiology Service,4026,2806,1,0.697,True
RTT-April-2026,2026-04-01,RTH,OXFORD UNIVERSITY HOSPITALS NHS FOUNDATION TRUST,NHS THAMES VALLEY INTEGRATED CARE BOARD,C_330,Dermatology Service,6429,3208,137,0.499,True
RTT-April-2026,2026-04-01,RTH,OXFORD UNIVERSITY HOSPITALS NHS FOUNDATION TRUST,NHS THAMES VALLEY INTEGRATED CARE BOARD,C_120,Ear Nose and Throat Service,6779,3927,156,0.5793,True
RTT-April-2026,2026-04-01,RTH,OXFORD UNIVERSITY HOSPITALS NHS FOUNDATION TRUST,NHS THAMES VALLEY INTEGRATED CARE BOARD,C_430,Elderly Medicine Service,660,586,0,0.8879,False
RTT-April-2026,2026-04-01,RTH,OXFORD UNIVERSITY HOSPITALS NHS FOUNDATION TRUST,NHS THAMES VALLEY INTEGRATED CARE BOARD,C_301,Gastroenterology Service,3715,2434,20,0.6552,True
RTT-April-2026,2026-04-01,RTH,OXFORD UNIVERSITY HOSPITALS NHS FOUNDATION TRUST,NHS THAMES VALLEY INTEGRATED CARE BOARD,C_300,General Internal Medicine Service,45,33,0,0.7333,False
RTT-April-2026,2026-04-01,RTH,OXFORD UNIVERSITY HOSPITALS NHS FOUNDATION TRUST,NHS THAMES VALLEY INTEGRATED CARE BOARD,C_100,General Surgery Service,1546,1073,12,0.694,True
RTT-April-2026,2026-04-01,RTH,OXFORD UNIVERSITY HOSPITALS NHS FOUNDATION TRUST,NHS THAMES VALLEY INTEGRATED CARE BOARD,C_502,Gynaecology Service,7241,3999,289,0.5523,True
RTT-April-2026,2026-04-01,RTH,OXFORD UNIVERSITY HOSPITALS NHS FOUNDATION TRUST,NHS THAMES VALLEY INTEGRATED CARE BOARD,C_400,Neurology Service,3348,1992,2,0.595,True
RTT-April-2026,2026-04-01,RTH,OXFORD UNIVERSITY HOSPITALS NHS FOUNDATION TRUST,NHS THAMES VALLEY INTEGRATED CARE BOARD,C_150,Neurosurgical Service,1146,867,7,0.7565,False
RTT-April-2026,2026-04-01,RTH,OXFORD UNIVERSITY HOSPITALS NHS FOUNDATION TRUST,NHS THAMES VALLEY INTEGRATED CARE BOARD,C_130,Ophthalmology Service,5519,3161,201,0.5727,True
RTT-April-2026,2026-04-01,RTH,OXFORD UNIVERSITY HOSPITALS NHS FOUNDATION TRUST,NHS THAMES VALLEY INTEGRATED CARE BOARD,C_140,Oral Surgery Service,3078,1464,115,0.4756,True
RTT-April-2026,2026-04-01,RTH,OXFORD UNIVERSITY HOSPITALS NHS FOUNDATION TRUST,NHS THAMES VALLEY INTEGRATED CARE BOARD,X02,Other - Medical Services,15674,11081,73,0.707,False
RTT-April-2026,2026-04-01,RTH,OXFORD UNIVERSITY HOSPITALS NHS FOUNDATION TRUST,NHS THAMES VALLEY INTEGRATED CARE BOARD,X03,Other - Mental Health Services,44,42,0,0.9545,False
RTT-April-2026,2026-04-01,RTH,OXFORD UNIVERSITY HOSPITALS NHS FOUNDATION TRUST,NHS THAMES VALLEY INTEGRATED CARE BOARD,X06,Other - Other Services,1276,958,2,0.7508,False
RTT-April-2026,2026-04-01,RTH,OXFORD UNIVERSITY HOSPITALS NHS FOUNDATION TRUST,NHS THAMES VALLEY INTEGRATED CARE BOARD,X04,Other - Paediatric Services,6565,4000,160,0.6093,True
RTT-April-2026,2026-04-01,RTH,OXFORD UNIVERSITY HOSPITALS NHS FOUNDATION TRUST,NHS THAMES VALLEY INTEGRATED CARE BOARD,X05,Other - Surgical Services,5911,3962,71,0.6703,True
RTT-April-2026,2026-04-01,RTH,OXFORD UNIVERSITY HOSPITALS NHS FOUNDATION TRUST,NHS THAMES VALLEY INTEGRATED CARE BOARD,C_160,Plastic Surgery Service,1664,993,30,0.5968,True
RTT-April-2026,2026-04-01,RTH,OXFORD UNIVERSITY HOSPITALS NHS FOUNDATION TRUST,NHS THAMES VALLEY INTEGRATED CARE BOARD,C_340,Respiratory Medicine Service,1501,1291,0,0.8601,False
RTT-April-2026,2026-04-01,RTH,OXFORD UNIVERSITY HOSPITALS NHS FOUNDATION TRUST,NHS THAMES VALLEY INTEGRATED CARE BOARD,C_410,Rheumatology Service,1243,1084,1,0.8721,False
RTT-April-2026,2026-04-01,RTH,OXFORD UNIVERSITY HOSPITALS NHS FOUNDATION TRUST,NHS THAMES VALLEY INTEGRATED CARE BOARD,C_110,Trauma and Orthopaedic Service,8160,4270,237,0.5233,True
RTT-April-2026,2026-04-01,RTH,OXFORD UNIVERSITY HOSPITALS NHS FOUNDATION TRUST,NHS THAMES VALLEY INTEGRATED CARE BOARD,C_101,Urology Service,4640,2767,85,0.5963,True
RTT-April-2026,2026-04-01,RPG,OXLEAS NHS FOUNDATION TRUST,NHS SOUTH EAST LONDON INTEGRATED CARE BOARD,X06,Other - Other Services,1590,1016,228,0.639,True
RTT-April-2026,2026-04-01,NVC14,PARK HILL HOSPITAL,NHS SOUTH YORKSHIRE INTEGRATED CARE BOARD,C_100,General Surgery Service,1,1,0,1.0,False
RTT-April-2026,2026-04-01,NVC14,PARK HILL HOSPITAL,NHS SOUTH YORKSHIRE INTEGRATED CARE BOARD,C_110,Trauma and Orthopaedic Service,721,543,0,0.7531,False
RTT-April-2026,2026-04-01,NT427,PARK HOSPITAL,NHS NOTTINGHAM AND NOTTINGHAMSHIRE INTEGRATED CARE BOARD,C_301,Gastroenterology Service,93,81,0,0.871,False
RTT-April-2026,2026-04-01,NT427,PARK HOSPITAL,NHS NOTTINGHAM AND NOTTINGHAMSHIRE INTEGRATED CARE BOARD,C_100,General Surgery Service,208,162,0,0.7788,False
RTT-April-2026,2026-04-01,NT427,PARK HOSPITAL,NHS NOTTINGHAM AND NOTTINGHAMSHIRE INTEGRATED CARE BOARD,C_502,Gynaecology Service,454,220,25,0.4846,True
RTT-April-2026,2026-04-01,NT427,PARK HOSPITAL,NHS NOTTINGHAM AND NOTTINGHAMSHIRE INTEGRATED CARE BOARD,C_150,Neurosurgical Service,20,20,0,1.0,False
RTT-April-2026,2026-04-01,NT427,PARK HOSPITAL,NHS NOTTINGHAM AND NOTTINGHAMSHIRE INTEGRATED CARE BOARD,X06,Other - Other Services,60,58,0,0.9667,False
RTT-April-2026,2026-04-01,NT427,PARK HOSPITAL,NHS NOTTINGHAM AND NOTTINGHAMSHIRE INTEGRATED CARE BOARD,C_110,Trauma and Orthopaedic Service,1187,749,7,0.631,True
RTT-April-2026,2026-04-01,NT427,PARK HOSPITAL,NHS NOTTINGHAM AND NOTTINGHAMSHIRE INTEGRATED CARE BOARD,C_101,Urology Service,82,74,0,0.9024,False
RTT-April-2026,2026-04-01,V3J9W,PASTEL HEALTH,NHS NORTH EAST LONDON INTEGRATED CARE BOARD,X02,Other - Medical Services,118,65,1,0.5508,True
RTT-April-2026,2026-04-01,NEQ,PHOENIX HEALTH SOLUTIONS LIMITED HQ,NHS WEST YORKSHIRE INTEGRATED CARE BOARD,C_301,Gastroenterology Service,368,350,0,0.9511,False
RTT-April-2026,2026-04-01,NEQ,PHOENIX HEALTH SOLUTIONS LIMITED HQ,NHS WEST YORKSHIRE INTEGRATED CARE BOARD,C_130,Ophthalmology Service,180,179,0,0.9944,False
RTT-April-2026,2026-04-01,NEQ,PHOENIX HEALTH SOLUTIONS LIMITED HQ,NHS WEST YORKSHIRE INTEGRATED CARE BOARD,X02,Other - Medical Services,13,13,0,1.0,False
RTT-April-2026,2026-04-01,DTT,PHOENIX PUBLIC HEALTH LTD,NHS CHESHIRE AND MERSEYSIDE INTEGRATED CARE BOARD,X05,Other - Surgical Services,158,143,0,0.9051,False
RTT-April-2026,2026-04-01,NVC15,PINEHILL HOSPITAL,NHS CENTRAL EAST INTEGRATED CARE BOARD,C_301,Gastroenterology Service,39,38,0,0.9744,False
RTT-April-2026,2026-04-01,NVC15,PINEHILL HOSPITAL,NHS CENTRAL EAST INTEGRATED CARE BOARD,C_100,General Surgery Service,369,250,1,0.6775,True
RTT-April-2026,2026-04-01,NVC15,PINEHILL HOSPITAL,NHS CENTRAL EAST INTEGRATED CARE BOARD,C_130,Ophthalmology Service,134,95,0,0.709,False
RTT-April-2026,2026-04-01,NVC15,PINEHILL HOSPITAL,NHS CENTRAL EAST INTEGRATED CARE BOARD,X02,Other - Medical Services,151,96,2,0.6358,True
RTT-April-2026,2026-04-01,NVC15,PINEHILL HOSPITAL,NHS CENTRAL EAST INTEGRATED CARE BOARD,X06,Other - Other Services,116,42,0,0.3621,True
RTT-April-2026,2026-04-01,NVC15,PINEHILL HOSPITAL,NHS CENTRAL EAST INTEGRATED CARE BOARD,C_110,Trauma and Orthopaedic Service,970,596,3,0.6144,True
RTT-April-2026,2026-04-01,NVC15,PINEHILL HOSPITAL,NHS CENTRAL EAST INTEGRATED CARE BOARD,C_101,Urology Service,39,16,0,0.4103,True
RTT-April-2026,2026-04-01,NEY,PIONEER HEALTHCARE LIMITED,NHS HAMPSHIRE AND ISLE OF WIGHT INTEGRATED CARE BOARD,C_150,Neurosurgical Service,100,61,9,0.61,True
RTT-April-2026,2026-04-01,NEY,PIONEER HEALTHCARE LIMITED,NHS HAMPSHIRE AND ISLE OF WIGHT INTEGRATED CARE BOARD,C_110,Trauma and Orthopaedic Service,1,0,1,0.0,True
RTT-April-2026,2026-04-01,D3O0Z,PLYMOUTH NEWMEDICA LTD,NHS DEVON INTEGRATED CARE BOARD,C_130,Ophthalmology Service,650,606,1,0.9323,False
RTT-April-2026,2026-04-01,RHU,PORTSMOUTH HOSPITALS UNIVERSITY NHS TRUST,NHS HAMPSHIRE AND ISLE OF WIGHT INTEGRATED CARE BOARD,C_320,Cardiology Service,3107,2214,8,0.7126,False
RTT-April-2026,2026-04-01,RHU,PORTSMOUTH HOSPITALS UNIVERSITY NHS TRUST,NHS HAMPSHIRE AND ISLE OF WIGHT INTEGRATED CARE BOARD,C_330,Dermatology Service,3988,2353,59,0.59,True
RTT-April-2026,2026-04-01,RHU,PORTSMOUTH HOSPITALS UNIVERSITY NHS TRUST,NHS HAMPSHIRE AND ISLE OF WIGHT INTEGRATED CARE BOARD,C_120,Ear Nose and Throat Service,6888,3599,537,0.5225,True
RTT-April-2026,2026-04-01,RHU,PORTSMOUTH HOSPITALS UNIVERSITY NHS TRUST,NHS HAMPSHIRE AND ISLE OF WIGHT INTEGRATED CARE BOARD,C_430,Elderly Medicine Service,62,58,0,0.9355,False
RTT-April-2026,2026-04-01,RHU,PORTSMOUTH HOSPITALS UNIVERSITY NHS TRUST,NHS HAMPSHIRE AND ISLE OF WIGHT INTEGRATED CARE BOARD,C_301,Gastroenterology Service,3898,2540,115,0.6516,True
RTT-April-2026,2026-04-01,RHU,PORTSMOUTH HOSPITALS UNIVERSITY NHS TRUST,NHS HAMPSHIRE AND ISLE OF WIGHT INTEGRATED CARE BOARD,C_100,General Surgery Service,5492,3556,157,0.6475,True
RTT-April-2026,2026-04-01,RHU,PORTSMOUTH HOSPITALS UNIVERSITY NHS TRUST,NHS HAMPSHIRE AND ISLE OF WIGHT INTEGRATED CARE BOARD,C_502,Gynaecology Service,5017,2536,191,0.5055,True
RTT-April-2026,2026-04-01,RHU,PORTSMOUTH HOSPITALS UNIVERSITY NHS TRUST,NHS HAMPSHIRE AND ISLE OF WIGHT INTEGRATED CARE BOARD,C_130,Ophthalmology Service,6745,4009,158,0.5944,True
RTT-April-2026,2026-04-01,RHU,PORTSMOUTH HOSPITALS UNIVERSITY NHS TRUST,NHS HAMPSHIRE AND ISLE OF WIGHT INTEGRATED CARE BOARD,C_140,Oral Surgery Service,4117,1846,355,0.4484,True
RTT-April-2026,2026-04-01,RHU,PORTSMOUTH HOSPITALS UNIVERSITY NHS TRUST,NHS HAMPSHIRE AND ISLE OF WIGHT INTEGRATED CARE BOARD,X02,Other - Medical Services,2815,2139,2,0.7599,False
RTT-April-2026,2026-04-01,RHU,PORTSMOUTH HOSPITALS UNIVERSITY NHS TRUST,NHS HAMPSHIRE AND ISLE OF WIGHT INTEGRATED CARE BOARD,X06,Other - Other Services,3537,1629,364,0.4606,True
RTT-April-2026,2026-04-01,RHU,PORTSMOUTH HOSPITALS UNIVERSITY NHS TRUST,NHS HAMPSHIRE AND ISLE OF WIGHT INTEGRATED CARE BOARD,X04,Other - Paediatric Services,824,796,0,0.966,False
RTT-April-2026,2026-04-01,RHU,PORTSMOUTH HOSPITALS UNIVERSITY NHS TRUST,NHS HAMPSHIRE AND ISLE OF WIGHT INTEGRATED CARE BOARD,X05,Other - Surgical Services,536,184,13,0.3433,True
RTT-April-2026,2026-04-01,RHU,PORTSMOUTH HOSPITALS UNIVERSITY NHS TRUST,NHS HAMPSHIRE AND ISLE OF WIGHT INTEGRATED CARE BOARD,C_160,Plastic Surgery Service,454,237,19,0.522,True
RTT-April-2026,2026-04-01,RHU,PORTSMOUTH HOSPITALS UNIVERSITY NHS TRUST,NHS HAMPSHIRE AND ISLE OF WIGHT INTEGRATED CARE BOARD,C_340,Respiratory Medicine Service,595,580,0,0.9748,False
RTT-April-2026,2026-04-01,RHU,PORTSMOUTH HOSPITALS UNIVERSITY NHS TRUST,NHS HAMPSHIRE AND ISLE OF WIGHT INTEGRATED CARE BOARD,C_410,Rheumatology Service,536,520,0,0.9701,False
RTT-April-2026,2026-04-01,RHU,PORTSMOUTH HOSPITALS UNIVERSITY NHS TRUST,NHS HAMPSHIRE AND ISLE OF WIGHT INTEGRATED CARE BOARD,C_110,Trauma and Orthopaedic Service,5516,2866,81,0.5196,True
RTT-April-2026,2026-04-01,RHU,PORTSMOUTH HOSPITALS UNIVERSITY NHS TRUST,NHS HAMPSHIRE AND ISLE OF WIGHT INTEGRATED CARE BOARD,C_101,Urology Service,2477,1824,42,0.7364,False
RTT-April-2026,2026-04-01,NTP13,PRACTICE PLUS GROUP HOSPITAL - BARLBOROUGH,NHS DERBY AND DERBYSHIRE INTEGRATED CARE BOARD,C_100,General Surgery Service,41,30,0,0.7317,False
RTT-April-2026,2026-04-01,NTP13,PRACTICE PLUS GROUP HOSPITAL - BARLBOROUGH,NHS DERBY AND DERBYSHIRE INTEGRATED CARE BOARD,C_130,Ophthalmology Service,138,130,0,0.942,False
RTT-April-2026,2026-04-01,NTP13,PRACTICE PLUS GROUP HOSPITAL - BARLBOROUGH,NHS DERBY AND DERBYSHIRE INTEGRATED CARE BOARD,C_110,Trauma and Orthopaedic Service,1688,1270,2,0.7524,False
RTT-April-2026,2026-04-01,NTPH2,PRACTICE PLUS GROUP HOSPITAL - EMERSONS GREEN,"NHS BRISTOL, NORTH SOMERSET AND SOUTH GLOUCESTERSHIRE INTEGRATED CARE BOARD",C_120,Ear Nose and Throat Service,311,252,0,0.8103,False
RTT-April-2026,2026-04-01,NTPH2,PRACTICE PLUS GROUP HOSPITAL - EMERSONS GREEN,"NHS BRISTOL, NORTH SOMERSET AND SOUTH GLOUCESTERSHIRE INTEGRATED CARE BOARD",C_301,Gastroenterology Service,469,469,0,1.0,False
RTT-April-2026,2026-04-01,NTPH2,PRACTICE PLUS GROUP HOSPITAL - EMERSONS GREEN,"NHS BRISTOL, NORTH SOMERSET AND SOUTH GLOUCESTERSHIRE INTEGRATED CARE BOARD",C_100,General Surgery Service,287,228,0,0.7944,False
RTT-April-2026,2026-04-01,NTPH2,PRACTICE PLUS GROUP HOSPITAL - EMERSONS GREEN,"NHS BRISTOL, NORTH SOMERSET AND SOUTH GLOUCESTERSHIRE INTEGRATED CARE BOARD",C_502,Gynaecology Service,313,238,0,0.7604,False
RTT-April-2026,2026-04-01,NTPH2,PRACTICE PLUS GROUP HOSPITAL - EMERSONS GREEN,"NHS BRISTOL, NORTH SOMERSET AND SOUTH GLOUCESTERSHIRE INTEGRATED CARE BOARD",C_130,Ophthalmology Service,421,356,0,0.8456,False
RTT-April-2026,2026-04-01,NTPH2,PRACTICE PLUS GROUP HOSPITAL - EMERSONS GREEN,"NHS BRISTOL, NORTH SOMERSET AND SOUTH GLOUCESTERSHIRE INTEGRATED CARE BOARD",C_140,Oral Surgery Service,3198,2278,0,0.7123,False
RTT-April-2026,2026-04-01,NTPH2,PRACTICE PLUS GROUP HOSPITAL - EMERSONS GREEN,"NHS BRISTOL, NORTH SOMERSET AND SOUTH GLOUCESTERSHIRE INTEGRATED CARE BOARD",C_110,Trauma and Orthopaedic Service,679,592,0,0.8719,False
RTT-April-2026,2026-04-01,NTPH2,PRACTICE PLUS GROUP HOSPITAL - EMERSONS GREEN,"NHS BRISTOL, NORTH SOMERSET AND SOUTH GLOUCESTERSHIRE INTEGRATED CARE BOARD",C_101,Urology Service,92,79,0,0.8587,False
RTT-April-2026,2026-04-01,NTP15,PRACTICE PLUS GROUP HOSPITAL - ILFORD,NHS NORTH EAST LONDON INTEGRATED CARE BOARD,C_120,Ear Nose and Throat Service,240,173,0,0.7208,False
RTT-April-2026,2026-04-01,NTP15,PRACTICE PLUS GROUP HOSPITAL - ILFORD,NHS NORTH EAST LONDON INTEGRATED CARE BOARD,C_301,Gastroenterology Service,139,105,28,0.7554,False
RTT-April-2026,2026-04-01,NTP15,PRACTICE PLUS GROUP HOSPITAL - ILFORD,NHS NORTH EAST LONDON INTEGRATED CARE BOARD,C_100,General Surgery Service,807,588,1,0.7286,False
RTT-April-2026,2026-04-01,NTP15,PRACTICE PLUS GROUP HOSPITAL - ILFORD,NHS NORTH EAST LONDON INTEGRATED CARE BOARD,C_502,Gynaecology Service,948,532,9,0.5612,True
RTT-April-2026,2026-04-01,NTP15,PRACTICE PLUS GROUP HOSPITAL - ILFORD,NHS NORTH EAST LONDON INTEGRATED CARE BOARD,C_130,Ophthalmology Service,14,14,0,1.0,False
RTT-April-2026,2026-04-01,NTP15,PRACTICE PLUS GROUP HOSPITAL - ILFORD,NHS NORTH EAST LONDON INTEGRATED CARE BOARD,C_110,Trauma and Orthopaedic Service,2246,1556,0,0.6928,True
RTT-April-2026,2026-04-01,NTP15,PRACTICE PLUS GROUP HOSPITAL - ILFORD,NHS NORTH EAST LONDON INTEGRATED CARE BOARD,C_101,Urology Service,262,207,0,0.7901,False
RTT-April-2026,2026-04-01,NTPH5,PRACTICE PLUS GROUP HOSPITAL - PLYMOUTH,NHS DEVON INTEGRATED CARE BOARD,C_301,Gastroenterology Service,151,146,0,0.9669,False
RTT-April-2026,2026-04-01,NTPH5,PRACTICE PLUS GROUP HOSPITAL - PLYMOUTH,NHS DEVON INTEGRATED CARE BOARD,C_100,General Surgery Service,63,50,2,0.7937,False
RTT-April-2026,2026-04-01,NTPH5,PRACTICE PLUS GROUP HOSPITAL - PLYMOUTH,NHS DEVON INTEGRATED CARE BOARD,C_130,Ophthalmology Service,40,39,0,0.975,False
RTT-April-2026,2026-04-01,NTPH5,PRACTICE PLUS GROUP HOSPITAL - PLYMOUTH,NHS DEVON INTEGRATED CARE BOARD,C_110,Trauma and Orthopaedic Service,1338,1108,2,0.8281,False
RTT-April-2026,2026-04-01,NTPH1,PRACTICE PLUS GROUP HOSPITAL - SHEPTON MALLET,NHS SOMERSET INTEGRATED CARE BOARD,C_120,Ear Nose and Throat Service,246,132,2,0.5366,True
RTT-April-2026,2026-04-01,NTPH1,PRACTICE PLUS GROUP HOSPITAL - SHEPTON MALLET,NHS SOMERSET INTEGRATED CARE BOARD,C_301,Gastroenterology Service,144,144,0,1.0,False
RTT-April-2026,2026-04-01,NTPH1,PRACTICE PLUS GROUP HOSPITAL - SHEPTON MALLET,NHS SOMERSET INTEGRATED CARE BOARD,C_100,General Surgery Service,255,202,0,0.7922,False
RTT-April-2026,2026-04-01,NTPH1,PRACTICE PLUS GROUP HOSPITAL - SHEPTON MALLET,NHS SOMERSET INTEGRATED CARE BOARD,C_502,Gynaecology Service,92,71,2,0.7717,False
RTT-April-2026,2026-04-01,NTPH1,PRACTICE PLUS GROUP HOSPITAL - SHEPTON MALLET,NHS SOMERSET INTEGRATED CARE BOARD,C_130,Ophthalmology Service,712,637,3,0.8947,False
RTT-April-2026,2026-04-01,NTPH1,PRACTICE PLUS GROUP HOSPITAL - SHEPTON MALLET,NHS SOMERSET INTEGRATED CARE BOARD,C_110,Trauma and Orthopaedic Service,1353,881,26,0.6511,True
RTT-April-2026,2026-04-01,NTPH1,PRACTICE PLUS GROUP HOSPITAL - SHEPTON MALLET,NHS SOMERSET INTEGRATED CARE BOARD,C_101,Urology Service,55,47,0,0.8545,False
RTT-April-2026,2026-04-01,NTP11,PRACTICE PLUS GROUP HOSPITAL - SOUTHAMPTON,NHS HAMPSHIRE AND ISLE OF WIGHT INTEGRATED CARE BOARD,C_120,Ear Nose and Throat Service,1900,1016,5,0.5347,True
RTT-April-2026,2026-04-01,NTP11,PRACTICE PLUS GROUP HOSPITAL - SOUTHAMPTON,NHS HAMPSHIRE AND ISLE OF WIGHT INTEGRATED CARE BOARD,C_301,Gastroenterology Service,456,456,0,1.0,False
RTT-April-2026,2026-04-01,NTP11,PRACTICE PLUS GROUP HOSPITAL - SOUTHAMPTON,NHS HAMPSHIRE AND ISLE OF WIGHT INTEGRATED CARE BOARD,C_100,General Surgery Service,669,555,1,0.8296,False
RTT-April-2026,2026-04-01,NTP11,PRACTICE PLUS GROUP HOSPITAL - SOUTHAMPTON,NHS HAMPSHIRE AND ISLE OF WIGHT INTEGRATED CARE BOARD,C_502,Gynaecology Service,747,556,0,0.7443,False
RTT-April-2026,2026-04-01,NTP11,PRACTICE PLUS GROUP HOSPITAL - SOUTHAMPTON,NHS HAMPSHIRE AND ISLE OF WIGHT INTEGRATED CARE BOARD,C_130,Ophthalmology Service,165,156,0,0.9455,False
RTT-April-2026,2026-04-01,NTP11,PRACTICE PLUS GROUP HOSPITAL - SOUTHAMPTON,NHS HAMPSHIRE AND ISLE OF WIGHT INTEGRATED CARE BOARD,C_140,Oral Surgery Service,5333,2842,5,0.5329,True
RTT-April-2026,2026-04-01,NTP11,PRACTICE PLUS GROUP HOSPITAL - SOUTHAMPTON,NHS HAMPSHIRE AND ISLE OF WIGHT INTEGRATED CARE BOARD,C_110,Trauma and Orthopaedic Service,1149,940,1,0.8181,False
RTT-April-2026,2026-04-01,NTP11,PRACTICE PLUS GROUP HOSPITAL - SOUTHAMPTON,NHS HAMPSHIRE AND ISLE OF WIGHT INTEGRATED CARE BOARD,C_101,Urology Service,480,391,0,0.8146,False
RTT-April-2026,2026-04-01,M2Y6D,PRACTICE PLUS GROUP HOSPITAL BIRMINGHAM,NHS BIRMINGHAM AND SOLIHULL INTEGRATED CARE BOARD,C_100,General Surgery Service,91,87,0,0.956,False
RTT-April-2026,2026-04-01,M2Y6D,PRACTICE PLUS GROUP HOSPITAL BIRMINGHAM,NHS BIRMINGHAM AND SOLIHULL INTEGRATED CARE BOARD,C_130,Ophthalmology Service,5,3,0,0.6,True
RTT-April-2026,2026-04-01,M2Y6D,PRACTICE PLUS GROUP HOSPITAL BIRMINGHAM,NHS BIRMINGHAM AND SOLIHULL INTEGRATED CARE BOARD,C_110,Trauma and Orthopaedic Service,1192,899,4,0.7542,False
RTT-April-2026,2026-04-01,M2Y6D,PRACTICE PLUS GROUP HOSPITAL BIRMINGHAM,NHS BIRMINGHAM AND SOLIHULL INTEGRATED CARE BOARD,C_101,Urology Service,206,196,0,0.9515,False
RTT-April-2026,2026-04-01,NTPAE,PRACTICE PLUS GROUP OPHTHALMOLOGY - NORTH WEST,NHS GREATER MANCHESTER INTEGRATED CARE BOARD,C_130,Ophthalmology Service,1748,1566,0,0.8959,False
RTT-April-2026,2026-04-01,NTPH3,PRACTICE PLUS GROUP SURGICAL CENTRE - DEVIZES,"NHS BATH AND NORTH EAST SOMERSET, SWINDON AND WILTSHIRE INTEGRATED CARE BOARD",C_120,Ear Nose and Throat Service,140,82,0,0.5857,True
RTT-April-2026,2026-04-01,NTPH3,PRACTICE PLUS GROUP SURGICAL CENTRE - DEVIZES,"NHS BATH AND NORTH EAST SOMERSET, SWINDON AND WILTSHIRE INTEGRATED CARE BOARD",C_301,Gastroenterology Service,223,223,0,1.0,False
RTT-April-2026,2026-04-01,NTPH3,PRACTICE PLUS GROUP SURGICAL CENTRE - DEVIZES,"NHS BATH AND NORTH EAST SOMERSET, SWINDON AND WILTSHIRE INTEGRATED CARE BOARD",C_100,General Surgery Service,171,107,1,0.6257,True
RTT-April-2026,2026-04-01,NTPH3,PRACTICE PLUS GROUP SURGICAL CENTRE - DEVIZES,"NHS BATH AND NORTH EAST SOMERSET, SWINDON AND WILTSHIRE INTEGRATED CARE BOARD",C_502,Gynaecology Service,135,105,0,0.7778,False
RTT-April-2026,2026-04-01,NTPH3,PRACTICE PLUS GROUP SURGICAL CENTRE - DEVIZES,"NHS BATH AND NORTH EAST SOMERSET, SWINDON AND WILTSHIRE INTEGRATED CARE BOARD",C_130,Ophthalmology Service,411,323,0,0.7859,False
RTT-April-2026,2026-04-01,NTPH3,PRACTICE PLUS GROUP SURGICAL CENTRE - DEVIZES,"NHS BATH AND NORTH EAST SOMERSET, SWINDON AND WILTSHIRE INTEGRATED CARE BOARD",C_140,Oral Surgery Service,1606,1318,0,0.8207,False
RTT-April-2026,2026-04-01,NTPH3,PRACTICE PLUS GROUP SURGICAL CENTRE - DEVIZES,"NHS BATH AND NORTH EAST SOMERSET, SWINDON AND WILTSHIRE INTEGRATED CARE BOARD",C_110,Trauma and Orthopaedic Service,369,279,0,0.7561,False
RTT-April-2026,2026-04-01,NTPH3,PRACTICE PLUS GROUP SURGICAL CENTRE - DEVIZES,"NHS BATH AND NORTH EAST SOMERSET, SWINDON AND WILTSHIRE INTEGRATED CARE BOARD",C_101,Urology Service,102,74,0,0.7255,False
RTT-April-2026,2026-04-01,NTP16,PRACTICE PLUS GROUP SURGICAL CENTRE - GILLINGHAM,NHS KENT AND MEDWAY INTEGRATED CARE BOARD,C_301,Gastroenterology Service,184,183,1,0.9946,False
RTT-April-2026,2026-04-01,NTP16,PRACTICE PLUS GROUP SURGICAL CENTRE - GILLINGHAM,NHS KENT AND MEDWAY INTEGRATED CARE BOARD,C_100,General Surgery Service,264,239,0,0.9053,False
RTT-April-2026,2026-04-01,NTP16,PRACTICE PLUS GROUP SURGICAL CENTRE - GILLINGHAM,NHS KENT AND MEDWAY INTEGRATED CARE BOARD,C_130,Ophthalmology Service,462,426,4,0.9221,False
RTT-April-2026,2026-04-01,NTP16,PRACTICE PLUS GROUP SURGICAL CENTRE - GILLINGHAM,NHS KENT AND MEDWAY INTEGRATED CARE BOARD,C_110,Trauma and Orthopaedic Service,122,71,1,0.582,True
RTT-April-2026,2026-04-01,NTPAD,PRACTICE PLUS GROUP SURGICAL CENTRE - ST MARYS PORTSMOUTH,NHS HAMPSHIRE AND ISLE OF WIGHT INTEGRATED CARE BOARD,C_320,Cardiology Service,2,1,0,0.5,True
RTT-April-2026,2026-04-01,NTPAD,PRACTICE PLUS GROUP SURGICAL CENTRE - ST MARYS PORTSMOUTH,NHS HAMPSHIRE AND ISLE OF WIGHT INTEGRATED CARE BOARD,C_120,Ear Nose and Throat Service,168,152,0,0.9048,False
RTT-April-2026,2026-04-01,NTPAD,PRACTICE PLUS GROUP SURGICAL CENTRE - ST MARYS PORTSMOUTH,NHS HAMPSHIRE AND ISLE OF WIGHT INTEGRATED CARE BOARD,C_301,Gastroenterology Service,388,387,0,0.9974,False
RTT-April-2026,2026-04-01,NTPAD,PRACTICE PLUS GROUP SURGICAL CENTRE - ST MARYS PORTSMOUTH,NHS HAMPSHIRE AND ISLE OF WIGHT INTEGRATED CARE BOARD,C_100,General Surgery Service,328,296,0,0.9024,False
RTT-April-2026,2026-04-01,NTPAD,PRACTICE PLUS GROUP SURGICAL CENTRE - ST MARYS PORTSMOUTH,NHS HAMPSHIRE AND ISLE OF WIGHT INTEGRATED CARE BOARD,C_130,Ophthalmology Service,428,426,0,0.9953,False
RTT-April-2026,2026-04-01,NTPAD,PRACTICE PLUS GROUP SURGICAL CENTRE - ST MARYS PORTSMOUTH,NHS HAMPSHIRE AND ISLE OF WIGHT INTEGRATED CARE BOARD,C_110,Trauma and Orthopaedic Service,349,339,0,0.9713,False
RTT-April-2026,2026-04-01,NTPAD,PRACTICE PLUS GROUP SURGICAL CENTRE - ST MARYS PORTSMOUTH,NHS HAMPSHIRE AND ISLE OF WIGHT INTEGRATED CARE BOARD,C_101,Urology Service,93,91,0,0.9785,False
RTT-April-2026,2026-04-01,NT428,PRINCESS MARGARET HOSPITAL,NHS THAMES VALLEY INTEGRATED CARE BOARD,C_301,Gastroenterology Service,13,13,0,1.0,False
RTT-April-2026,2026-04-01,NT428,PRINCESS MARGARET HOSPITAL,NHS THAMES VALLEY INTEGRATED CARE BOARD,C_100,General Surgery Service,1,1,0,1.0,False
RTT-April-2026,2026-04-01,NT428,PRINCESS MARGARET HOSPITAL,NHS THAMES VALLEY INTEGRATED CARE BOARD,X06,Other - Other Services,2,2,0,1.0,False
RTT-April-2026,2026-04-01,NT428,PRINCESS MARGARET HOSPITAL,NHS THAMES VALLEY INTEGRATED CARE BOARD,C_110,Trauma and Orthopaedic Service,48,41,0,0.8542,False
RTT-April-2026,2026-04-01,NT429,PRIORY HOSPITAL,NHS BIRMINGHAM AND SOLIHULL INTEGRATED CARE BOARD,C_502,Gynaecology Service,1,0,0,0.0,True
RTT-April-2026,2026-04-01,NT429,PRIORY HOSPITAL,NHS BIRMINGHAM AND SOLIHULL INTEGRATED CARE BOARD,C_110,Trauma and Orthopaedic Service,624,455,0,0.7292,False
RTT-April-2026,2026-04-01,NAM01,PROBUS SURGICAL CENTRE,NHS CORNWALL AND THE ISLES OF SCILLY INTEGRATED CARE BOARD,C_100,General Surgery Service,179,174,0,0.9721,False
RTT-April-2026,2026-04-01,NAM01,PROBUS SURGICAL CENTRE,NHS CORNWALL AND THE ISLES OF SCILLY INTEGRATED CARE BOARD,C_130,Ophthalmology Service,533,517,0,0.97,False
RTT-April-2026,2026-04-01,NAM01,PROBUS SURGICAL CENTRE,NHS CORNWALL AND THE ISLES OF SCILLY INTEGRATED CARE BOARD,C_110,Trauma and Orthopaedic Service,99,94,0,0.9495,False
RTT-April-2026,2026-04-01,NAM01,PROBUS SURGICAL CENTRE,NHS CORNWALL AND THE ISLES OF SCILLY INTEGRATED CARE BOARD,C_101,Urology Service,56,52,0,0.9286,False
RTT-April-2026,2026-04-01,NQX,PROVIDE ENTERPRISES,NHS ESSEX INTEGRATED CARE BOARD,C_110,Trauma and Orthopaedic Service,190,190,0,1.0,False
RTT-April-2026,2026-04-01,RPC,QUEEN VICTORIA HOSPITAL NHS FOUNDATION TRUST,NHS SURREY AND SUSSEX INTEGRATED CARE BOARD,C_320,Cardiology Service,239,167,0,0.6987,True
RTT-April-2026,2026-04-01,RPC,QUEEN VICTORIA HOSPITAL NHS FOUNDATION TRUST,NHS SURREY AND SUSSEX INTEGRATED CARE BOARD,C_120,Ear Nose and Throat Service,149,127,2,0.8523,False
RTT-April-2026,2026-04-01,RPC,QUEEN VICTORIA HOSPITAL NHS FOUNDATION TRUST,NHS SURREY AND SUSSEX INTEGRATED CARE BOARD,C_130,Ophthalmology Service,2318,1656,0,0.7144,False
RTT-April-2026,2026-04-01,RPC,QUEEN VICTORIA HOSPITAL NHS FOUNDATION TRUST,NHS SURREY AND SUSSEX INTEGRATED CARE BOARD,C_140,Oral Surgery Service,8081,4666,61,0.5774,True
RTT-April-2026,2026-04-01,RPC,QUEEN VICTORIA HOSPITAL NHS FOUNDATION TRUST,NHS SURREY AND SUSSEX INTEGRATED CARE BOARD,X02,Other - Medical Services,16,14,0,0.875,False
RTT-April-2026,2026-04-01,RPC,QUEEN VICTORIA HOSPITAL NHS FOUNDATION TRUST,NHS SURREY AND SUSSEX INTEGRATED CARE BOARD,X06,Other - Other Services,4894,3323,0,0.679,True
RTT-April-2026,2026-04-01,RPC,QUEEN VICTORIA HOSPITAL NHS FOUNDATION TRUST,NHS SURREY AND SUSSEX INTEGRATED CARE BOARD,C_160,Plastic Surgery Service,5593,3101,167,0.5544,True
RTT-April-2026,2026-04-01,RPC,QUEEN VICTORIA HOSPITAL NHS FOUNDATION TRUST,NHS SURREY AND SUSSEX INTEGRATED CARE BOARD,C_340,Respiratory Medicine Service,27,20,0,0.7407,False
RTT-April-2026,2026-04-01,RPC,QUEEN VICTORIA HOSPITAL NHS FOUNDATION TRUST,NHS SURREY AND SUSSEX INTEGRATED CARE BOARD,C_410,Rheumatology Service,52,41,0,0.7885,False
RTT-April-2026,2026-04-01,GEC01,RAPID INVESTIGATION SERVICE,NHS HAMPSHIRE AND ISLE OF WIGHT INTEGRATED CARE BOARD,X06,Other - Other Services,99,99,0,1.0,False
RTT-April-2026,2026-04-01,NVC16,RENACRES HOSPITAL,NHS LANCASHIRE AND SOUTH CUMBRIA INTEGRATED CARE BOARD,C_120,Ear Nose and Throat Service,94,44,0,0.4681,True
RTT-April-2026,2026-04-01,NVC16,RENACRES HOSPITAL,NHS LANCASHIRE AND SOUTH CUMBRIA INTEGRATED CARE BOARD,C_301,Gastroenterology Service,268,162,2,0.6045,True
RTT-April-2026,2026-04-01,NVC16,RENACRES HOSPITAL,NHS LANCASHIRE AND SOUTH CUMBRIA INTEGRATED CARE BOARD,C_100,General Surgery Service,331,174,3,0.5257,True
RTT-April-2026,2026-04-01,NVC16,RENACRES HOSPITAL,NHS LANCASHIRE AND SOUTH CUMBRIA INTEGRATED CARE BOARD,X02,Other - Medical Services,1421,605,16,0.4258,True
RTT-April-2026,2026-04-01,NVC16,RENACRES HOSPITAL,NHS LANCASHIRE AND SOUTH CUMBRIA INTEGRATED CARE BOARD,X06,Other - Other Services,2,2,0,1.0,False
RTT-April-2026,2026-04-01,NVC16,RENACRES HOSPITAL,NHS LANCASHIRE AND SOUTH CUMBRIA INTEGRATED CARE BOARD,X05,Other - Surgical Services,1,0,0,0.0,True
RTT-April-2026,2026-04-01,NVC16,RENACRES HOSPITAL,NHS LANCASHIRE AND SOUTH CUMBRIA INTEGRATED CARE BOARD,C_110,Trauma and Orthopaedic Service,2586,1214,38,0.4695,True
RTT-April-2026,2026-04-01,NVC16,RENACRES HOSPITAL,NHS LANCASHIRE AND SOUTH CUMBRIA INTEGRATED CARE BOARD,C_101,Urology Service,224,139,1,0.6205,True
RTT-April-2026,2026-04-01,NT430,RIDGEWAY HOSPITAL,"NHS BATH AND NORTH EAST SOMERSET, SWINDON AND WILTSHIRE INTEGRATED CARE BOARD",C_301,Gastroenterology Service,40,36,0,0.9,False
RTT-April-2026,2026-04-01,NT430,RIDGEWAY HOSPITAL,"NHS BATH AND NORTH EAST SOMERSET, SWINDON AND WILTSHIRE INTEGRATED CARE BOARD",C_100,General Surgery Service,59,53,0,0.8983,False
RTT-April-2026,2026-04-01,NT430,RIDGEWAY HOSPITAL,"NHS BATH AND NORTH EAST SOMERSET, SWINDON AND WILTSHIRE INTEGRATED CARE BOARD",C_502,Gynaecology Service,61,10,0,0.1639,True
RTT-April-2026,2026-04-01,NT430,RIDGEWAY HOSPITAL,"NHS BATH AND NORTH EAST SOMERSET, SWINDON AND WILTSHIRE INTEGRATED CARE BOARD",C_130,Ophthalmology Service,251,198,0,0.7888,False
RTT-April-2026,2026-04-01,NT430,RIDGEWAY HOSPITAL,"NHS BATH AND NORTH EAST SOMERSET, SWINDON AND WILTSHIRE INTEGRATED CARE BOARD",C_110,Trauma and Orthopaedic Service,19,14,0,0.7368,False
RTT-April-2026,2026-04-01,NVC19,RIVERS HOSPITAL,NHS CENTRAL EAST INTEGRATED CARE BOARD,C_120,Ear Nose and Throat Service,221,143,0,0.6471,True
RTT-April-2026,2026-04-01,NVC19,RIVERS HOSPITAL,NHS CENTRAL EAST INTEGRATED CARE BOARD,C_301,Gastroenterology Service,627,508,0,0.8102,False
RTT-April-2026,2026-04-01,NVC19,RIVERS HOSPITAL,NHS CENTRAL EAST INTEGRATED CARE BOARD,C_100,General Surgery Service,710,496,4,0.6986,True
RTT-April-2026,2026-04-01,NVC19,RIVERS HOSPITAL,NHS CENTRAL EAST INTEGRATED CARE BOARD,C_502,Gynaecology Service,497,273,17,0.5493,True
RTT-April-2026,2026-04-01,NVC19,RIVERS HOSPITAL,NHS CENTRAL EAST INTEGRATED CARE BOARD,C_130,Ophthalmology Service,436,354,1,0.8119,False
RTT-April-2026,2026-04-01,NVC19,RIVERS HOSPITAL,NHS CENTRAL EAST INTEGRATED CARE BOARD,X02,Other - Medical Services,6,6,0,1.0,False
RTT-April-2026,2026-04-01,NVC19,RIVERS HOSPITAL,NHS CENTRAL EAST INTEGRATED CARE BOARD,X06,Other - Other Services,13,7,0,0.5385,True
RTT-April-2026,2026-04-01,NVC19,RIVERS HOSPITAL,NHS CENTRAL EAST INTEGRATED CARE BOARD,C_110,Trauma and Orthopaedic Service,1551,983,7,0.6338,True
RTT-April-2026,2026-04-01,NVC19,RIVERS HOSPITAL,NHS CENTRAL EAST INTEGRATED CARE BOARD,C_101,Urology Service,438,343,0,0.7831,False
RTT-April-2026,2026-04-01,NVC17,ROWLEY HALL HOSPITAL,NHS STAFFORDSHIRE AND STOKE-ON-TRENT INTEGRATED CARE BOARD,C_301,Gastroenterology Service,108,58,0,0.537,True
RTT-April-2026,2026-04-01,NVC17,ROWLEY HALL HOSPITAL,NHS STAFFORDSHIRE AND STOKE-ON-TRENT INTEGRATED CARE BOARD,C_100,General Surgery Service,131,73,0,0.5573,True
RTT-April-2026,2026-04-01,NVC17,ROWLEY HALL HOSPITAL,NHS STAFFORDSHIRE AND STOKE-ON-TRENT INTEGRATED CARE BOARD,C_502,Gynaecology Service,275,171,0,0.6218,True
RTT-April-2026,2026-04-01,NVC17,ROWLEY HALL HOSPITAL,NHS STAFFORDSHIRE AND STOKE-ON-TRENT INTEGRATED CARE BOARD,C_400,Neurology Service,1,0,0,0.0,True
RTT-April-2026,2026-04-01,NVC17,ROWLEY HALL HOSPITAL,NHS STAFFORDSHIRE AND STOKE-ON-TRENT INTEGRATED CARE BOARD,C_130,Ophthalmology Service,1,1,0,1.0,False
RTT-April-2026,2026-04-01,NVC17,ROWLEY HALL HOSPITAL,NHS STAFFORDSHIRE AND STOKE-ON-TRENT INTEGRATED CARE BOARD,X02,Other - Medical Services,191,109,0,0.5707,True
RTT-April-2026,2026-04-01,NVC17,ROWLEY HALL HOSPITAL,NHS STAFFORDSHIRE AND STOKE-ON-TRENT INTEGRATED CARE BOARD,X06,Other - Other Services,1,0,0,0.0,True
RTT-April-2026,2026-04-01,NVC17,ROWLEY HALL HOSPITAL,NHS STAFFORDSHIRE AND STOKE-ON-TRENT INTEGRATED CARE BOARD,C_110,Trauma and Orthopaedic Service,1843,1103,1,0.5985,True
RTT-April-2026,2026-04-01,NVC17,ROWLEY HALL HOSPITAL,NHS STAFFORDSHIRE AND STOKE-ON-TRENT INTEGRATED CARE BOARD,C_101,Urology Service,2,1,0,0.5,True
RTT-April-2026,2026-04-01,RHW,ROYAL BERKSHIRE NHS FOUNDATION TRUST,NHS THAMES VALLEY INTEGRATED CARE BOARD,C_320,Cardiology Service,3392,2777,0,0.8187,False
RTT-April-2026,2026-04-01,RHW,ROYAL BERKSHIRE NHS FOUNDATION TRUST,NHS THAMES VALLEY INTEGRATED CARE BOARD,C_330,Dermatology Service,2296,1867,2,0.8132,False
RTT-April-2026,2026-04-01,RHW,ROYAL BERKSHIRE NHS FOUNDATION TRUST,NHS THAMES VALLEY INTEGRATED CARE BOARD,C_120,Ear Nose and Throat Service,3657,2997,13,0.8195,False
RTT-April-2026,2026-04-01,RHW,ROYAL BERKSHIRE NHS FOUNDATION TRUST,NHS THAMES VALLEY INTEGRATED CARE BOARD,C_301,Gastroenterology Service,4227,3496,2,0.8271,False
RTT-April-2026,2026-04-01,RHW,ROYAL BERKSHIRE NHS FOUNDATION TRUST,NHS THAMES VALLEY INTEGRATED CARE BOARD,C_100,General Surgery Service,2684,2290,3,0.8532,False
RTT-April-2026,2026-04-01,RHW,ROYAL BERKSHIRE NHS FOUNDATION TRUST,NHS THAMES VALLEY INTEGRATED CARE BOARD,C_502,Gynaecology Service,2769,2217,6,0.8007,False
RTT-April-2026,2026-04-01,RHW,ROYAL BERKSHIRE NHS FOUNDATION TRUST,NHS THAMES VALLEY INTEGRATED CARE BOARD,C_400,Neurology Service,796,687,0,0.8631,False
RTT-April-2026,2026-04-01,RHW,ROYAL BERKSHIRE NHS FOUNDATION TRUST,NHS THAMES VALLEY INTEGRATED CARE BOARD,C_130,Ophthalmology Service,5385,4575,4,0.8496,False
RTT-April-2026,2026-04-01,RHW,ROYAL BERKSHIRE NHS FOUNDATION TRUST,NHS THAMES VALLEY INTEGRATED CARE BOARD,C_140,Oral Surgery Service,426,354,0,0.831,False
RTT-April-2026,2026-04-01,RHW,ROYAL BERKSHIRE NHS FOUNDATION TRUST,NHS THAMES VALLEY INTEGRATED CARE BOARD,X02,Other - Medical Services,1064,883,0,0.8299,False
RTT-April-2026,2026-04-01,RHW,ROYAL BERKSHIRE NHS FOUNDATION TRUST,NHS THAMES VALLEY INTEGRATED CARE BOARD,X06,Other - Other Services,430,322,2,0.7488,False
RTT-April-2026,2026-04-01,RHW,ROYAL BERKSHIRE NHS FOUNDATION TRUST,NHS THAMES VALLEY INTEGRATED CARE BOARD,X04,Other - Paediatric Services,1570,1359,0,0.8656,False
RTT-April-2026,2026-04-01,RHW,ROYAL BERKSHIRE NHS FOUNDATION TRUST,NHS THAMES VALLEY INTEGRATED CARE BOARD,X05,Other - Surgical Services,19,13,0,0.6842,True
RTT-April-2026,2026-04-01,RHW,ROYAL BERKSHIRE NHS FOUNDATION TRUST,NHS THAMES VALLEY INTEGRATED CARE BOARD,C_160,Plastic Surgery Service,366,287,1,0.7842,False
RTT-April-2026,2026-04-01,RHW,ROYAL BERKSHIRE NHS FOUNDATION TRUST,NHS THAMES VALLEY INTEGRATED CARE BOARD,C_340,Respiratory Medicine Service,1382,1240,0,0.8973,False
RTT-April-2026,2026-04-01,RHW,ROYAL BERKSHIRE NHS FOUNDATION TRUST,NHS THAMES VALLEY INTEGRATED CARE BOARD,C_410,Rheumatology Service,508,419,1,0.8248,False
RTT-April-2026,2026-04-01,RHW,ROYAL BERKSHIRE NHS FOUNDATION TRUST,NHS THAMES VALLEY INTEGRATED CARE BOARD,C_110,Trauma and Orthopaedic Service,2081,1740,4,0.8361,False
RTT-April-2026,2026-04-01,RHW,ROYAL BERKSHIRE NHS FOUNDATION TRUST,NHS THAMES VALLEY INTEGRATED CARE BOARD,C_101,Urology Service,2271,1937,0,0.8529,False
RTT-April-2026,2026-04-01,REF,ROYAL CORNWALL HOSPITALS NHS TRUST,NHS CORNWALL AND THE ISLES OF SCILLY INTEGRATED CARE BOARD,C_320,Cardiology Service,2385,1492,6,0.6256,True
RTT-April-2026,2026-04-01,REF,ROYAL CORNWALL HOSPITALS NHS TRUST,NHS CORNWALL AND THE ISLES OF SCILLY INTEGRATED CARE BOARD,C_330,Dermatology Service,2999,2577,0,0.8593,False
RTT-April-2026,2026-04-01,REF,ROYAL CORNWALL HOSPITALS NHS TRUST,NHS CORNWALL AND THE ISLES OF SCILLY INTEGRATED CARE BOARD,C_120,Ear Nose and Throat Service,3138,2435,2,0.776,False
RTT-April-2026,2026-04-01,REF,ROYAL CORNWALL HOSPITALS NHS TRUST,NHS CORNWALL AND THE ISLES OF SCILLY INTEGRATED CARE BOARD,C_430,Elderly Medicine Service,332,271,0,0.8163,False
RTT-April-2026,2026-04-01,REF,ROYAL CORNWALL HOSPITALS NHS TRUST,NHS CORNWALL AND THE ISLES OF SCILLY INTEGRATED CARE BOARD,C_301,Gastroenterology Service,2386,2165,0,0.9074,False
RTT-April-2026,2026-04-01,REF,ROYAL CORNWALL HOSPITALS NHS TRUST,NHS CORNWALL AND THE ISLES OF SCILLY INTEGRATED CARE BOARD,C_100,General Surgery Service,2007,1225,6,0.6104,True
RTT-April-2026,2026-04-01,REF,ROYAL CORNWALL HOSPITALS NHS TRUST,NHS CORNWALL AND THE ISLES OF SCILLY INTEGRATED CARE BOARD,C_502,Gynaecology Service,3210,2117,23,0.6595,True
RTT-April-2026,2026-04-01,REF,ROYAL CORNWALL HOSPITALS NHS TRUST,NHS CORNWALL AND THE ISLES OF SCILLY INTEGRATED CARE BOARD,C_400,Neurology Service,766,622,1,0.812,False
RTT-April-2026,2026-04-01,REF,ROYAL CORNWALL HOSPITALS NHS TRUST,NHS CORNWALL AND THE ISLES OF SCILLY INTEGRATED CARE BOARD,C_130,Ophthalmology Service,4185,3263,4,0.7797,False
RTT-April-2026,2026-04-01,REF,ROYAL CORNWALL HOSPITALS NHS TRUST,NHS CORNWALL AND THE ISLES OF SCILLY INTEGRATED CARE BOARD,C_140,Oral Surgery Service,2415,1739,7,0.7201,False
RTT-April-2026,2026-04-01,REF,ROYAL CORNWALL HOSPITALS NHS TRUST,NHS CORNWALL AND THE ISLES OF SCILLY INTEGRATED CARE BOARD,X02,Other - Medical Services,5174,4517,0,0.873,False
RTT-April-2026,2026-04-01,REF,ROYAL CORNWALL HOSPITALS NHS TRUST,NHS CORNWALL AND THE ISLES OF SCILLY INTEGRATED CARE BOARD,X06,Other - Other Services,1019,922,1,0.9048,False
RTT-April-2026,2026-04-01,REF,ROYAL CORNWALL HOSPITALS NHS TRUST,NHS CORNWALL AND THE ISLES OF SCILLY INTEGRATED CARE BOARD,X04,Other - Paediatric Services,779,667,0,0.8562,False
RTT-April-2026,2026-04-01,REF,ROYAL CORNWALL HOSPITALS NHS TRUST,NHS CORNWALL AND THE ISLES OF SCILLY INTEGRATED CARE BOARD,X05,Other - Surgical Services,3016,2194,25,0.7275,False
RTT-April-2026,2026-04-01,REF,ROYAL CORNWALL HOSPITALS NHS TRUST,NHS CORNWALL AND THE ISLES OF SCILLY INTEGRATED CARE BOARD,C_340,Respiratory Medicine Service,507,415,0,0.8185,False
RTT-April-2026,2026-04-01,REF,ROYAL CORNWALL HOSPITALS NHS TRUST,NHS CORNWALL AND THE ISLES OF SCILLY INTEGRATED CARE BOARD,C_410,Rheumatology Service,650,610,0,0.9385,False
RTT-April-2026,2026-04-01,REF,ROYAL CORNWALL HOSPITALS NHS TRUST,NHS CORNWALL AND THE ISLES OF SCILLY INTEGRATED CARE BOARD,C_110,Trauma and Orthopaedic Service,5425,2651,222,0.4887,True
RTT-April-2026,2026-04-01,REF,ROYAL CORNWALL HOSPITALS NHS TRUST,NHS CORNWALL AND THE ISLES OF SCILLY INTEGRATED CARE BOARD,C_101,Urology Service,1709,1086,0,0.6355,True
RTT-April-2026,2026-04-01,RH8,ROYAL DEVON UNIVERSITY HEALTHCARE NHS FOUNDATION TRUST,NHS DEVON INTEGRATED CARE BOARD,C_320,Cardiology Service,6497,3872,163,0.596,True
RTT-April-2026,2026-04-01,RH8,ROYAL DEVON UNIVERSITY HEALTHCARE NHS FOUNDATION TRUST,NHS DEVON INTEGRATED CARE BOARD,C_330,Dermatology Service,5112,3337,6,0.6528,True
RTT-April-2026,2026-04-01,RH8,ROYAL DEVON UNIVERSITY HEALTHCARE NHS FOUNDATION TRUST,NHS DEVON INTEGRATED CARE BOARD,C_120,Ear Nose and Throat Service,4752,2654,40,0.5585,True
RTT-April-2026,2026-04-01,RH8,ROYAL DEVON UNIVERSITY HEALTHCARE NHS FOUNDATION TRUST,NHS DEVON INTEGRATED CARE BOARD,C_430,Elderly Medicine Service,356,295,0,0.8287,False
RTT-April-2026,2026-04-01,RH8,ROYAL DEVON UNIVERSITY HEALTHCARE NHS FOUNDATION TRUST,NHS DEVON INTEGRATED CARE BOARD,C_301,Gastroenterology Service,2608,2247,1,0.8616,False
RTT-April-2026,2026-04-01,RH8,ROYAL DEVON UNIVERSITY HEALTHCARE NHS FOUNDATION TRUST,NHS DEVON INTEGRATED CARE BOARD,C_300,General Internal Medicine Service,119,80,1,0.6723,True
RTT-April-2026,2026-04-01,RH8,ROYAL DEVON UNIVERSITY HEALTHCARE NHS FOUNDATION TRUST,NHS DEVON INTEGRATED CARE BOARD,C_100,General Surgery Service,1001,533,35,0.5325,True
RTT-April-2026,2026-04-01,RH8,ROYAL DEVON UNIVERSITY HEALTHCARE NHS FOUNDATION TRUST,NHS DEVON INTEGRATED CARE BOARD,C_502,Gynaecology Service,5031,3068,73,0.6098,True
RTT-April-2026,2026-04-01,RH8,ROYAL DEVON UNIVERSITY HEALTHCARE NHS FOUNDATION TRUST,NHS DEVON INTEGRATED CARE BOARD,C_400,Neurology Service,1706,1029,9,0.6032,True
RTT-April-2026,2026-04-01,RH8,ROYAL DEVON UNIVERSITY HEALTHCARE NHS FOUNDATION TRUST,NHS DEVON INTEGRATED CARE BOARD,C_130,Ophthalmology Service,9092,5504,129,0.6054,True
RTT-April-2026,2026-04-01,RH8,ROYAL DEVON UNIVERSITY HEALTHCARE NHS FOUNDATION TRUST,NHS DEVON INTEGRATED CARE BOARD,C_140,Oral Surgery Service,3005,1841,12,0.6126,True
RTT-April-2026,2026-04-01,RH8,ROYAL DEVON UNIVERSITY HEALTHCARE NHS FOUNDATION TRUST,NHS DEVON INTEGRATED CARE BOARD,X02,Other - Medical Services,6900,5049,52,0.7317,False
RTT-April-2026,2026-04-01,RH8,ROYAL DEVON UNIVERSITY HEALTHCARE NHS FOUNDATION TRUST,NHS DEVON INTEGRATED CARE BOARD,X06,Other - Other Services,1863,1393,15,0.7477,False
RTT-April-2026,2026-04-01,RH8,ROYAL DEVON UNIVERSITY HEALTHCARE NHS FOUNDATION TRUST,NHS DEVON INTEGRATED CARE BOARD,X04,Other - Paediatric Services,1336,909,20,0.6804,True
RTT-April-2026,2026-04-01,RH8,ROYAL DEVON UNIVERSITY HEALTHCARE NHS FOUNDATION TRUST,NHS DEVON INTEGRATED CARE BOARD,X05,Other - Surgical Services,6732,4349,150,0.646,True
RTT-April-2026,2026-04-01,RH8,ROYAL DEVON UNIVERSITY HEALTHCARE NHS FOUNDATION TRUST,NHS DEVON INTEGRATED CARE BOARD,C_160,Plastic Surgery Service,1107,708,3,0.6396,True
RTT-April-2026,2026-04-01,RH8,ROYAL DEVON UNIVERSITY HEALTHCARE NHS FOUNDATION TRUST,NHS DEVON INTEGRATED CARE BOARD,C_340,Respiratory Medicine Service,2043,1329,15,0.6505,True
RTT-April-2026,2026-04-01,RH8,ROYAL DEVON UNIVERSITY HEALTHCARE NHS FOUNDATION TRUST,NHS DEVON INTEGRATED CARE BOARD,C_410,Rheumatology Service,720,616,0,0.8556,False
RTT-April-2026,2026-04-01,RH8,ROYAL DEVON UNIVERSITY HEALTHCARE NHS FOUNDATION TRUST,NHS DEVON INTEGRATED CARE BOARD,C_110,Trauma and Orthopaedic Service,10284,4854,480,0.472,True
RTT-April-2026,2026-04-01,RH8,ROYAL DEVON UNIVERSITY HEALTHCARE NHS FOUNDATION TRUST,NHS DEVON INTEGRATED CARE BOARD,C_101,Urology Service,3482,2280,98,0.6548,True
RTT-April-2026,2026-04-01,RAL,ROYAL FREE LONDON NHS FOUNDATION TRUST,NHS WEST AND NORTH LONDON INTEGRATED CARE BOARD,C_320,Cardiology Service,8644,5647,7,0.6533,True
RTT-April-2026,2026-04-01,RAL,ROYAL FREE LONDON NHS FOUNDATION TRUST,NHS WEST AND NORTH LONDON INTEGRATED CARE BOARD,C_330,Dermatology Service,10126,7524,21,0.743,False
RTT-April-2026,2026-04-01,RAL,ROYAL FREE LONDON NHS FOUNDATION TRUST,NHS WEST AND NORTH LONDON INTEGRATED CARE BOARD,C_120,Ear Nose and Throat Service,10528,6296,313,0.598,True
RTT-April-2026,2026-04-01,RAL,ROYAL FREE LONDON NHS FOUNDATION TRUST,NHS WEST AND NORTH LONDON INTEGRATED CARE BOARD,C_430,Elderly Medicine Service,123,120,0,0.9756,False
RTT-April-2026,2026-04-01,RAL,ROYAL FREE LONDON NHS FOUNDATION TRUST,NHS WEST AND NORTH LONDON INTEGRATED CARE BOARD,C_301,Gastroenterology Service,7737,5348,11,0.6912,True
RTT-April-2026,2026-04-01,RAL,ROYAL FREE LONDON NHS FOUNDATION TRUST,NHS WEST AND NORTH LONDON INTEGRATED CARE BOARD,C_300,General Internal Medicine Service,295,200,0,0.678,True
RTT-April-2026,2026-04-01,RAL,ROYAL FREE LONDON NHS FOUNDATION TRUST,NHS WEST AND NORTH LONDON INTEGRATED CARE BOARD,C_100,General Surgery Service,4257,1765,168,0.4146,True
RTT-April-2026,2026-04-01,RAL,ROYAL FREE LONDON NHS FOUNDATION TRUST,NHS WEST AND NORTH LONDON INTEGRATED CARE BOARD,C_502,Gynaecology Service,8517,5408,164,0.635,True
RTT-April-2026,2026-04-01,RAL,ROYAL FREE LONDON NHS FOUNDATION TRUST,NHS WEST AND NORTH LONDON INTEGRATED CARE BOARD,C_400,Neurology Service,5595,3268,12,0.5841,True
RTT-April-2026,2026-04-01,RAL,ROYAL FREE LONDON NHS FOUNDATION TRUST,NHS WEST AND NORTH LONDON INTEGRATED CARE BOARD,C_150,Neurosurgical Service,1,0,0,0.0,True
RTT-April-2026,2026-04-01,RAL,ROYAL FREE LONDON NHS FOUNDATION TRUST,NHS WEST AND NORTH LONDON INTEGRATED CARE BOARD,C_130,Ophthalmology Service,6958,4526,1,0.6505,True
RTT-April-2026,2026-04-01,RAL,ROYAL FREE LONDON NHS FOUNDATION TRUST,NHS WEST AND NORTH LONDON INTEGRATED CARE BOARD,C_140,Oral Surgery Service,4713,2853,33,0.6053,True
RTT-April-2026,2026-04-01,RAL,ROYAL FREE LONDON NHS FOUNDATION TRUST,NHS WEST AND NORTH LONDON INTEGRATED CARE BOARD,X02,Other - Medical Services,16952,12443,118,0.734,False
RTT-April-2026,2026-04-01,RAL,ROYAL FREE LONDON NHS FOUNDATION TRUST,NHS WEST AND NORTH LONDON INTEGRATED CARE BOARD,X03,Other - Mental Health Services,4,4,0,1.0,False
RTT-April-2026,2026-04-01,RAL,ROYAL FREE LONDON NHS FOUNDATION TRUST,NHS WEST AND NORTH LONDON INTEGRATED CARE BOARD,X06,Other - Other Services,1306,903,17,0.6914,True
RTT-April-2026,2026-04-01,RAL,ROYAL FREE LONDON NHS FOUNDATION TRUST,NHS WEST AND NORTH LONDON INTEGRATED CARE BOARD,X04,Other - Paediatric Services,6187,3813,109,0.6163,True
RTT-April-2026,2026-04-01,RAL,ROYAL FREE LONDON NHS FOUNDATION TRUST,NHS WEST AND NORTH LONDON INTEGRATED CARE BOARD,X05,Other - Surgical Services,14020,8480,160,0.6049,True
RTT-April-2026,2026-04-01,RAL,ROYAL FREE LONDON NHS FOUNDATION TRUST,NHS WEST AND NORTH LONDON INTEGRATED CARE BOARD,C_160,Plastic Surgery Service,2958,1795,31,0.6068,True
RTT-April-2026,2026-04-01,RAL,ROYAL FREE LONDON NHS FOUNDATION TRUST,NHS WEST AND NORTH LONDON INTEGRATED CARE BOARD,C_340,Respiratory Medicine Service,5901,4439,11,0.7522,False
RTT-April-2026,2026-04-01,RAL,ROYAL FREE LONDON NHS FOUNDATION TRUST,NHS WEST AND NORTH LONDON INTEGRATED CARE BOARD,C_410,Rheumatology Service,3009,1828,3,0.6075,True
RTT-April-2026,2026-04-01,RAL,ROYAL FREE LONDON NHS FOUNDATION TRUST,NHS WEST AND NORTH LONDON INTEGRATED CARE BOARD,C_110,Trauma and Orthopaedic Service,10647,5173,459,0.4859,True
RTT-April-2026,2026-04-01,RAL,ROYAL FREE LONDON NHS FOUNDATION TRUST,NHS WEST AND NORTH LONDON INTEGRATED CARE BOARD,C_101,Urology Service,8490,4603,113,0.5422,True
RTT-April-2026,2026-04-01,RAN,ROYAL NATIONAL ORTHOPAEDIC HOSPITAL NHS TRUST,NHS WEST AND NORTH LONDON INTEGRATED CARE BOARD,C_301,Gastroenterology Service,1,1,0,1.0,False
RTT-April-2026,2026-04-01,RAN,ROYAL NATIONAL ORTHOPAEDIC HOSPITAL NHS TRUST,NHS WEST AND NORTH LONDON INTEGRATED CARE BOARD,C_400,Neurology Service,1,1,0,1.0,False
RTT-April-2026,2026-04-01,RAN,ROYAL NATIONAL ORTHOPAEDIC HOSPITAL NHS TRUST,NHS WEST AND NORTH LONDON INTEGRATED CARE BOARD,X02,Other - Medical Services,721,461,0,0.6394,True
RTT-April-2026,2026-04-01,RAN,ROYAL NATIONAL ORTHOPAEDIC HOSPITAL NHS TRUST,NHS WEST AND NORTH LONDON INTEGRATED CARE BOARD,X03,Other - Mental Health Services,6,5,0,0.8333,False
RTT-April-2026,2026-04-01,RAN,ROYAL NATIONAL ORTHOPAEDIC HOSPITAL NHS TRUST,NHS WEST AND NORTH LONDON INTEGRATED CARE BOARD,X06,Other - Other Services,235,203,0,0.8638,False
RTT-April-2026,2026-04-01,RAN,ROYAL NATIONAL ORTHOPAEDIC HOSPITAL NHS TRUST,NHS WEST AND NORTH LONDON INTEGRATED CARE BOARD,X04,Other - Paediatric Services,551,479,0,0.8693,False
RTT-April-2026,2026-04-01,RAN,ROYAL NATIONAL ORTHOPAEDIC HOSPITAL NHS TRUST,NHS WEST AND NORTH LONDON INTEGRATED CARE BOARD,X05,Other - Surgical Services,2164,1411,3,0.652,True
RTT-April-2026,2026-04-01,RAN,ROYAL NATIONAL ORTHOPAEDIC HOSPITAL NHS TRUST,NHS WEST AND NORTH LONDON INTEGRATED CARE BOARD,C_160,Plastic Surgery Service,2,2,0,1.0,False
RTT-April-2026,2026-04-01,RAN,ROYAL NATIONAL ORTHOPAEDIC HOSPITAL NHS TRUST,NHS WEST AND NORTH LONDON INTEGRATED CARE BOARD,C_410,Rheumatology Service,430,356,0,0.8279,False
RTT-April-2026,2026-04-01,RAN,ROYAL NATIONAL ORTHOPAEDIC HOSPITAL NHS TRUST,NHS WEST AND NORTH LONDON INTEGRATED CARE BOARD,C_110,Trauma and Orthopaedic Service,4498,3128,4,0.6954,True
RTT-April-2026,2026-04-01,RAN,ROYAL NATIONAL ORTHOPAEDIC HOSPITAL NHS TRUST,NHS WEST AND NORTH LONDON INTEGRATED CARE BOARD,C_101,Urology Service,128,109,0,0.8516,False
RTT-April-2026,2026-04-01,RGM,ROYAL PAPWORTH HOSPITAL NHS FOUNDATION TRUST,NHS CENTRAL EAST INTEGRATED CARE BOARD,C_320,Cardiology Service,2150,1274,24,0.5926,True
RTT-April-2026,2026-04-01,RGM,ROYAL PAPWORTH HOSPITAL NHS FOUNDATION TRUST,NHS CENTRAL EAST INTEGRATED CARE BOARD,C_170,Cardiothoracic Surgery Service,506,387,1,0.7648,False
RTT-April-2026,2026-04-01,RGM,ROYAL PAPWORTH HOSPITAL NHS FOUNDATION TRUST,NHS CENTRAL EAST INTEGRATED CARE BOARD,C_340,Respiratory Medicine Service,2615,2461,0,0.9411,False
RTT-April-2026,2026-04-01,RA2,ROYAL SURREY NHS FOUNDATION TRUST,NHS SURREY AND SUSSEX INTEGRATED CARE BOARD,C_320,Cardiology Service,1128,742,0,0.6578,True
RTT-April-2026,2026-04-01,RA2,ROYAL SURREY NHS FOUNDATION TRUST,NHS SURREY AND SUSSEX INTEGRATED CARE BOARD,C_120,Ear Nose and Throat Service,3270,1925,38,0.5887,True
RTT-April-2026,2026-04-01,RA2,ROYAL SURREY NHS FOUNDATION TRUST,NHS SURREY AND SUSSEX INTEGRATED CARE BOARD,C_301,Gastroenterology Service,1263,675,48,0.5344,True
RTT-April-2026,2026-04-01,RA2,ROYAL SURREY NHS FOUNDATION TRUST,NHS SURREY AND SUSSEX INTEGRATED CARE BOARD,C_100,General Surgery Service,2825,2189,4,0.7749,False
RTT-April-2026,2026-04-01,RA2,ROYAL SURREY NHS FOUNDATION TRUST,NHS SURREY AND SUSSEX INTEGRATED CARE BOARD,C_502,Gynaecology Service,2176,1388,23,0.6379,True
RTT-April-2026,2026-04-01,RA2,ROYAL SURREY NHS FOUNDATION TRUST,NHS SURREY AND SUSSEX INTEGRATED CARE BOARD,C_400,Neurology Service,763,425,15,0.557,True
RTT-April-2026,2026-04-01,RA2,ROYAL SURREY NHS FOUNDATION TRUST,NHS SURREY AND SUSSEX INTEGRATED CARE BOARD,C_130,Ophthalmology Service,2193,1359,0,0.6197,True
RTT-April-2026,2026-04-01,RA2,ROYAL SURREY NHS FOUNDATION TRUST,NHS SURREY AND SUSSEX INTEGRATED CARE BOARD,C_140,Oral Surgery Service,3811,1813,81,0.4757,True
RTT-April-2026,2026-04-01,RA2,ROYAL SURREY NHS FOUNDATION TRUST,NHS SURREY AND SUSSEX INTEGRATED CARE BOARD,X02,Other - Medical Services,3182,2151,33,0.676,True
RTT-April-2026,2026-04-01,RA2,ROYAL SURREY NHS FOUNDATION TRUST,NHS SURREY AND SUSSEX INTEGRATED CARE BOARD,X06,Other - Other Services,889,815,2,0.9168,False
RTT-April-2026,2026-04-01,RA2,ROYAL SURREY NHS FOUNDATION TRUST,NHS SURREY AND SUSSEX INTEGRATED CARE BOARD,X04,Other - Paediatric Services,521,487,0,0.9347,False
RTT-April-2026,2026-04-01,RA2,ROYAL SURREY NHS FOUNDATION TRUST,NHS SURREY AND SUSSEX INTEGRATED CARE BOARD,X05,Other - Surgical Services,817,694,3,0.8494,False
RTT-April-2026,2026-04-01,RA2,ROYAL SURREY NHS FOUNDATION TRUST,NHS SURREY AND SUSSEX INTEGRATED CARE BOARD,C_160,Plastic Surgery Service,136,110,0,0.8088,False
RTT-April-2026,2026-04-01,RA2,ROYAL SURREY NHS FOUNDATION TRUST,NHS SURREY AND SUSSEX INTEGRATED CARE BOARD,C_340,Respiratory Medicine Service,537,420,0,0.7821,False
RTT-April-2026,2026-04-01,RA2,ROYAL SURREY NHS FOUNDATION TRUST,NHS SURREY AND SUSSEX INTEGRATED CARE BOARD,C_410,Rheumatology Service,274,263,0,0.9599,False
RTT-April-2026,2026-04-01,RA2,ROYAL SURREY NHS FOUNDATION TRUST,NHS SURREY AND SUSSEX INTEGRATED CARE BOARD,C_110,Trauma and Orthopaedic Service,5866,3185,169,0.543,True
RTT-April-2026,2026-04-01,RA2,ROYAL SURREY NHS FOUNDATION TRUST,NHS SURREY AND SUSSEX INTEGRATED CARE BOARD,C_101,Urology Service,1372,1029,0,0.75,False
RTT-April-2026,2026-04-01,RD1,ROYAL UNITED HOSPITALS BATH NHS FOUNDATION TRUST,"NHS BATH AND NORTH EAST SOMERSET, SWINDON AND WILTSHIRE INTEGRATED CARE BOARD",C_320,Cardiology Service,3764,2662,20,0.7072,False
RTT-April-2026,2026-04-01,RD1,ROYAL UNITED HOSPITALS BATH NHS FOUNDATION TRUST,"NHS BATH AND NORTH EAST SOMERSET, SWINDON AND WILTSHIRE INTEGRATED CARE BOARD",C_330,Dermatology Service,1886,1346,2,0.7137,False
RTT-April-2026,2026-04-01,RD1,ROYAL UNITED HOSPITALS BATH NHS FOUNDATION TRUST,"NHS BATH AND NORTH EAST SOMERSET, SWINDON AND WILTSHIRE INTEGRATED CARE BOARD",C_120,Ear Nose and Throat Service,2883,1722,21,0.5973,True
RTT-April-2026,2026-04-01,RD1,ROYAL UNITED HOSPITALS BATH NHS FOUNDATION TRUST,"NHS BATH AND NORTH EAST SOMERSET, SWINDON AND WILTSHIRE INTEGRATED CARE BOARD",C_430,Elderly Medicine Service,149,143,0,0.9597,False
RTT-April-2026,2026-04-01,RD1,ROYAL UNITED HOSPITALS BATH NHS FOUNDATION TRUST,"NHS BATH AND NORTH EAST SOMERSET, SWINDON AND WILTSHIRE INTEGRATED CARE BOARD",C_301,Gastroenterology Service,1982,1745,4,0.8804,False
RTT-April-2026,2026-04-01,RD1,ROYAL UNITED HOSPITALS BATH NHS FOUNDATION TRUST,"NHS BATH AND NORTH EAST SOMERSET, SWINDON AND WILTSHIRE INTEGRATED CARE BOARD",C_300,General Internal Medicine Service,46,46,0,1.0,False
RTT-April-2026,2026-04-01,RD1,ROYAL UNITED HOSPITALS BATH NHS FOUNDATION TRUST,"NHS BATH AND NORTH EAST SOMERSET, SWINDON AND WILTSHIRE INTEGRATED CARE BOARD",C_100,General Surgery Service,4006,2521,36,0.6293,True
RTT-April-2026,2026-04-01,RD1,ROYAL UNITED HOSPITALS BATH NHS FOUNDATION TRUST,"NHS BATH AND NORTH EAST SOMERSET, SWINDON AND WILTSHIRE INTEGRATED CARE BOARD",C_502,Gynaecology Service,2724,2081,2,0.764,False
RTT-April-2026,2026-04-01,RD1,ROYAL UNITED HOSPITALS BATH NHS FOUNDATION TRUST,"NHS BATH AND NORTH EAST SOMERSET, SWINDON AND WILTSHIRE INTEGRATED CARE BOARD",C_400,Neurology Service,1654,786,1,0.4752,True
RTT-April-2026,2026-04-01,RD1,ROYAL UNITED HOSPITALS BATH NHS FOUNDATION TRUST,"NHS BATH AND NORTH EAST SOMERSET, SWINDON AND WILTSHIRE INTEGRATED CARE BOARD",C_130,Ophthalmology Service,2678,2350,0,0.8775,False
RTT-April-2026,2026-04-01,RD1,ROYAL UNITED HOSPITALS BATH NHS FOUNDATION TRUST,"NHS BATH AND NORTH EAST SOMERSET, SWINDON AND WILTSHIRE INTEGRATED CARE BOARD",C_140,Oral Surgery Service,3209,1848,10,0.5759,True
RTT-April-2026,2026-04-01,RD1,ROYAL UNITED HOSPITALS BATH NHS FOUNDATION TRUST,"NHS BATH AND NORTH EAST SOMERSET, SWINDON AND WILTSHIRE INTEGRATED CARE BOARD",X02,Other - Medical Services,3967,3019,52,0.761,False
RTT-April-2026,2026-04-01,RD1,ROYAL UNITED HOSPITALS BATH NHS FOUNDATION TRUST,"NHS BATH AND NORTH EAST SOMERSET, SWINDON AND WILTSHIRE INTEGRATED CARE BOARD",X06,Other - Other Services,774,717,0,0.9264,False
RTT-April-2026,2026-04-01,RD1,ROYAL UNITED HOSPITALS BATH NHS FOUNDATION TRUST,"NHS BATH AND NORTH EAST SOMERSET, SWINDON AND WILTSHIRE INTEGRATED CARE BOARD",X04,Other - Paediatric Services,1421,852,3,0.5996,True
RTT-April-2026,2026-04-01,RD1,ROYAL UNITED HOSPITALS BATH NHS FOUNDATION TRUST,"NHS BATH AND NORTH EAST SOMERSET, SWINDON AND WILTSHIRE INTEGRATED CARE BOARD",X05,Other - Surgical Services,1974,1451,3,0.7351,False
RTT-April-2026,2026-04-01,RD1,ROYAL UNITED HOSPITALS BATH NHS FOUNDATION TRUST,"NHS BATH AND NORTH EAST SOMERSET, SWINDON AND WILTSHIRE INTEGRATED CARE BOARD",C_340,Respiratory Medicine Service,510,490,0,0.9608,False
RTT-April-2026,2026-04-01,RD1,ROYAL UNITED HOSPITALS BATH NHS FOUNDATION TRUST,"NHS BATH AND NORTH EAST SOMERSET, SWINDON AND WILTSHIRE INTEGRATED CARE BOARD",C_410,Rheumatology Service,1483,997,0,0.6723,True
RTT-April-2026,2026-04-01,RD1,ROYAL UNITED HOSPITALS BATH NHS FOUNDATION TRUST,"NHS BATH AND NORTH EAST SOMERSET, SWINDON AND WILTSHIRE INTEGRATED CARE BOARD",C_110,Trauma and Orthopaedic Service,1963,1219,14,0.621,True
RTT-April-2026,2026-04-01,RD1,ROYAL UNITED HOSPITALS BATH NHS FOUNDATION TRUST,"NHS BATH AND NORTH EAST SOMERSET, SWINDON AND WILTSHIRE INTEGRATED CARE BOARD",C_101,Urology Service,2164,1577,15,0.7287,False
RTT-April-2026,2026-04-01,NT431,RUNNYMEDE HOSPITAL,NHS SURREY AND SUSSEX INTEGRATED CARE BOARD,C_301,Gastroenterology Service,33,26,0,0.7879,False
RTT-April-2026,2026-04-01,NT431,RUNNYMEDE HOSPITAL,NHS SURREY AND SUSSEX INTEGRATED CARE BOARD,C_100,General Surgery Service,49,36,0,0.7347,False
RTT-April-2026,2026-04-01,NT431,RUNNYMEDE HOSPITAL,NHS SURREY AND SUSSEX INTEGRATED CARE BOARD,C_130,Ophthalmology Service,1,1,0,1.0,False
RTT-April-2026,2026-04-01,NT431,RUNNYMEDE HOSPITAL,NHS SURREY AND SUSSEX INTEGRATED CARE BOARD,X06,Other - Other Services,2,2,0,1.0,False
RTT-April-2026,2026-04-01,NT431,RUNNYMEDE HOSPITAL,NHS SURREY AND SUSSEX INTEGRATED CARE BOARD,C_110,Trauma and Orthopaedic Service,139,109,2,0.7842,False
RTT-April-2026,2026-04-01,RNZ,SALISBURY NHS FOUNDATION TRUST,"NHS BATH AND NORTH EAST SOMERSET, SWINDON AND WILTSHIRE INTEGRATED CARE BOARD",C_320,Cardiology Service,2033,1224,18,0.6021,True
RTT-April-2026,2026-04-01,RNZ,SALISBURY NHS FOUNDATION TRUST,"NHS BATH AND NORTH EAST SOMERSET, SWINDON AND WILTSHIRE INTEGRATED CARE BOARD",C_330,Dermatology Service,600,112,2,0.1867,True
RTT-April-2026,2026-04-01,RNZ,SALISBURY NHS FOUNDATION TRUST,"NHS BATH AND NORTH EAST SOMERSET, SWINDON AND WILTSHIRE INTEGRATED CARE BOARD",C_120,Ear Nose and Throat Service,2916,1869,2,0.6409,True
RTT-April-2026,2026-04-01,RNZ,SALISBURY NHS FOUNDATION TRUST,"NHS BATH AND NORTH EAST SOMERSET, SWINDON AND WILTSHIRE INTEGRATED CARE BOARD",C_430,Elderly Medicine Service,239,167,0,0.6987,True
RTT-April-2026,2026-04-01,RNZ,SALISBURY NHS FOUNDATION TRUST,"NHS BATH AND NORTH EAST SOMERSET, SWINDON AND WILTSHIRE INTEGRATED CARE BOARD",C_301,Gastroenterology Service,1640,1153,3,0.703,False
RTT-April-2026,2026-04-01,RNZ,SALISBURY NHS FOUNDATION TRUST,"NHS BATH AND NORTH EAST SOMERSET, SWINDON AND WILTSHIRE INTEGRATED CARE BOARD",C_300,General Internal Medicine Service,10,10,0,1.0,False
RTT-April-2026,2026-04-01,RNZ,SALISBURY NHS FOUNDATION TRUST,"NHS BATH AND NORTH EAST SOMERSET, SWINDON AND WILTSHIRE INTEGRATED CARE BOARD",C_100,General Surgery Service,1087,762,1,0.701,False
RTT-April-2026,2026-04-01,RNZ,SALISBURY NHS FOUNDATION TRUST,"NHS BATH AND NORTH EAST SOMERSET, SWINDON AND WILTSHIRE INTEGRATED CARE BOARD",C_502,Gynaecology Service,2584,1699,3,0.6575,True
RTT-April-2026,2026-04-01,RNZ,SALISBURY NHS FOUNDATION TRUST,"NHS BATH AND NORTH EAST SOMERSET, SWINDON AND WILTSHIRE INTEGRATED CARE BOARD",C_130,Ophthalmology Service,1903,1584,0,0.8324,False
RTT-April-2026,2026-04-01,RNZ,SALISBURY NHS FOUNDATION TRUST,"NHS BATH AND NORTH EAST SOMERSET, SWINDON AND WILTSHIRE INTEGRATED CARE BOARD",C_140,Oral Surgery Service,1865,1294,0,0.6938,True
RTT-April-2026,2026-04-01,RNZ,SALISBURY NHS FOUNDATION TRUST,"NHS BATH AND NORTH EAST SOMERSET, SWINDON AND WILTSHIRE INTEGRATED CARE BOARD",X02,Other - Medical Services,3376,2615,3,0.7746,False
RTT-April-2026,2026-04-01,RNZ,SALISBURY NHS FOUNDATION TRUST,"NHS BATH AND NORTH EAST SOMERSET, SWINDON AND WILTSHIRE INTEGRATED CARE BOARD",X03,Other - Mental Health Services,92,83,0,0.9022,False
RTT-April-2026,2026-04-01,RNZ,SALISBURY NHS FOUNDATION TRUST,"NHS BATH AND NORTH EAST SOMERSET, SWINDON AND WILTSHIRE INTEGRATED CARE BOARD",X06,Other - Other Services,988,905,2,0.916,False
RTT-April-2026,2026-04-01,RNZ,SALISBURY NHS FOUNDATION TRUST,"NHS BATH AND NORTH EAST SOMERSET, SWINDON AND WILTSHIRE INTEGRATED CARE BOARD",X04,Other - Paediatric Services,179,108,0,0.6034,True
RTT-April-2026,2026-04-01,RNZ,SALISBURY NHS FOUNDATION TRUST,"NHS BATH AND NORTH EAST SOMERSET, SWINDON AND WILTSHIRE INTEGRATED CARE BOARD",X05,Other - Surgical Services,1656,1352,0,0.8164,False
RTT-April-2026,2026-04-01,RNZ,SALISBURY NHS FOUNDATION TRUST,"NHS BATH AND NORTH EAST SOMERSET, SWINDON AND WILTSHIRE INTEGRATED CARE BOARD",C_160,Plastic Surgery Service,1964,1442,6,0.7342,False
RTT-April-2026,2026-04-01,RNZ,SALISBURY NHS FOUNDATION TRUST,"NHS BATH AND NORTH EAST SOMERSET, SWINDON AND WILTSHIRE INTEGRATED CARE BOARD",C_340,Respiratory Medicine Service,976,695,0,0.7121,False
RTT-April-2026,2026-04-01,RNZ,SALISBURY NHS FOUNDATION TRUST,"NHS BATH AND NORTH EAST SOMERSET, SWINDON AND WILTSHIRE INTEGRATED CARE BOARD",C_410,Rheumatology Service,630,380,0,0.6032,True
RTT-April-2026,2026-04-01,RNZ,SALISBURY NHS FOUNDATION TRUST,"NHS BATH AND NORTH EAST SOMERSET, SWINDON AND WILTSHIRE INTEGRATED CARE BOARD",C_110,Trauma and Orthopaedic Service,2843,2017,2,0.7095,False
RTT-April-2026,2026-04-01,RNZ,SALISBURY NHS FOUNDATION TRUST,"NHS BATH AND NORTH EAST SOMERSET, SWINDON AND WILTSHIRE INTEGRATED CARE BOARD",C_101,Urology Service,2521,2060,3,0.8171,False
RTT-April-2026,2026-04-01,RXK,SANDWELL AND WEST BIRMINGHAM HOSPITALS NHS TRUST,NHS BLACK COUNTRY INTEGRATED CARE BOARD,C_320,Cardiology Service,5358,2779,84,0.5187,True
RTT-April-2026,2026-04-01,RXK,SANDWELL AND WEST BIRMINGHAM HOSPITALS NHS TRUST,NHS BLACK COUNTRY INTEGRATED CARE BOARD,C_170,Cardiothoracic Surgery Service,13,13,0,1.0,False
RTT-April-2026,2026-04-01,RXK,SANDWELL AND WEST BIRMINGHAM HOSPITALS NHS TRUST,NHS BLACK COUNTRY INTEGRATED CARE BOARD,C_330,Dermatology Service,3311,1987,2,0.6001,True
RTT-April-2026,2026-04-01,RXK,SANDWELL AND WEST BIRMINGHAM HOSPITALS NHS TRUST,NHS BLACK COUNTRY INTEGRATED CARE BOARD,C_120,Ear Nose and Throat Service,7013,3214,92,0.4583,True
RTT-April-2026,2026-04-01,RXK,SANDWELL AND WEST BIRMINGHAM HOSPITALS NHS TRUST,NHS BLACK COUNTRY INTEGRATED CARE BOARD,C_430,Elderly Medicine Service,29,27,0,0.931,False
RTT-April-2026,2026-04-01,RXK,SANDWELL AND WEST BIRMINGHAM HOSPITALS NHS TRUST,NHS BLACK COUNTRY INTEGRATED CARE BOARD,C_301,Gastroenterology Service,2663,1373,31,0.5156,True
RTT-April-2026,2026-04-01,RXK,SANDWELL AND WEST BIRMINGHAM HOSPITALS NHS TRUST,NHS BLACK COUNTRY INTEGRATED CARE BOARD,C_100,General Surgery Service,4613,3003,24,0.651,True
RTT-April-2026,2026-04-01,RXK,SANDWELL AND WEST BIRMINGHAM HOSPITALS NHS TRUST,NHS BLACK COUNTRY INTEGRATED CARE BOARD,C_502,Gynaecology Service,5069,3020,27,0.5958,True
RTT-April-2026,2026-04-01,RXK,SANDWELL AND WEST BIRMINGHAM HOSPITALS NHS TRUST,NHS BLACK COUNTRY INTEGRATED CARE BOARD,C_400,Neurology Service,1600,677,0,0.4231,True
RTT-April-2026,2026-04-01,RXK,SANDWELL AND WEST BIRMINGHAM HOSPITALS NHS TRUST,NHS BLACK COUNTRY INTEGRATED CARE BOARD,C_130,Ophthalmology Service,7859,6028,3,0.767,False
RTT-April-2026,2026-04-01,RXK,SANDWELL AND WEST BIRMINGHAM HOSPITALS NHS TRUST,NHS BLACK COUNTRY INTEGRATED CARE BOARD,C_140,Oral Surgery Service,1390,956,0,0.6878,True
RTT-April-2026,2026-04-01,RXK,SANDWELL AND WEST BIRMINGHAM HOSPITALS NHS TRUST,NHS BLACK COUNTRY INTEGRATED CARE BOARD,X02,Other - Medical Services,3065,1874,4,0.6114,True
RTT-April-2026,2026-04-01,RXK,SANDWELL AND WEST BIRMINGHAM HOSPITALS NHS TRUST,NHS BLACK COUNTRY INTEGRATED CARE BOARD,X06,Other - Other Services,643,112,8,0.1742,True
RTT-April-2026,2026-04-01,RXK,SANDWELL AND WEST BIRMINGHAM HOSPITALS NHS TRUST,NHS BLACK COUNTRY INTEGRATED CARE BOARD,X04,Other - Paediatric Services,5950,4127,34,0.6936,True
RTT-April-2026,2026-04-01,RXK,SANDWELL AND WEST BIRMINGHAM HOSPITALS NHS TRUST,NHS BLACK COUNTRY INTEGRATED CARE BOARD,X05,Other - Surgical Services,5247,3461,0,0.6596,True
RTT-April-2026,2026-04-01,RXK,SANDWELL AND WEST BIRMINGHAM HOSPITALS NHS TRUST,NHS BLACK COUNTRY INTEGRATED CARE BOARD,C_160,Plastic Surgery Service,614,385,0,0.627,True
RTT-April-2026,2026-04-01,RXK,SANDWELL AND WEST BIRMINGHAM HOSPITALS NHS TRUST,NHS BLACK COUNTRY INTEGRATED CARE BOARD,C_340,Respiratory Medicine Service,1839,1703,1,0.926,False
RTT-April-2026,2026-04-01,RXK,SANDWELL AND WEST BIRMINGHAM HOSPITALS NHS TRUST,NHS BLACK COUNTRY INTEGRATED CARE BOARD,C_410,Rheumatology Service,507,462,0,0.9112,False
RTT-April-2026,2026-04-01,RXK,SANDWELL AND WEST BIRMINGHAM HOSPITALS NHS TRUST,NHS BLACK COUNTRY INTEGRATED CARE BOARD,C_110,Trauma and Orthopaedic Service,5412,3383,7,0.6251,True
RTT-April-2026,2026-04-01,RXK,SANDWELL AND WEST BIRMINGHAM HOSPITALS NHS TRUST,NHS BLACK COUNTRY INTEGRATED CARE BOARD,C_101,Urology Service,3435,2278,2,0.6632,True
RTT-April-2026,2026-04-01,NT433,SARUM ROAD HOSPITAL,NHS HAMPSHIRE AND ISLE OF WIGHT INTEGRATED CARE BOARD,C_330,Dermatology Service,1,0,0,0.0,True
RTT-April-2026,2026-04-01,NT433,SARUM ROAD HOSPITAL,NHS HAMPSHIRE AND ISLE OF WIGHT INTEGRATED CARE BOARD,C_100,General Surgery Service,7,0,0,0.0,True
RTT-April-2026,2026-04-01,NT433,SARUM ROAD HOSPITAL,NHS HAMPSHIRE AND ISLE OF WIGHT INTEGRATED CARE BOARD,X06,Other - Other Services,1,1,0,1.0,False
RTT-April-2026,2026-04-01,NT433,SARUM ROAD HOSPITAL,NHS HAMPSHIRE AND ISLE OF WIGHT INTEGRATED CARE BOARD,C_110,Trauma and Orthopaedic Service,275,136,2,0.4945,True
RTT-April-2026,2026-04-01,NT434,SAXON CLINIC,NHS CENTRAL EAST INTEGRATED CARE BOARD,C_301,Gastroenterology Service,58,38,0,0.6552,True
RTT-April-2026,2026-04-01,NT434,SAXON CLINIC,NHS CENTRAL EAST INTEGRATED CARE BOARD,C_100,General Surgery Service,165,106,1,0.6424,True
RTT-April-2026,2026-04-01,NT434,SAXON CLINIC,NHS CENTRAL EAST INTEGRATED CARE BOARD,X06,Other - Other Services,2,1,0,0.5,True
RTT-April-2026,2026-04-01,NT434,SAXON CLINIC,NHS CENTRAL EAST INTEGRATED CARE BOARD,C_110,Trauma and Orthopaedic Service,560,248,7,0.4429,True
RTT-April-2026,2026-04-01,RCU,SHEFFIELD CHILDREN'S NHS FOUNDATION TRUST,NHS SOUTH YORKSHIRE INTEGRATED CARE BOARD,C_140,Oral Surgery Service,38,9,2,0.2368,True
RTT-April-2026,2026-04-01,RCU,SHEFFIELD CHILDREN'S NHS FOUNDATION TRUST,NHS SOUTH YORKSHIRE INTEGRATED CARE BOARD,X04,Other - Paediatric Services,11270,8195,158,0.7272,False
RTT-April-2026,2026-04-01,NT435,SHELBURNE HOSPITAL,NHS THAMES VALLEY INTEGRATED CARE BOARD,C_100,General Surgery Service,8,7,0,0.875,False
RTT-April-2026,2026-04-01,NT435,SHELBURNE HOSPITAL,NHS THAMES VALLEY INTEGRATED CARE BOARD,X06,Other - Other Services,68,55,0,0.8088,False
RTT-April-2026,2026-04-01,NT435,SHELBURNE HOSPITAL,NHS THAMES VALLEY INTEGRATED CARE BOARD,C_110,Trauma and Orthopaedic Service,61,36,0,0.5902,True
RTT-April-2026,2026-04-01,NT435,SHELBURNE HOSPITAL,NHS THAMES VALLEY INTEGRATED CARE BOARD,C_101,Urology Service,12,9,0,0.75,False
RTT-April-2026,2026-04-01,RK5,SHERWOOD FOREST HOSPITALS NHS FOUNDATION TRUST,NHS NOTTINGHAM AND NOTTINGHAMSHIRE INTEGRATED CARE BOARD,C_320,Cardiology Service,1930,1227,16,0.6358,True
RTT-April-2026,2026-04-01,RK5,SHERWOOD FOREST HOSPITALS NHS FOUNDATION TRUST,NHS NOTTINGHAM AND NOTTINGHAMSHIRE INTEGRATED CARE BOARD,C_330,Dermatology Service,1934,1371,1,0.7089,False
RTT-April-2026,2026-04-01,RK5,SHERWOOD FOREST HOSPITALS NHS FOUNDATION TRUST,NHS NOTTINGHAM AND NOTTINGHAMSHIRE INTEGRATED CARE BOARD,C_120,Ear Nose and Throat Service,3479,2262,38,0.6502,True
RTT-April-2026,2026-04-01,RK5,SHERWOOD FOREST HOSPITALS NHS FOUNDATION TRUST,NHS NOTTINGHAM AND NOTTINGHAMSHIRE INTEGRATED CARE BOARD,C_430,Elderly Medicine Service,69,69,0,1.0,False
RTT-April-2026,2026-04-01,RK5,SHERWOOD FOREST HOSPITALS NHS FOUNDATION TRUST,NHS NOTTINGHAM AND NOTTINGHAMSHIRE INTEGRATED CARE BOARD,C_301,Gastroenterology Service,3268,2005,38,0.6135,True
RTT-April-2026,2026-04-01,RK5,SHERWOOD FOREST HOSPITALS NHS FOUNDATION TRUST,NHS NOTTINGHAM AND NOTTINGHAMSHIRE INTEGRATED CARE BOARD,C_100,General Surgery Service,4076,2413,35,0.592,True
RTT-April-2026,2026-04-01,RK5,SHERWOOD FOREST HOSPITALS NHS FOUNDATION TRUST,NHS NOTTINGHAM AND NOTTINGHAMSHIRE INTEGRATED CARE BOARD,C_502,Gynaecology Service,3164,1860,95,0.5879,True
RTT-April-2026,2026-04-01,RK5,SHERWOOD FOREST HOSPITALS NHS FOUNDATION TRUST,NHS NOTTINGHAM AND NOTTINGHAMSHIRE INTEGRATED CARE BOARD,C_130,Ophthalmology Service,3282,2010,7,0.6124,True
RTT-April-2026,2026-04-01,RK5,SHERWOOD FOREST HOSPITALS NHS FOUNDATION TRUST,NHS NOTTINGHAM AND NOTTINGHAMSHIRE INTEGRATED CARE BOARD,C_140,Oral Surgery Service,1332,651,77,0.4887,True
RTT-April-2026,2026-04-01,RK5,SHERWOOD FOREST HOSPITALS NHS FOUNDATION TRUST,NHS NOTTINGHAM AND NOTTINGHAMSHIRE INTEGRATED CARE BOARD,X02,Other - Medical Services,2330,1332,10,0.5717,True
RTT-April-2026,2026-04-01,RK5,SHERWOOD FOREST HOSPITALS NHS FOUNDATION TRUST,NHS NOTTINGHAM AND NOTTINGHAMSHIRE INTEGRATED CARE BOARD,X04,Other - Paediatric Services,974,890,1,0.9138,False
RTT-April-2026,2026-04-01,RK5,SHERWOOD FOREST HOSPITALS NHS FOUNDATION TRUST,NHS NOTTINGHAM AND NOTTINGHAMSHIRE INTEGRATED CARE BOARD,X05,Other - Surgical Services,141,97,0,0.6879,True
RTT-April-2026,2026-04-01,RK5,SHERWOOD FOREST HOSPITALS NHS FOUNDATION TRUST,NHS NOTTINGHAM AND NOTTINGHAMSHIRE INTEGRATED CARE BOARD,C_160,Plastic Surgery Service,143,65,0,0.4545,True
RTT-April-2026,2026-04-01,RK5,SHERWOOD FOREST HOSPITALS NHS FOUNDATION TRUST,NHS NOTTINGHAM AND NOTTINGHAMSHIRE INTEGRATED CARE BOARD,C_340,Respiratory Medicine Service,1598,1414,0,0.8849,False
RTT-April-2026,2026-04-01,RK5,SHERWOOD FOREST HOSPITALS NHS FOUNDATION TRUST,NHS NOTTINGHAM AND NOTTINGHAMSHIRE INTEGRATED CARE BOARD,C_410,Rheumatology Service,130,129,0,0.9923,False
RTT-April-2026,2026-04-01,RK5,SHERWOOD FOREST HOSPITALS NHS FOUNDATION TRUST,NHS NOTTINGHAM AND NOTTINGHAMSHIRE INTEGRATED CARE BOARD,C_110,Trauma and Orthopaedic Service,3059,1804,22,0.5897,True
RTT-April-2026,2026-04-01,RK5,SHERWOOD FOREST HOSPITALS NHS FOUNDATION TRUST,NHS NOTTINGHAM AND NOTTINGHAMSHIRE INTEGRATED CARE BOARD,C_101,Urology Service,2354,1583,8,0.6725,True
RTT-April-2026,2026-04-01,NT436,SHIRLEY OAKS HOSPITAL,NHS SOUTH WEST LONDON INTEGRATED CARE BOARD,C_301,Gastroenterology Service,186,153,0,0.8226,False
RTT-April-2026,2026-04-01,NT436,SHIRLEY OAKS HOSPITAL,NHS SOUTH WEST LONDON INTEGRATED CARE BOARD,C_100,General Surgery Service,61,43,0,0.7049,False
RTT-April-2026,2026-04-01,NT436,SHIRLEY OAKS HOSPITAL,NHS SOUTH WEST LONDON INTEGRATED CARE BOARD,C_502,Gynaecology Service,16,4,0,0.25,True
RTT-April-2026,2026-04-01,NT436,SHIRLEY OAKS HOSPITAL,NHS SOUTH WEST LONDON INTEGRATED CARE BOARD,C_400,Neurology Service,1,0,0,0.0,True
RTT-April-2026,2026-04-01,NT436,SHIRLEY OAKS HOSPITAL,NHS SOUTH WEST LONDON INTEGRATED CARE BOARD,C_130,Ophthalmology Service,51,35,0,0.6863,True
RTT-April-2026,2026-04-01,NT436,SHIRLEY OAKS HOSPITAL,NHS SOUTH WEST LONDON INTEGRATED CARE BOARD,X06,Other - Other Services,125,81,0,0.648,True
RTT-April-2026,2026-04-01,NT436,SHIRLEY OAKS HOSPITAL,NHS SOUTH WEST LONDON INTEGRATED CARE BOARD,C_410,Rheumatology Service,1,0,0,0.0,True
RTT-April-2026,2026-04-01,NT436,SHIRLEY OAKS HOSPITAL,NHS SOUTH WEST LONDON INTEGRATED CARE BOARD,C_110,Trauma and Orthopaedic Service,452,330,3,0.7301,False
RTT-April-2026,2026-04-01,NT436,SHIRLEY OAKS HOSPITAL,NHS SOUTH WEST LONDON INTEGRATED CARE BOARD,C_101,Urology Service,125,97,0,0.776,False
RTT-April-2026,2026-04-01,R1D,SHROPSHIRE COMMUNITY HEALTH NHS TRUST,"NHS SHROPSHIRE, TELFORD AND WREKIN INTEGRATED CARE BOARD",C_320,Cardiology Service,90,56,0,0.6222,True
RTT-April-2026,2026-04-01,R1D,SHROPSHIRE COMMUNITY HEALTH NHS TRUST,"NHS SHROPSHIRE, TELFORD AND WREKIN INTEGRATED CARE BOARD",C_120,Ear Nose and Throat Service,321,234,0,0.729,False
RTT-April-2026,2026-04-01,R1D,SHROPSHIRE COMMUNITY HEALTH NHS TRUST,"NHS SHROPSHIRE, TELFORD AND WREKIN INTEGRATED CARE BOARD",C_100,General Surgery Service,44,33,0,0.75,False
RTT-April-2026,2026-04-01,R1D,SHROPSHIRE COMMUNITY HEALTH NHS TRUST,"NHS SHROPSHIRE, TELFORD AND WREKIN INTEGRATED CARE BOARD",C_502,Gynaecology Service,103,74,0,0.7184,False
RTT-April-2026,2026-04-01,R1D,SHROPSHIRE COMMUNITY HEALTH NHS TRUST,"NHS SHROPSHIRE, TELFORD AND WREKIN INTEGRATED CARE BOARD",C_140,Oral Surgery Service,359,201,0,0.5599,True
RTT-April-2026,2026-04-01,R1D,SHROPSHIRE COMMUNITY HEALTH NHS TRUST,"NHS SHROPSHIRE, TELFORD AND WREKIN INTEGRATED CARE BOARD",X04,Other - Paediatric Services,44,25,0,0.5682,True
RTT-April-2026,2026-04-01,R1D,SHROPSHIRE COMMUNITY HEALTH NHS TRUST,"NHS SHROPSHIRE, TELFORD AND WREKIN INTEGRATED CARE BOARD",C_340,Respiratory Medicine Service,54,33,0,0.6111,True
RTT-April-2026,2026-04-01,R1D,SHROPSHIRE COMMUNITY HEALTH NHS TRUST,"NHS SHROPSHIRE, TELFORD AND WREKIN INTEGRATED CARE BOARD",C_410,Rheumatology Service,24,16,0,0.6667,True
RTT-April-2026,2026-04-01,R1D,SHROPSHIRE COMMUNITY HEALTH NHS TRUST,"NHS SHROPSHIRE, TELFORD AND WREKIN INTEGRATED CARE BOARD",C_110,Trauma and Orthopaedic Service,6924,5743,0,0.8294,False
RTT-April-2026,2026-04-01,NLX,SIRONA CARE & HEALTH,"NHS BRISTOL, NORTH SOMERSET AND SOUTH GLOUCESTERSHIRE INTEGRATED CARE BOARD",C_110,Trauma and Orthopaedic Service,5230,4234,0,0.8096,False
RTT-April-2026,2026-04-01,NT437,SLOANE HOSPITAL,NHS SOUTH EAST LONDON INTEGRATED CARE BOARD,C_301,Gastroenterology Service,32,24,0,0.75,False
RTT-April-2026,2026-04-01,NT437,SLOANE HOSPITAL,NHS SOUTH EAST LONDON INTEGRATED CARE BOARD,C_100,General Surgery Service,113,85,0,0.7522,False
RTT-April-2026,2026-04-01,NT437,SLOANE HOSPITAL,NHS SOUTH EAST LONDON INTEGRATED CARE BOARD,C_150,Neurosurgical Service,2,2,0,1.0,False
RTT-April-2026,2026-04-01,NT437,SLOANE HOSPITAL,NHS SOUTH EAST LONDON INTEGRATED CARE BOARD,X06,Other - Other Services,236,204,1,0.8644,False
RTT-April-2026,2026-04-01,NT437,SLOANE HOSPITAL,NHS SOUTH EAST LONDON INTEGRATED CARE BOARD,C_110,Trauma and Orthopaedic Service,421,280,5,0.6651,True
RTT-April-2026,2026-04-01,NT437,SLOANE HOSPITAL,NHS SOUTH EAST LONDON INTEGRATED CARE BOARD,C_101,Urology Service,78,60,0,0.7692,False
RTT-April-2026,2026-04-01,RH5,SOMERSET NHS FOUNDATION TRUST,NHS SOMERSET INTEGRATED CARE BOARD,C_320,Cardiology Service,3305,2277,12,0.689,True
RTT-April-2026,2026-04-01,RH5,SOMERSET NHS FOUNDATION TRUST,NHS SOMERSET INTEGRATED CARE BOARD,C_170,Cardiothoracic Surgery Service,21,20,0,0.9524,False
RTT-April-2026,2026-04-01,RH5,SOMERSET NHS FOUNDATION TRUST,NHS SOMERSET INTEGRATED CARE BOARD,C_330,Dermatology Service,3219,2518,12,0.7822,False
RTT-April-2026,2026-04-01,RH5,SOMERSET NHS FOUNDATION TRUST,NHS SOMERSET INTEGRATED CARE BOARD,C_120,Ear Nose and Throat Service,5125,3045,222,0.5941,True
RTT-April-2026,2026-04-01,RH5,SOMERSET NHS FOUNDATION TRUST,NHS SOMERSET INTEGRATED CARE BOARD,C_430,Elderly Medicine Service,660,545,1,0.8258,False
RTT-April-2026,2026-04-01,RH5,SOMERSET NHS FOUNDATION TRUST,NHS SOMERSET INTEGRATED CARE BOARD,C_301,Gastroenterology Service,2125,1634,4,0.7689,False
RTT-April-2026,2026-04-01,RH5,SOMERSET NHS FOUNDATION TRUST,NHS SOMERSET INTEGRATED CARE BOARD,C_300,General Internal Medicine Service,51,39,0,0.7647,False
RTT-April-2026,2026-04-01,RH5,SOMERSET NHS FOUNDATION TRUST,NHS SOMERSET INTEGRATED CARE BOARD,C_100,General Surgery Service,2818,1908,34,0.6771,True
RTT-April-2026,2026-04-01,RH5,SOMERSET NHS FOUNDATION TRUST,NHS SOMERSET INTEGRATED CARE BOARD,C_502,Gynaecology Service,3745,2126,73,0.5677,True
RTT-April-2026,2026-04-01,RH5,SOMERSET NHS FOUNDATION TRUST,NHS SOMERSET INTEGRATED CARE BOARD,C_400,Neurology Service,1276,778,8,0.6097,True
RTT-April-2026,2026-04-01,RH5,SOMERSET NHS FOUNDATION TRUST,NHS SOMERSET INTEGRATED CARE BOARD,C_130,Ophthalmology Service,3055,2420,11,0.7921,False
RTT-April-2026,2026-04-01,RH5,SOMERSET NHS FOUNDATION TRUST,NHS SOMERSET INTEGRATED CARE BOARD,C_140,Oral Surgery Service,3505,1813,109,0.5173,True
RTT-April-2026,2026-04-01,RH5,SOMERSET NHS FOUNDATION TRUST,NHS SOMERSET INTEGRATED CARE BOARD,X02,Other - Medical Services,3786,2764,12,0.7301,False
RTT-April-2026,2026-04-01,RH5,SOMERSET NHS FOUNDATION TRUST,NHS SOMERSET INTEGRATED CARE BOARD,X06,Other - Other Services,242,239,0,0.9876,False
RTT-April-2026,2026-04-01,RH5,SOMERSET NHS FOUNDATION TRUST,NHS SOMERSET INTEGRATED CARE BOARD,X04,Other - Paediatric Services,1165,857,14,0.7356,False
RTT-April-2026,2026-04-01,RH5,SOMERSET NHS FOUNDATION TRUST,NHS SOMERSET INTEGRATED CARE BOARD,X05,Other - Surgical Services,5811,3476,239,0.5982,True
RTT-April-2026,2026-04-01,RH5,SOMERSET NHS FOUNDATION TRUST,NHS SOMERSET INTEGRATED CARE BOARD,C_160,Plastic Surgery Service,100,88,1,0.88,False
RTT-April-2026,2026-04-01,RH5,SOMERSET NHS FOUNDATION TRUST,NHS SOMERSET INTEGRATED CARE BOARD,C_340,Respiratory Medicine Service,1614,1431,0,0.8866,False
RTT-April-2026,2026-04-01,RH5,SOMERSET NHS FOUNDATION TRUST,NHS SOMERSET INTEGRATED CARE BOARD,C_410,Rheumatology Service,760,429,2,0.5645,True
RTT-April-2026,2026-04-01,RH5,SOMERSET NHS FOUNDATION TRUST,NHS SOMERSET INTEGRATED CARE BOARD,C_110,Trauma and Orthopaedic Service,8418,5361,287,0.6368,True
RTT-April-2026,2026-04-01,RH5,SOMERSET NHS FOUNDATION TRUST,NHS SOMERSET INTEGRATED CARE BOARD,C_101,Urology Service,3090,1673,94,0.5414,True
RTT-April-2026,2026-04-01,NFH,SOMERSET SURGICAL SERVICES HQ,"NHS BRISTOL, NORTH SOMERSET AND SOUTH GLOUCESTERSHIRE INTEGRATED CARE BOARD",C_130,Ophthalmology Service,377,330,0,0.8753,False
RTT-April-2026,2026-04-01,NFH,SOMERSET SURGICAL SERVICES HQ,"NHS BRISTOL, NORTH SOMERSET AND SOUTH GLOUCESTERSHIRE INTEGRATED CARE BOARD",C_140,Oral Surgery Service,901,746,0,0.828,False
RTT-April-2026,2026-04-01,NFH,SOMERSET SURGICAL SERVICES HQ,"NHS BRISTOL, NORTH SOMERSET AND SOUTH GLOUCESTERSHIRE INTEGRATED CARE BOARD",C_160,Plastic Surgery Service,127,124,0,0.9764,False
RTT-April-2026,2026-04-01,NFH,SOMERSET SURGICAL SERVICES HQ,"NHS BRISTOL, NORTH SOMERSET AND SOUTH GLOUCESTERSHIRE INTEGRATED CARE BOARD",C_110,Trauma and Orthopaedic Service,171,92,2,0.538,True
RTT-April-2026,2026-04-01,RTR,SOUTH TEES HOSPITALS NHS FOUNDATION TRUST,NHS NORTH EAST AND NORTH CUMBRIA INTEGRATED CARE BOARD,C_320,Cardiology Service,2221,1580,27,0.7114,False
RTT-April-2026,2026-04-01,RTR,SOUTH TEES HOSPITALS NHS FOUNDATION TRUST,NHS NORTH EAST AND NORTH CUMBRIA INTEGRATED CARE BOARD,C_170,Cardiothoracic Surgery Service,336,241,1,0.7173,False
RTT-April-2026,2026-04-01,RTR,SOUTH TEES HOSPITALS NHS FOUNDATION TRUST,NHS NORTH EAST AND NORTH CUMBRIA INTEGRATED CARE BOARD,C_330,Dermatology Service,2723,1718,0,0.6309,True
RTT-April-2026,2026-04-01,RTR,SOUTH TEES HOSPITALS NHS FOUNDATION TRUST,NHS NORTH EAST AND NORTH CUMBRIA INTEGRATED CARE BOARD,C_120,Ear Nose and Throat Service,6665,3741,32,0.5613,True
RTT-April-2026,2026-04-01,RTR,SOUTH TEES HOSPITALS NHS FOUNDATION TRUST,NHS NORTH EAST AND NORTH CUMBRIA INTEGRATED CARE BOARD,C_430,Elderly Medicine Service,40,38,0,0.95,False
RTT-April-2026,2026-04-01,RTR,SOUTH TEES HOSPITALS NHS FOUNDATION TRUST,NHS NORTH EAST AND NORTH CUMBRIA INTEGRATED CARE BOARD,C_301,Gastroenterology Service,1570,1492,2,0.9503,False
RTT-April-2026,2026-04-01,RTR,SOUTH TEES HOSPITALS NHS FOUNDATION TRUST,NHS NORTH EAST AND NORTH CUMBRIA INTEGRATED CARE BOARD,C_300,General Internal Medicine Service,100,99,0,0.99,False
RTT-April-2026,2026-04-01,RTR,SOUTH TEES HOSPITALS NHS FOUNDATION TRUST,NHS NORTH EAST AND NORTH CUMBRIA INTEGRATED CARE BOARD,C_100,General Surgery Service,1870,1202,26,0.6428,True
RTT-April-2026,2026-04-01,RTR,SOUTH TEES HOSPITALS NHS FOUNDATION TRUST,NHS NORTH EAST AND NORTH CUMBRIA INTEGRATED CARE BOARD,C_502,Gynaecology Service,2896,1879,25,0.6488,True
RTT-April-2026,2026-04-01,RTR,SOUTH TEES HOSPITALS NHS FOUNDATION TRUST,NHS NORTH EAST AND NORTH CUMBRIA INTEGRATED CARE BOARD,C_400,Neurology Service,2324,1136,118,0.4888,True
RTT-April-2026,2026-04-01,RTR,SOUTH TEES HOSPITALS NHS FOUNDATION TRUST,NHS NORTH EAST AND NORTH CUMBRIA INTEGRATED CARE BOARD,C_150,Neurosurgical Service,1065,856,7,0.8038,False
RTT-April-2026,2026-04-01,RTR,SOUTH TEES HOSPITALS NHS FOUNDATION TRUST,NHS NORTH EAST AND NORTH CUMBRIA INTEGRATED CARE BOARD,C_130,Ophthalmology Service,3826,3124,3,0.8165,False
RTT-April-2026,2026-04-01,RTR,SOUTH TEES HOSPITALS NHS FOUNDATION TRUST,NHS NORTH EAST AND NORTH CUMBRIA INTEGRATED CARE BOARD,X02,Other - Medical Services,7185,4545,268,0.6326,True
RTT-April-2026,2026-04-01,RTR,SOUTH TEES HOSPITALS NHS FOUNDATION TRUST,NHS NORTH EAST AND NORTH CUMBRIA INTEGRATED CARE BOARD,X06,Other - Other Services,313,290,0,0.9265,False
RTT-April-2026,2026-04-01,RTR,SOUTH TEES HOSPITALS NHS FOUNDATION TRUST,NHS NORTH EAST AND NORTH CUMBRIA INTEGRATED CARE BOARD,X04,Other - Paediatric Services,1784,1223,8,0.6855,True
RTT-April-2026,2026-04-01,RTR,SOUTH TEES HOSPITALS NHS FOUNDATION TRUST,NHS NORTH EAST AND NORTH CUMBRIA INTEGRATED CARE BOARD,X05,Other - Surgical Services,6852,4019,73,0.5865,True
RTT-April-2026,2026-04-01,RTR,SOUTH TEES HOSPITALS NHS FOUNDATION TRUST,NHS NORTH EAST AND NORTH CUMBRIA INTEGRATED CARE BOARD,C_160,Plastic Surgery Service,2051,1189,43,0.5797,True
RTT-April-2026,2026-04-01,RTR,SOUTH TEES HOSPITALS NHS FOUNDATION TRUST,NHS NORTH EAST AND NORTH CUMBRIA INTEGRATED CARE BOARD,C_340,Respiratory Medicine Service,1011,931,0,0.9209,False
RTT-April-2026,2026-04-01,RTR,SOUTH TEES HOSPITALS NHS FOUNDATION TRUST,NHS NORTH EAST AND NORTH CUMBRIA INTEGRATED CARE BOARD,C_410,Rheumatology Service,1501,826,11,0.5503,True
RTT-April-2026,2026-04-01,RTR,SOUTH TEES HOSPITALS NHS FOUNDATION TRUST,NHS NORTH EAST AND NORTH CUMBRIA INTEGRATED CARE BOARD,C_110,Trauma and Orthopaedic Service,5277,3627,17,0.6873,True
RTT-April-2026,2026-04-01,RTR,SOUTH TEES HOSPITALS NHS FOUNDATION TRUST,NHS NORTH EAST AND NORTH CUMBRIA INTEGRATED CARE BOARD,C_101,Urology Service,3940,2688,36,0.6822,True
RTT-April-2026,2026-04-01,R0B,SOUTH TYNESIDE AND SUNDERLAND NHS FOUNDATION TRUST,NHS NORTH EAST AND NORTH CUMBRIA INTEGRATED CARE BOARD,C_320,Cardiology Service,2317,1964,0,0.8476,False
RTT-April-2026,2026-04-01,R0B,SOUTH TYNESIDE AND SUNDERLAND NHS FOUNDATION TRUST,NHS NORTH EAST AND NORTH CUMBRIA INTEGRATED CARE BOARD,C_120,Ear Nose and Throat Service,5071,4158,0,0.82,False
RTT-April-2026,2026-04-01,R0B,SOUTH TYNESIDE AND SUNDERLAND NHS FOUNDATION TRUST,NHS NORTH EAST AND NORTH CUMBRIA INTEGRATED CARE BOARD,C_430,Elderly Medicine Service,1313,1045,0,0.7959,False
RTT-April-2026,2026-04-01,R0B,SOUTH TYNESIDE AND SUNDERLAND NHS FOUNDATION TRUST,NHS NORTH EAST AND NORTH CUMBRIA INTEGRATED CARE BOARD,C_301,Gastroenterology Service,1121,1090,0,0.9723,False
RTT-April-2026,2026-04-01,R0B,SOUTH TYNESIDE AND SUNDERLAND NHS FOUNDATION TRUST,NHS NORTH EAST AND NORTH CUMBRIA INTEGRATED CARE BOARD,C_100,General Surgery Service,4498,3645,0,0.8104,False
RTT-April-2026,2026-04-01,R0B,SOUTH TYNESIDE AND SUNDERLAND NHS FOUNDATION TRUST,NHS NORTH EAST AND NORTH CUMBRIA INTEGRATED CARE BOARD,C_502,Gynaecology Service,2904,2422,0,0.834,False
RTT-April-2026,2026-04-01,R0B,SOUTH TYNESIDE AND SUNDERLAND NHS FOUNDATION TRUST,NHS NORTH EAST AND NORTH CUMBRIA INTEGRATED CARE BOARD,C_400,Neurology Service,1262,1111,0,0.8803,False
RTT-April-2026,2026-04-01,R0B,SOUTH TYNESIDE AND SUNDERLAND NHS FOUNDATION TRUST,NHS NORTH EAST AND NORTH CUMBRIA INTEGRATED CARE BOARD,C_130,Ophthalmology Service,8588,7131,2,0.8303,False
RTT-April-2026,2026-04-01,R0B,SOUTH TYNESIDE AND SUNDERLAND NHS FOUNDATION TRUST,NHS NORTH EAST AND NORTH CUMBRIA INTEGRATED CARE BOARD,C_140,Oral Surgery Service,4837,3071,0,0.6349,True
RTT-April-2026,2026-04-01,R0B,SOUTH TYNESIDE AND SUNDERLAND NHS FOUNDATION TRUST,NHS NORTH EAST AND NORTH CUMBRIA INTEGRATED CARE BOARD,X02,Other - Medical Services,1628,1427,0,0.8765,False
RTT-April-2026,2026-04-01,R0B,SOUTH TYNESIDE AND SUNDERLAND NHS FOUNDATION TRUST,NHS NORTH EAST AND NORTH CUMBRIA INTEGRATED CARE BOARD,X06,Other - Other Services,3563,3276,0,0.9194,False
RTT-April-2026,2026-04-01,R0B,SOUTH TYNESIDE AND SUNDERLAND NHS FOUNDATION TRUST,NHS NORTH EAST AND NORTH CUMBRIA INTEGRATED CARE BOARD,X04,Other - Paediatric Services,3101,2356,0,0.7598,False
RTT-April-2026,2026-04-01,R0B,SOUTH TYNESIDE AND SUNDERLAND NHS FOUNDATION TRUST,NHS NORTH EAST AND NORTH CUMBRIA INTEGRATED CARE BOARD,X05,Other - Surgical Services,87,83,0,0.954,False
RTT-April-2026,2026-04-01,R0B,SOUTH TYNESIDE AND SUNDERLAND NHS FOUNDATION TRUST,NHS NORTH EAST AND NORTH CUMBRIA INTEGRATED CARE BOARD,C_340,Respiratory Medicine Service,2902,2231,0,0.7688,False
RTT-April-2026,2026-04-01,R0B,SOUTH TYNESIDE AND SUNDERLAND NHS FOUNDATION TRUST,NHS NORTH EAST AND NORTH CUMBRIA INTEGRATED CARE BOARD,C_410,Rheumatology Service,1095,867,0,0.7918,False
RTT-April-2026,2026-04-01,R0B,SOUTH TYNESIDE AND SUNDERLAND NHS FOUNDATION TRUST,NHS NORTH EAST AND NORTH CUMBRIA INTEGRATED CARE BOARD,C_110,Trauma and Orthopaedic Service,8296,4667,0,0.5626,True
RTT-April-2026,2026-04-01,R0B,SOUTH TYNESIDE AND SUNDERLAND NHS FOUNDATION TRUST,NHS NORTH EAST AND NORTH CUMBRIA INTEGRATED CARE BOARD,C_101,Urology Service,6171,4180,0,0.6774,True
RTT-April-2026,2026-04-01,RJC,SOUTH WARWICKSHIRE UNIVERSITY NHS FOUNDATION TRUST,NHS COVENTRY AND WARWICKSHIRE INTEGRATED CARE BOARD,C_320,Cardiology Service,852,805,0,0.9448,False
RTT-April-2026,2026-04-01,RJC,SOUTH WARWICKSHIRE UNIVERSITY NHS FOUNDATION TRUST,NHS COVENTRY AND WARWICKSHIRE INTEGRATED CARE BOARD,C_330,Dermatology Service,1658,1389,1,0.8378,False
RTT-April-2026,2026-04-01,RJC,SOUTH WARWICKSHIRE UNIVERSITY NHS FOUNDATION TRUST,NHS COVENTRY AND WARWICKSHIRE INTEGRATED CARE BOARD,C_120,Ear Nose and Throat Service,3937,2162,38,0.5491,True
RTT-April-2026,2026-04-01,RJC,SOUTH WARWICKSHIRE UNIVERSITY NHS FOUNDATION TRUST,NHS COVENTRY AND WARWICKSHIRE INTEGRATED CARE BOARD,C_430,Elderly Medicine Service,174,168,0,0.9655,False
RTT-April-2026,2026-04-01,RJC,SOUTH WARWICKSHIRE UNIVERSITY NHS FOUNDATION TRUST,NHS COVENTRY AND WARWICKSHIRE INTEGRATED CARE BOARD,C_301,Gastroenterology Service,1778,1346,3,0.757,False
RTT-April-2026,2026-04-01,RJC,SOUTH WARWICKSHIRE UNIVERSITY NHS FOUNDATION TRUST,NHS COVENTRY AND WARWICKSHIRE INTEGRATED CARE BOARD,C_300,General Internal Medicine Service,323,314,0,0.9721,False
RTT-April-2026,2026-04-01,RJC,SOUTH WARWICKSHIRE UNIVERSITY NHS FOUNDATION TRUST,NHS COVENTRY AND WARWICKSHIRE INTEGRATED CARE BOARD,C_100,General Surgery Service,788,410,10,0.5203,True
RTT-April-2026,2026-04-01,RJC,SOUTH WARWICKSHIRE UNIVERSITY NHS FOUNDATION TRUST,NHS COVENTRY AND WARWICKSHIRE INTEGRATED CARE BOARD,C_502,Gynaecology Service,2680,1680,6,0.6269,True
RTT-April-2026,2026-04-01,RJC,SOUTH WARWICKSHIRE UNIVERSITY NHS FOUNDATION TRUST,NHS COVENTRY AND WARWICKSHIRE INTEGRATED CARE BOARD,C_130,Ophthalmology Service,3760,2529,11,0.6726,True
RTT-April-2026,2026-04-01,RJC,SOUTH WARWICKSHIRE UNIVERSITY NHS FOUNDATION TRUST,NHS COVENTRY AND WARWICKSHIRE INTEGRATED CARE BOARD,C_140,Oral Surgery Service,1367,635,14,0.4645,True
RTT-April-2026,2026-04-01,RJC,SOUTH WARWICKSHIRE UNIVERSITY NHS FOUNDATION TRUST,NHS COVENTRY AND WARWICKSHIRE INTEGRATED CARE BOARD,X02,Other - Medical Services,1460,1273,8,0.8719,False
RTT-April-2026,2026-04-01,RJC,SOUTH WARWICKSHIRE UNIVERSITY NHS FOUNDATION TRUST,NHS COVENTRY AND WARWICKSHIRE INTEGRATED CARE BOARD,X06,Other - Other Services,763,751,0,0.9843,False
RTT-April-2026,2026-04-01,RJC,SOUTH WARWICKSHIRE UNIVERSITY NHS FOUNDATION TRUST,NHS COVENTRY AND WARWICKSHIRE INTEGRATED CARE BOARD,X04,Other - Paediatric Services,490,318,30,0.649,True
RTT-April-2026,2026-04-01,RJC,SOUTH WARWICKSHIRE UNIVERSITY NHS FOUNDATION TRUST,NHS COVENTRY AND WARWICKSHIRE INTEGRATED CARE BOARD,X05,Other - Surgical Services,2644,1800,21,0.6808,True
RTT-April-2026,2026-04-01,RJC,SOUTH WARWICKSHIRE UNIVERSITY NHS FOUNDATION TRUST,NHS COVENTRY AND WARWICKSHIRE INTEGRATED CARE BOARD,C_160,Plastic Surgery Service,452,215,17,0.4757,True
RTT-April-2026,2026-04-01,RJC,SOUTH WARWICKSHIRE UNIVERSITY NHS FOUNDATION TRUST,NHS COVENTRY AND WARWICKSHIRE INTEGRATED CARE BOARD,C_340,Respiratory Medicine Service,1198,607,16,0.5067,True
RTT-April-2026,2026-04-01,RJC,SOUTH WARWICKSHIRE UNIVERSITY NHS FOUNDATION TRUST,NHS COVENTRY AND WARWICKSHIRE INTEGRATED CARE BOARD,C_410,Rheumatology Service,422,404,0,0.9573,False
RTT-April-2026,2026-04-01,RJC,SOUTH WARWICKSHIRE UNIVERSITY NHS FOUNDATION TRUST,NHS COVENTRY AND WARWICKSHIRE INTEGRATED CARE BOARD,C_110,Trauma and Orthopaedic Service,3675,3006,1,0.818,False
RTT-April-2026,2026-04-01,RJC,SOUTH WARWICKSHIRE UNIVERSITY NHS FOUNDATION TRUST,NHS COVENTRY AND WARWICKSHIRE INTEGRATED CARE BOARD,C_101,Urology Service,2736,1584,17,0.5789,True
RTT-April-2026,2026-04-01,RXG,SOUTH WEST YORKSHIRE PARTNERSHIP NHS FOUNDATION TRUST,NHS WEST YORKSHIRE INTEGRATED CARE BOARD,X06,Other - Other Services,4385,4273,0,0.9745,False
RTT-April-2026,2026-04-01,NT490,SOUTHEND PRIVATE HOSPITAL,NHS ESSEX INTEGRATED CARE BOARD,C_100,General Surgery Service,71,68,0,0.9577,False
RTT-April-2026,2026-04-01,NT490,SOUTHEND PRIVATE HOSPITAL,NHS ESSEX INTEGRATED CARE BOARD,C_130,Ophthalmology Service,1144,1014,0,0.8864,False
RTT-April-2026,2026-04-01,NT490,SOUTHEND PRIVATE HOSPITAL,NHS ESSEX INTEGRATED CARE BOARD,X06,Other - Other Services,19,15,0,0.7895,False
RTT-April-2026,2026-04-01,NT490,SOUTHEND PRIVATE HOSPITAL,NHS ESSEX INTEGRATED CARE BOARD,C_110,Trauma and Orthopaedic Service,18,13,0,0.7222,False
RTT-April-2026,2026-04-01,NPG19,SPAMEDICA BEDFORD,NHS CENTRAL EAST INTEGRATED CARE BOARD,C_130,Ophthalmology Service,325,312,0,0.96,False
RTT-April-2026,2026-04-01,D5P5H,SPAMEDICA BEXHILL,NHS SURREY AND SUSSEX INTEGRATED CARE BOARD,C_130,Ophthalmology Service,231,215,0,0.9307,False
RTT-April-2026,2026-04-01,NPG11,SPAMEDICA BIRMINGHAM,NHS BIRMINGHAM AND SOLIHULL INTEGRATED CARE BOARD,C_130,Ophthalmology Service,793,681,0,0.8588,False
RTT-April-2026,2026-04-01,C3Y0A,SPAMEDICA BLACKPOOL,NHS LANCASHIRE AND SOUTH CUMBRIA INTEGRATED CARE BOARD,C_130,Ophthalmology Service,190,165,0,0.8684,False
RTT-April-2026,2026-04-01,NPG08,SPAMEDICA BOLTON,NHS GREATER MANCHESTER INTEGRATED CARE BOARD,C_130,Ophthalmology Service,782,748,0,0.9565,False
RTT-April-2026,2026-04-01,I2C7H,SPAMEDICA BRADFORD,NHS WEST YORKSHIRE INTEGRATED CARE BOARD,C_130,Ophthalmology Service,246,234,0,0.9512,False
RTT-April-2026,2026-04-01,I9A4A,SPAMEDICA BRIGHTON,NHS SURREY AND SUSSEX INTEGRATED CARE BOARD,C_130,Ophthalmology Service,276,248,0,0.8986,False
RTT-April-2026,2026-04-01,P1B7M,SPAMEDICA BRISTOL,"NHS BRISTOL, NORTH SOMERSET AND SOUTH GLOUCESTERSHIRE INTEGRATED CARE BOARD",C_130,Ophthalmology Service,208,193,0,0.9279,False
RTT-April-2026,2026-04-01,Y8L9S,SPAMEDICA BROMLEY,NHS SOUTH EAST LONDON INTEGRATED CARE BOARD,C_130,Ophthalmology Service,621,559,0,0.9002,False
RTT-April-2026,2026-04-01,O6X7Z,SPAMEDICA CAMBRIDGE,NHS CENTRAL EAST INTEGRATED CARE BOARD,C_130,Ophthalmology Service,484,435,0,0.8988,False
RTT-April-2026,2026-04-01,E1U4T,SPAMEDICA CARLISLE,NHS NORTH EAST AND NORTH CUMBRIA INTEGRATED CARE BOARD,C_130,Ophthalmology Service,914,859,0,0.9398,False
RTT-April-2026,2026-04-01,NPG16,SPAMEDICA CHELMSFORD,NHS ESSEX INTEGRATED CARE BOARD,C_130,Ophthalmology Service,931,864,0,0.928,False
RTT-April-2026,2026-04-01,V4U1Y,SPAMEDICA CHESTER,NHS CHESHIRE AND MERSEYSIDE INTEGRATED CARE BOARD,C_130,Ophthalmology Service,247,229,0,0.9271,False
RTT-April-2026,2026-04-01,T4I8V,SPAMEDICA CHESTERFIELD,NHS DERBY AND DERBYSHIRE INTEGRATED CARE BOARD,C_130,Ophthalmology Service,226,212,0,0.9381,False
RTT-April-2026,2026-04-01,J2H6H,SPAMEDICA COLCHESTER,NHS ESSEX INTEGRATED CARE BOARD,C_130,Ophthalmology Service,184,172,0,0.9348,False
RTT-April-2026,2026-04-01,NPG21,SPAMEDICA COVENTRY,NHS COVENTRY AND WARWICKSHIRE INTEGRATED CARE BOARD,C_130,Ophthalmology Service,662,612,0,0.9245,False
RTT-April-2026,2026-04-01,N1N0Y,SPAMEDICA CROYDON,NHS SOUTH WEST LONDON INTEGRATED CARE BOARD,C_130,Ophthalmology Service,153,141,0,0.9216,False
RTT-April-2026,2026-04-01,V8N5R,SPAMEDICA DALSTON,NHS NORTH EAST LONDON INTEGRATED CARE BOARD,C_130,Ophthalmology Service,522,469,0,0.8985,False
RTT-April-2026,2026-04-01,NPG23,SPAMEDICA DERBY,NHS DERBY AND DERBYSHIRE INTEGRATED CARE BOARD,C_130,Ophthalmology Service,540,512,0,0.9481,False
RTT-April-2026,2026-04-01,T8V3L,SPAMEDICA DONCASTER,NHS SOUTH YORKSHIRE INTEGRATED CARE BOARD,C_130,Ophthalmology Service,404,389,0,0.9629,False
RTT-April-2026,2026-04-01,H4Y7F,SPAMEDICA DORCHESTER,NHS DORSET INTEGRATED CARE BOARD,C_130,Ophthalmology Service,554,534,0,0.9639,False
RTT-April-2026,2026-04-01,M7C9Q,SPAMEDICA EPSOM,NHS SURREY AND SUSSEX INTEGRATED CARE BOARD,C_130,Ophthalmology Service,423,407,0,0.9622,False
RTT-April-2026,2026-04-01,M5E1S,SPAMEDICA EXETER,NHS DEVON INTEGRATED CARE BOARD,C_130,Ophthalmology Service,347,304,0,0.8761,False
RTT-April-2026,2026-04-01,NPG07,SPAMEDICA EYE HOSPITAL (WAKEFIELD),NHS WEST YORKSHIRE INTEGRATED CARE BOARD,C_130,Ophthalmology Service,660,622,0,0.9424,False
RTT-April-2026,2026-04-01,Z9Z1G,SPAMEDICA GATESHEAD,NHS NORTH EAST AND NORTH CUMBRIA INTEGRATED CARE BOARD,C_130,Ophthalmology Service,579,558,0,0.9637,False
RTT-April-2026,2026-04-01,A0C5S,SPAMEDICA GLOUCESTER,NHS GLOUCESTERSHIRE INTEGRATED CARE BOARD,C_130,Ophthalmology Service,108,101,0,0.9352,False
RTT-April-2026,2026-04-01,F4B0R,SPAMEDICA GUILDFORD,NHS SURREY AND SUSSEX INTEGRATED CARE BOARD,C_130,Ophthalmology Service,27,26,0,0.963,False
RTT-April-2026,2026-04-01,Z5J5V,SPAMEDICA HAYDOCK,NHS CHESHIRE AND MERSEYSIDE INTEGRATED CARE BOARD,C_130,Ophthalmology Service,324,298,1,0.9198,False
RTT-April-2026,2026-04-01,J0M7P,SPAMEDICA HEREFORD DIAGNOSTIC AND TREATMENT CENTRE,NHS HEREFORDSHIRE AND WORCESTERSHIRE INTEGRATED CARE BOARD,C_130,Ophthalmology Service,42,39,0,0.9286,False
RTT-April-2026,2026-04-01,NPG18,SPAMEDICA HULL,NHS HUMBER AND NORTH YORKSHIRE INTEGRATED CARE BOARD,C_130,Ophthalmology Service,493,474,0,0.9615,False
RTT-April-2026,2026-04-01,Q8X0X,SPAMEDICA ISLE OF WIGHT COMMUNITY DIAGNOSTIC & TREATMENT CENTRE,NHS HAMPSHIRE AND ISLE OF WIGHT INTEGRATED CARE BOARD,C_130,Ophthalmology Service,27,26,0,0.963,False
RTT-April-2026,2026-04-01,R1G7E,SPAMEDICA KENDAL,NHS LANCASHIRE AND SOUTH CUMBRIA INTEGRATED CARE BOARD,C_130,Ophthalmology Service,454,431,0,0.9493,False
RTT-April-2026,2026-04-01,P0C3F,SPAMEDICA LEEDS,NHS WEST YORKSHIRE INTEGRATED CARE BOARD,C_130,Ophthalmology Service,334,310,0,0.9281,False
RTT-April-2026,2026-04-01,L9D3Z,SPAMEDICA LEICESTER,"NHS LEICESTER, LEICESTERSHIRE AND RUTLAND INTEGRATED CARE BOARD",C_130,Ophthalmology Service,362,347,0,0.9586,False
RTT-April-2026,2026-04-01,NPG06,SPAMEDICA LIVERPOOL,NHS CHESHIRE AND MERSEYSIDE INTEGRATED CARE BOARD,C_130,Ophthalmology Service,418,381,0,0.9115,False
RTT-April-2026,2026-04-01,K9J3O,SPAMEDICA LUTON,NHS CENTRAL EAST INTEGRATED CARE BOARD,C_130,Ophthalmology Service,203,176,0,0.867,False
RTT-April-2026,2026-04-01,R6X7C,SPAMEDICA MACCLESFIELD COMMUNITY DIAGNOSTIC & TREATMENT CENTRE,NHS CHESHIRE AND MERSEYSIDE INTEGRATED CARE BOARD,C_130,Ophthalmology Service,80,79,0,0.9875,False
RTT-April-2026,2026-04-01,NPG01,SPAMEDICA MANCHESTER,NHS GREATER MANCHESTER INTEGRATED CARE BOARD,C_130,Ophthalmology Service,364,318,0,0.8736,False
RTT-April-2026,2026-04-01,G3O5P,SPAMEDICA NEWARK,NHS NOTTINGHAM AND NOTTINGHAMSHIRE INTEGRATED CARE BOARD,C_130,Ophthalmology Service,573,535,6,0.9337,False
RTT-April-2026,2026-04-01,NPG15,SPAMEDICA NEWCASTLE-UNDER-LYME,NHS STAFFORDSHIRE AND STOKE-ON-TRENT INTEGRATED CARE BOARD,C_130,Ophthalmology Service,390,383,0,0.9821,False
RTT-April-2026,2026-04-01,G5X2Q,SPAMEDICA NORTH TYNESIDE,NHS NORTH EAST AND NORTH CUMBRIA INTEGRATED CARE BOARD,C_130,Ophthalmology Service,464,447,0,0.9634,False
RTT-April-2026,2026-04-01,M3R0W,SPAMEDICA NORWICH,NHS NORFOLK AND SUFFOLK INTEGRATED CARE BOARD,C_130,Ophthalmology Service,351,295,0,0.8405,False
RTT-April-2026,2026-04-01,O1P6X,SPAMEDICA OLDHAM,NHS GREATER MANCHESTER INTEGRATED CARE BOARD,C_130,Ophthalmology Service,746,684,0,0.9169,False
RTT-April-2026,2026-04-01,O5Y9D,SPAMEDICA OXFORD,NHS THAMES VALLEY INTEGRATED CARE BOARD,C_130,Ophthalmology Service,200,186,0,0.93,False
RTT-April-2026,2026-04-01,B9J4U,SPAMEDICA PETERBOROUGH,NHS CENTRAL EAST INTEGRATED CARE BOARD,C_130,Ophthalmology Service,518,483,0,0.9324,False
RTT-April-2026,2026-04-01,L6O7H,SPAMEDICA POOLE,NHS DORSET INTEGRATED CARE BOARD,C_130,Ophthalmology Service,1000,935,0,0.935,False
RTT-April-2026,2026-04-01,A1U4J,SPAMEDICA PORTSMOUTH,NHS HAMPSHIRE AND ISLE OF WIGHT INTEGRATED CARE BOARD,C_130,Ophthalmology Service,206,181,0,0.8786,False
RTT-April-2026,2026-04-01,NPG17,SPAMEDICA PRESTON,NHS LANCASHIRE AND SOUTH CUMBRIA INTEGRATED CARE BOARD,C_130,Ophthalmology Service,365,344,0,0.9425,False
RTT-April-2026,2026-04-01,B4N1U,SPAMEDICA ROMFORD,NHS NORTH EAST LONDON INTEGRATED CARE BOARD,C_130,Ophthalmology Service,984,901,0,0.9157,False
RTT-April-2026,2026-04-01,I1H7K,SPAMEDICA SALE,NHS GREATER MANCHESTER INTEGRATED CARE BOARD,C_130,Ophthalmology Service,260,245,0,0.9423,False
RTT-April-2026,2026-04-01,NPG10,SPAMEDICA SHEFFIELD,NHS SOUTH YORKSHIRE INTEGRATED CARE BOARD,C_130,Ophthalmology Service,448,418,0,0.933,False
RTT-April-2026,2026-04-01,V8A3H,SPAMEDICA SHEFFIELD COMMUNITY DIAGNOSTIC & TREATMENT CENTRE,NHS SOUTH YORKSHIRE INTEGRATED CARE BOARD,C_130,Ophthalmology Service,38,38,0,1.0,False
RTT-April-2026,2026-04-01,M0N7E,SPAMEDICA SITTINGBOURNE,NHS KENT AND MEDWAY INTEGRATED CARE BOARD,C_130,Ophthalmology Service,192,175,0,0.9115,False
RTT-April-2026,2026-04-01,NPG13,SPAMEDICA SKELMERSDALE,NHS LANCASHIRE AND SOUTH CUMBRIA INTEGRATED CARE BOARD,C_130,Ophthalmology Service,118,107,0,0.9068,False
RTT-April-2026,2026-04-01,J7V1N,SPAMEDICA SOLIHULL,NHS BIRMINGHAM AND SOLIHULL INTEGRATED CARE BOARD,C_130,Ophthalmology Service,467,388,1,0.8308,False
RTT-April-2026,2026-04-01,B9M3W,SPAMEDICA SOUTHAMPTON,NHS HAMPSHIRE AND ISLE OF WIGHT INTEGRATED CARE BOARD,C_130,Ophthalmology Service,386,261,74,0.6762,True
RTT-April-2026,2026-04-01,K3V9U,SPAMEDICA STEVENAGE COMMUNITY DIAGNOSTIC & TREATMENT CENTRE,NHS CENTRAL EAST INTEGRATED CARE BOARD,C_130,Ophthalmology Service,7,7,0,1.0,False
RTT-April-2026,2026-04-01,NPG22,SPAMEDICA STOCKTON-ON-TEES,NHS NORTH EAST AND NORTH CUMBRIA INTEGRATED CARE BOARD,C_130,Ophthalmology Service,499,464,0,0.9299,False
RTT-April-2026,2026-04-01,H1T2P,SPAMEDICA SWINDON,"NHS BATH AND NORTH EAST SOMERSET, SWINDON AND WILTSHIRE INTEGRATED CARE BOARD",C_130,Ophthalmology Service,109,105,0,0.9633,False
RTT-April-2026,2026-04-01,G6S7A,SPAMEDICA TAUNTON,NHS SOMERSET INTEGRATED CARE BOARD,C_130,Ophthalmology Service,768,562,0,0.7318,False
RTT-April-2026,2026-04-01,V5F1D,SPAMEDICA TELFORD,"NHS SHROPSHIRE, TELFORD AND WREKIN INTEGRATED CARE BOARD",C_130,Ophthalmology Service,465,415,1,0.8925,False
RTT-April-2026,2026-04-01,E3D4A,SPAMEDICA TRURO,NHS CORNWALL AND THE ISLES OF SCILLY INTEGRATED CARE BOARD,C_130,Ophthalmology Service,337,318,0,0.9436,False
RTT-April-2026,2026-04-01,Q1W6P,SPAMEDICA WATFORD,NHS CENTRAL EAST INTEGRATED CARE BOARD,C_130,Ophthalmology Service,451,427,0,0.9468,False
RTT-April-2026,2026-04-01,A1D1B,SPAMEDICA WEMBLEY,NHS WEST AND NORTH LONDON INTEGRATED CARE BOARD,C_130,Ophthalmology Service,420,375,0,0.8929,False
RTT-April-2026,2026-04-01,NPG14,SPAMEDICA WIDNES,NHS CHESHIRE AND MERSEYSIDE INTEGRATED CARE BOARD,C_130,Ophthalmology Service,290,269,0,0.9276,False
RTT-April-2026,2026-04-01,NPG02,SPAMEDICA WIRRAL,NHS CHESHIRE AND MERSEYSIDE INTEGRATED CARE BOARD,C_130,Ophthalmology Service,392,370,0,0.9439,False
RTT-April-2026,2026-04-01,T8R5I,SPAMEDICA WOKINGHAM,NHS THAMES VALLEY INTEGRATED CARE BOARD,C_130,Ophthalmology Service,225,198,1,0.88,False
RTT-April-2026,2026-04-01,NPG20,SPAMEDICA WOLVERHAMPTON,NHS BLACK COUNTRY INTEGRATED CARE BOARD,C_130,Ophthalmology Service,831,769,0,0.9254,False
RTT-April-2026,2026-04-01,J3X4C,SPAMEDICA WORCESTER,NHS HEREFORDSHIRE AND WORCESTERSHIRE INTEGRATED CARE BOARD,C_130,Ophthalmology Service,433,375,0,0.8661,False
RTT-April-2026,2026-04-01,NN8,SPENCER PRIVATE HOSPITALS LTD,NHS KENT AND MEDWAY INTEGRATED CARE BOARD,C_120,Ear Nose and Throat Service,293,190,1,0.6485,True
RTT-April-2026,2026-04-01,NN8,SPENCER PRIVATE HOSPITALS LTD,NHS KENT AND MEDWAY INTEGRATED CARE BOARD,C_100,General Surgery Service,368,213,2,0.5788,True
RTT-April-2026,2026-04-01,NN8,SPENCER PRIVATE HOSPITALS LTD,NHS KENT AND MEDWAY INTEGRATED CARE BOARD,C_502,Gynaecology Service,1044,643,3,0.6159,True
RTT-April-2026,2026-04-01,NN8,SPENCER PRIVATE HOSPITALS LTD,NHS KENT AND MEDWAY INTEGRATED CARE BOARD,X02,Other - Medical Services,434,228,9,0.5253,True
RTT-April-2026,2026-04-01,NN8,SPENCER PRIVATE HOSPITALS LTD,NHS KENT AND MEDWAY INTEGRATED CARE BOARD,C_110,Trauma and Orthopaedic Service,1390,820,14,0.5899,True
RTT-April-2026,2026-04-01,NN8,SPENCER PRIVATE HOSPITALS LTD,NHS KENT AND MEDWAY INTEGRATED CARE BOARD,C_101,Urology Service,191,145,1,0.7592,False
RTT-April-2026,2026-04-01,NT312,SPIRE ALEXANDRA HOSPITAL,NHS KENT AND MEDWAY INTEGRATED CARE BOARD,C_100,General Surgery Service,129,117,0,0.907,False
RTT-April-2026,2026-04-01,NT312,SPIRE ALEXANDRA HOSPITAL,NHS KENT AND MEDWAY INTEGRATED CARE BOARD,C_502,Gynaecology Service,65,58,0,0.8923,False
RTT-April-2026,2026-04-01,NT312,SPIRE ALEXANDRA HOSPITAL,NHS KENT AND MEDWAY INTEGRATED CARE BOARD,X05,Other - Surgical Services,559,381,3,0.6816,True
RTT-April-2026,2026-04-01,NT312,SPIRE ALEXANDRA HOSPITAL,NHS KENT AND MEDWAY INTEGRATED CARE BOARD,C_160,Plastic Surgery Service,8,3,0,0.375,True
RTT-April-2026,2026-04-01,NT312,SPIRE ALEXANDRA HOSPITAL,NHS KENT AND MEDWAY INTEGRATED CARE BOARD,C_110,Trauma and Orthopaedic Service,234,199,0,0.8504,False
RTT-April-2026,2026-04-01,NT302,SPIRE BRISTOL HOSPITAL,"NHS BRISTOL, NORTH SOMERSET AND SOUTH GLOUCESTERSHIRE INTEGRATED CARE BOARD",C_100,General Surgery Service,18,13,0,0.7222,False
RTT-April-2026,2026-04-01,NT302,SPIRE BRISTOL HOSPITAL,"NHS BRISTOL, NORTH SOMERSET AND SOUTH GLOUCESTERSHIRE INTEGRATED CARE BOARD",C_110,Trauma and Orthopaedic Service,715,383,7,0.5357,True
RTT-April-2026,2026-04-01,NT315,SPIRE BUSHEY HOSPITAL,NHS CENTRAL EAST INTEGRATED CARE BOARD,C_120,Ear Nose and Throat Service,74,72,0,0.973,False
RTT-April-2026,2026-04-01,NT315,SPIRE BUSHEY HOSPITAL,NHS CENTRAL EAST INTEGRATED CARE BOARD,C_301,Gastroenterology Service,17,17,0,1.0,False
RTT-April-2026,2026-04-01,NT315,SPIRE BUSHEY HOSPITAL,NHS CENTRAL EAST INTEGRATED CARE BOARD,C_100,General Surgery Service,201,192,0,0.9552,False
RTT-April-2026,2026-04-01,NT315,SPIRE BUSHEY HOSPITAL,NHS CENTRAL EAST INTEGRATED CARE BOARD,C_502,Gynaecology Service,1,1,0,1.0,False
RTT-April-2026,2026-04-01,NT315,SPIRE BUSHEY HOSPITAL,NHS CENTRAL EAST INTEGRATED CARE BOARD,X05,Other - Surgical Services,238,238,0,1.0,False
RTT-April-2026,2026-04-01,NT315,SPIRE BUSHEY HOSPITAL,NHS CENTRAL EAST INTEGRATED CARE BOARD,C_110,Trauma and Orthopaedic Service,544,496,0,0.9118,False
RTT-April-2026,2026-04-01,NT315,SPIRE BUSHEY HOSPITAL,NHS CENTRAL EAST INTEGRATED CARE BOARD,C_101,Urology Service,3,3,0,1.0,False
RTT-April-2026,2026-04-01,NT317,SPIRE CAMBRIDGE LEA HOSPITAL,NHS CENTRAL EAST INTEGRATED CARE BOARD,C_120,Ear Nose and Throat Service,1,1,0,1.0,False
RTT-April-2026,2026-04-01,NT317,SPIRE CAMBRIDGE LEA HOSPITAL,NHS CENTRAL EAST INTEGRATED CARE BOARD,C_100,General Surgery Service,55,39,0,0.7091,False
RTT-April-2026,2026-04-01,NT317,SPIRE CAMBRIDGE LEA HOSPITAL,NHS CENTRAL EAST INTEGRATED CARE BOARD,C_150,Neurosurgical Service,20,11,0,0.55,True
RTT-April-2026,2026-04-01,NT317,SPIRE CAMBRIDGE LEA HOSPITAL,NHS CENTRAL EAST INTEGRATED CARE BOARD,C_110,Trauma and Orthopaedic Service,233,132,2,0.5665,True
RTT-April-2026,2026-04-01,NT324,SPIRE CHESHIRE HOSPITAL,NHS CHESHIRE AND MERSEYSIDE INTEGRATED CARE BOARD,C_120,Ear Nose and Throat Service,60,58,0,0.9667,False
RTT-April-2026,2026-04-01,NT324,SPIRE CHESHIRE HOSPITAL,NHS CHESHIRE AND MERSEYSIDE INTEGRATED CARE BOARD,C_100,General Surgery Service,342,268,0,0.7836,False
RTT-April-2026,2026-04-01,NT324,SPIRE CHESHIRE HOSPITAL,NHS CHESHIRE AND MERSEYSIDE INTEGRATED CARE BOARD,C_160,Plastic Surgery Service,66,51,0,0.7727,False
RTT-April-2026,2026-04-01,NT324,SPIRE CHESHIRE HOSPITAL,NHS CHESHIRE AND MERSEYSIDE INTEGRATED CARE BOARD,C_110,Trauma and Orthopaedic Service,600,468,0,0.78,False
RTT-April-2026,2026-04-01,NT324,SPIRE CHESHIRE HOSPITAL,NHS CHESHIRE AND MERSEYSIDE INTEGRATED CARE BOARD,C_101,Urology Service,3,3,0,1.0,False
RTT-April-2026,2026-04-01,NT345,SPIRE CLARE PARK HOSPITAL,NHS HAMPSHIRE AND ISLE OF WIGHT INTEGRATED CARE BOARD,C_120,Ear Nose and Throat Service,15,12,0,0.8,False
RTT-April-2026,2026-04-01,NT345,SPIRE CLARE PARK HOSPITAL,NHS HAMPSHIRE AND ISLE OF WIGHT INTEGRATED CARE BOARD,C_100,General Surgery Service,74,41,0,0.5541,True
RTT-April-2026,2026-04-01,NT345,SPIRE CLARE PARK HOSPITAL,NHS HAMPSHIRE AND ISLE OF WIGHT INTEGRATED CARE BOARD,X05,Other - Surgical Services,48,19,0,0.3958,True
RTT-April-2026,2026-04-01,NT345,SPIRE CLARE PARK HOSPITAL,NHS HAMPSHIRE AND ISLE OF WIGHT INTEGRATED CARE BOARD,C_110,Trauma and Orthopaedic Service,200,110,1,0.55,True
RTT-April-2026,2026-04-01,NT345,SPIRE CLARE PARK HOSPITAL,NHS HAMPSHIRE AND ISLE OF WIGHT INTEGRATED CARE BOARD,C_101,Urology Service,15,11,0,0.7333,False
RTT-April-2026,2026-04-01,NT344,SPIRE DUNEDIN HOSPITAL,NHS THAMES VALLEY INTEGRATED CARE BOARD,C_100,General Surgery Service,73,68,0,0.9315,False
RTT-April-2026,2026-04-01,NT344,SPIRE DUNEDIN HOSPITAL,NHS THAMES VALLEY INTEGRATED CARE BOARD,X05,Other - Surgical Services,30,22,0,0.7333,False
RTT-April-2026,2026-04-01,NT344,SPIRE DUNEDIN HOSPITAL,NHS THAMES VALLEY INTEGRATED CARE BOARD,C_110,Trauma and Orthopaedic Service,181,136,1,0.7514,False
RTT-April-2026,2026-04-01,NT348,SPIRE ELLAND HOSPITAL,NHS WEST YORKSHIRE INTEGRATED CARE BOARD,C_100,General Surgery Service,291,236,0,0.811,False
RTT-April-2026,2026-04-01,NT348,SPIRE ELLAND HOSPITAL,NHS WEST YORKSHIRE INTEGRATED CARE BOARD,C_502,Gynaecology Service,52,45,0,0.8654,False
RTT-April-2026,2026-04-01,NT348,SPIRE ELLAND HOSPITAL,NHS WEST YORKSHIRE INTEGRATED CARE BOARD,X05,Other - Surgical Services,135,93,0,0.6889,True
RTT-April-2026,2026-04-01,NT348,SPIRE ELLAND HOSPITAL,NHS WEST YORKSHIRE INTEGRATED CARE BOARD,C_160,Plastic Surgery Service,15,15,0,1.0,False
RTT-April-2026,2026-04-01,NT348,SPIRE ELLAND HOSPITAL,NHS WEST YORKSHIRE INTEGRATED CARE BOARD,C_110,Trauma and Orthopaedic Service,739,514,2,0.6955,True
RTT-April-2026,2026-04-01,NT348,SPIRE ELLAND HOSPITAL,NHS WEST YORKSHIRE INTEGRATED CARE BOARD,C_101,Urology Service,54,47,0,0.8704,False
RTT-April-2026,2026-04-01,NT347,SPIRE FYLDE COAST HOSPITAL,NHS LANCASHIRE AND SOUTH CUMBRIA INTEGRATED CARE BOARD,C_120,Ear Nose and Throat Service,82,74,0,0.9024,False
RTT-April-2026,2026-04-01,NT347,SPIRE FYLDE COAST HOSPITAL,NHS LANCASHIRE AND SOUTH CUMBRIA INTEGRATED CARE BOARD,C_301,Gastroenterology Service,2,1,0,0.5,True
RTT-April-2026,2026-04-01,NT347,SPIRE FYLDE COAST HOSPITAL,NHS LANCASHIRE AND SOUTH CUMBRIA INTEGRATED CARE BOARD,C_100,General Surgery Service,449,367,0,0.8174,False
RTT-April-2026,2026-04-01,NT347,SPIRE FYLDE COAST HOSPITAL,NHS LANCASHIRE AND SOUTH CUMBRIA INTEGRATED CARE BOARD,C_502,Gynaecology Service,300,247,0,0.8233,False
RTT-April-2026,2026-04-01,NT347,SPIRE FYLDE COAST HOSPITAL,NHS LANCASHIRE AND SOUTH CUMBRIA INTEGRATED CARE BOARD,C_150,Neurosurgical Service,97,87,0,0.8969,False
RTT-April-2026,2026-04-01,NT347,SPIRE FYLDE COAST HOSPITAL,NHS LANCASHIRE AND SOUTH CUMBRIA INTEGRATED CARE BOARD,X05,Other - Surgical Services,437,437,0,1.0,False
RTT-April-2026,2026-04-01,NT347,SPIRE FYLDE COAST HOSPITAL,NHS LANCASHIRE AND SOUTH CUMBRIA INTEGRATED CARE BOARD,C_110,Trauma and Orthopaedic Service,1853,1458,0,0.7868,False
RTT-April-2026,2026-04-01,NT347,SPIRE FYLDE COAST HOSPITAL,NHS LANCASHIRE AND SOUTH CUMBRIA INTEGRATED CARE BOARD,C_101,Urology Service,142,133,0,0.9366,False
RTT-April-2026,2026-04-01,NT308,SPIRE GATWICK PARK HOSPITAL,NHS SURREY AND SUSSEX INTEGRATED CARE BOARD,C_301,Gastroenterology Service,1,1,0,1.0,False
RTT-April-2026,2026-04-01,NT308,SPIRE GATWICK PARK HOSPITAL,NHS SURREY AND SUSSEX INTEGRATED CARE BOARD,C_100,General Surgery Service,74,58,0,0.7838,False
RTT-April-2026,2026-04-01,NT308,SPIRE GATWICK PARK HOSPITAL,NHS SURREY AND SUSSEX INTEGRATED CARE BOARD,X05,Other - Surgical Services,662,616,10,0.9305,False
RTT-April-2026,2026-04-01,NT308,SPIRE GATWICK PARK HOSPITAL,NHS SURREY AND SUSSEX INTEGRATED CARE BOARD,C_110,Trauma and Orthopaedic Service,545,321,8,0.589,True
RTT-April-2026,2026-04-01,NT316,SPIRE HARPENDEN HOSPITAL,NHS CENTRAL EAST INTEGRATED CARE BOARD,C_120,Ear Nose and Throat Service,66,66,0,1.0,False
RTT-April-2026,2026-04-01,NT316,SPIRE HARPENDEN HOSPITAL,NHS CENTRAL EAST INTEGRATED CARE BOARD,C_100,General Surgery Service,160,148,0,0.925,False
RTT-April-2026,2026-04-01,NT316,SPIRE HARPENDEN HOSPITAL,NHS CENTRAL EAST INTEGRATED CARE BOARD,X05,Other - Surgical Services,21,21,0,1.0,False
RTT-April-2026,2026-04-01,NT316,SPIRE HARPENDEN HOSPITAL,NHS CENTRAL EAST INTEGRATED CARE BOARD,C_110,Trauma and Orthopaedic Service,467,365,0,0.7816,False
RTT-April-2026,2026-04-01,NT319,SPIRE HARTSWOOD HOSPITAL,NHS ESSEX INTEGRATED CARE BOARD,C_100,General Surgery Service,202,159,0,0.7871,False
RTT-April-2026,2026-04-01,NT319,SPIRE HARTSWOOD HOSPITAL,NHS ESSEX INTEGRATED CARE BOARD,X05,Other - Surgical Services,1,1,0,1.0,False
RTT-April-2026,2026-04-01,NT319,SPIRE HARTSWOOD HOSPITAL,NHS ESSEX INTEGRATED CARE BOARD,C_110,Trauma and Orthopaedic Service,871,625,2,0.7176,False
RTT-April-2026,2026-04-01,NT351,SPIRE HULL AND EAST RIDING HOSPITAL,NHS HUMBER AND NORTH YORKSHIRE INTEGRATED CARE BOARD,C_320,Cardiology Service,39,23,0,0.5897,True
RTT-April-2026,2026-04-01,NT351,SPIRE HULL AND EAST RIDING HOSPITAL,NHS HUMBER AND NORTH YORKSHIRE INTEGRATED CARE BOARD,C_330,Dermatology Service,72,19,0,0.2639,True
RTT-April-2026,2026-04-01,NT351,SPIRE HULL AND EAST RIDING HOSPITAL,NHS HUMBER AND NORTH YORKSHIRE INTEGRATED CARE BOARD,C_120,Ear Nose and Throat Service,62,28,0,0.4516,True
RTT-April-2026,2026-04-01,NT351,SPIRE HULL AND EAST RIDING HOSPITAL,NHS HUMBER AND NORTH YORKSHIRE INTEGRATED CARE BOARD,C_301,Gastroenterology Service,1,1,0,1.0,False
RTT-April-2026,2026-04-01,NT351,SPIRE HULL AND EAST RIDING HOSPITAL,NHS HUMBER AND NORTH YORKSHIRE INTEGRATED CARE BOARD,C_100,General Surgery Service,698,446,0,0.639,True
RTT-April-2026,2026-04-01,NT351,SPIRE HULL AND EAST RIDING HOSPITAL,NHS HUMBER AND NORTH YORKSHIRE INTEGRATED CARE BOARD,C_502,Gynaecology Service,1,1,0,1.0,False
RTT-April-2026,2026-04-01,NT351,SPIRE HULL AND EAST RIDING HOSPITAL,NHS HUMBER AND NORTH YORKSHIRE INTEGRATED CARE BOARD,C_400,Neurology Service,56,29,0,0.5179,True
RTT-April-2026,2026-04-01,NT351,SPIRE HULL AND EAST RIDING HOSPITAL,NHS HUMBER AND NORTH YORKSHIRE INTEGRATED CARE BOARD,C_150,Neurosurgical Service,111,70,0,0.6306,True
RTT-April-2026,2026-04-01,NT351,SPIRE HULL AND EAST RIDING HOSPITAL,NHS HUMBER AND NORTH YORKSHIRE INTEGRATED CARE BOARD,X05,Other - Surgical Services,218,148,0,0.6789,True
RTT-April-2026,2026-04-01,NT351,SPIRE HULL AND EAST RIDING HOSPITAL,NHS HUMBER AND NORTH YORKSHIRE INTEGRATED CARE BOARD,C_110,Trauma and Orthopaedic Service,1304,754,0,0.5782,True
RTT-April-2026,2026-04-01,NT351,SPIRE HULL AND EAST RIDING HOSPITAL,NHS HUMBER AND NORTH YORKSHIRE INTEGRATED CARE BOARD,C_101,Urology Service,8,6,0,0.75,False
RTT-April-2026,2026-04-01,NT332,SPIRE LEEDS HOSPITAL,NHS WEST YORKSHIRE INTEGRATED CARE BOARD,C_100,General Surgery Service,189,178,0,0.9418,False
RTT-April-2026,2026-04-01,NT332,SPIRE LEEDS HOSPITAL,NHS WEST YORKSHIRE INTEGRATED CARE BOARD,X05,Other - Surgical Services,1,1,0,1.0,False
RTT-April-2026,2026-04-01,NT332,SPIRE LEEDS HOSPITAL,NHS WEST YORKSHIRE INTEGRATED CARE BOARD,C_160,Plastic Surgery Service,111,70,0,0.6306,True
RTT-April-2026,2026-04-01,NT332,SPIRE LEEDS HOSPITAL,NHS WEST YORKSHIRE INTEGRATED CARE BOARD,C_110,Trauma and Orthopaedic Service,463,362,0,0.7819,False
RTT-April-2026,2026-04-01,NT322,SPIRE LEICESTER HOSPITAL,"NHS LEICESTER, LEICESTERSHIRE AND RUTLAND INTEGRATED CARE BOARD",C_100,General Surgery Service,92,51,0,0.5543,True
RTT-April-2026,2026-04-01,NT322,SPIRE LEICESTER HOSPITAL,"NHS LEICESTER, LEICESTERSHIRE AND RUTLAND INTEGRATED CARE BOARD",X05,Other - Surgical Services,1,0,1,0.0,True
RTT-April-2026,2026-04-01,NT322,SPIRE LEICESTER HOSPITAL,"NHS LEICESTER, LEICESTERSHIRE AND RUTLAND INTEGRATED CARE BOARD",C_110,Trauma and Orthopaedic Service,830,456,10,0.5494,True
RTT-April-2026,2026-04-01,NT321,SPIRE LITTLE ASTON HOSPITAL,NHS STAFFORDSHIRE AND STOKE-ON-TRENT INTEGRATED CARE BOARD,C_100,General Surgery Service,317,242,0,0.7634,False
RTT-April-2026,2026-04-01,NT321,SPIRE LITTLE ASTON HOSPITAL,NHS STAFFORDSHIRE AND STOKE-ON-TRENT INTEGRATED CARE BOARD,C_502,Gynaecology Service,76,49,0,0.6447,True
RTT-April-2026,2026-04-01,NT321,SPIRE LITTLE ASTON HOSPITAL,NHS STAFFORDSHIRE AND STOKE-ON-TRENT INTEGRATED CARE BOARD,C_110,Trauma and Orthopaedic Service,792,513,7,0.6477,True
RTT-April-2026,2026-04-01,NT337,SPIRE LIVERPOOL HOSPITAL,NHS CHESHIRE AND MERSEYSIDE INTEGRATED CARE BOARD,C_120,Ear Nose and Throat Service,280,271,0,0.9679,False
RTT-April-2026,2026-04-01,NT337,SPIRE LIVERPOOL HOSPITAL,NHS CHESHIRE AND MERSEYSIDE INTEGRATED CARE BOARD,C_301,Gastroenterology Service,69,67,0,0.971,False
RTT-April-2026,2026-04-01,NT337,SPIRE LIVERPOOL HOSPITAL,NHS CHESHIRE AND MERSEYSIDE INTEGRATED CARE BOARD,C_100,General Surgery Service,778,655,2,0.8419,False
RTT-April-2026,2026-04-01,NT337,SPIRE LIVERPOOL HOSPITAL,NHS CHESHIRE AND MERSEYSIDE INTEGRATED CARE BOARD,X05,Other - Surgical Services,50,33,0,0.66,True
RTT-April-2026,2026-04-01,NT337,SPIRE LIVERPOOL HOSPITAL,NHS CHESHIRE AND MERSEYSIDE INTEGRATED CARE BOARD,C_160,Plastic Surgery Service,5,0,0,0.0,True
RTT-April-2026,2026-04-01,NT337,SPIRE LIVERPOOL HOSPITAL,NHS CHESHIRE AND MERSEYSIDE INTEGRATED CARE BOARD,C_110,Trauma and Orthopaedic Service,836,511,7,0.6112,True
RTT-April-2026,2026-04-01,NT337,SPIRE LIVERPOOL HOSPITAL,NHS CHESHIRE AND MERSEYSIDE INTEGRATED CARE BOARD,C_101,Urology Service,205,171,0,0.8341,False
RTT-April-2026,2026-04-01,NT314,SPIRE LONDON EAST,NHS NORTH EAST LONDON INTEGRATED CARE BOARD,C_100,General Surgery Service,671,493,7,0.7347,False
RTT-April-2026,2026-04-01,NT314,SPIRE LONDON EAST,NHS NORTH EAST LONDON INTEGRATED CARE BOARD,C_502,Gynaecology Service,770,326,21,0.4234,True
RTT-April-2026,2026-04-01,NT314,SPIRE LONDON EAST,NHS NORTH EAST LONDON INTEGRATED CARE BOARD,C_150,Neurosurgical Service,423,208,4,0.4917,True
RTT-April-2026,2026-04-01,NT314,SPIRE LONDON EAST,NHS NORTH EAST LONDON INTEGRATED CARE BOARD,X05,Other - Surgical Services,459,322,9,0.7015,False
RTT-April-2026,2026-04-01,NT314,SPIRE LONDON EAST,NHS NORTH EAST LONDON INTEGRATED CARE BOARD,C_160,Plastic Surgery Service,43,25,0,0.5814,True
RTT-April-2026,2026-04-01,NT314,SPIRE LONDON EAST,NHS NORTH EAST LONDON INTEGRATED CARE BOARD,C_110,Trauma and Orthopaedic Service,1070,796,6,0.7439,False
RTT-April-2026,2026-04-01,NT327,SPIRE MANCHESTER HOSPITAL,NHS GREATER MANCHESTER INTEGRATED CARE BOARD,C_100,General Surgery Service,118,104,0,0.8814,False
RTT-April-2026,2026-04-01,NT327,SPIRE MANCHESTER HOSPITAL,NHS GREATER MANCHESTER INTEGRATED CARE BOARD,X05,Other - Surgical Services,10,10,0,1.0,False
RTT-April-2026,2026-04-01,NT327,SPIRE MANCHESTER HOSPITAL,NHS GREATER MANCHESTER INTEGRATED CARE BOARD,C_110,Trauma and Orthopaedic Service,503,364,0,0.7237,False
RTT-April-2026,2026-04-01,NT350,SPIRE METHLEY PARK HOSPITAL,NHS WEST YORKSHIRE INTEGRATED CARE BOARD,C_100,General Surgery Service,215,173,0,0.8047,False
RTT-April-2026,2026-04-01,NT350,SPIRE METHLEY PARK HOSPITAL,NHS WEST YORKSHIRE INTEGRATED CARE BOARD,C_150,Neurosurgical Service,12,10,0,0.8333,False
RTT-April-2026,2026-04-01,NT350,SPIRE METHLEY PARK HOSPITAL,NHS WEST YORKSHIRE INTEGRATED CARE BOARD,C_160,Plastic Surgery Service,23,20,0,0.8696,False
RTT-April-2026,2026-04-01,NT350,SPIRE METHLEY PARK HOSPITAL,NHS WEST YORKSHIRE INTEGRATED CARE BOARD,C_110,Trauma and Orthopaedic Service,562,472,1,0.8399,False
RTT-April-2026,2026-04-01,NT350,SPIRE METHLEY PARK HOSPITAL,NHS WEST YORKSHIRE INTEGRATED CARE BOARD,C_101,Urology Service,15,10,0,0.6667,True
RTT-April-2026,2026-04-01,NT364,SPIRE MONTEFIORE HOSPITAL,NHS SURREY AND SUSSEX INTEGRATED CARE BOARD,C_100,General Surgery Service,132,87,3,0.6591,True
RTT-April-2026,2026-04-01,NT364,SPIRE MONTEFIORE HOSPITAL,NHS SURREY AND SUSSEX INTEGRATED CARE BOARD,X05,Other - Surgical Services,2,2,0,1.0,False
RTT-April-2026,2026-04-01,NT364,SPIRE MONTEFIORE HOSPITAL,NHS SURREY AND SUSSEX INTEGRATED CARE BOARD,C_110,Trauma and Orthopaedic Service,476,249,11,0.5231,True
RTT-April-2026,2026-04-01,NT325,SPIRE MURRAYFIELD HOSPITAL,NHS CHESHIRE AND MERSEYSIDE INTEGRATED CARE BOARD,C_100,General Surgery Service,246,192,2,0.7805,False
RTT-April-2026,2026-04-01,NT325,SPIRE MURRAYFIELD HOSPITAL,NHS CHESHIRE AND MERSEYSIDE INTEGRATED CARE BOARD,C_400,Neurology Service,1,1,0,1.0,False
RTT-April-2026,2026-04-01,NT325,SPIRE MURRAYFIELD HOSPITAL,NHS CHESHIRE AND MERSEYSIDE INTEGRATED CARE BOARD,X05,Other - Surgical Services,61,39,1,0.6393,True
RTT-April-2026,2026-04-01,NT325,SPIRE MURRAYFIELD HOSPITAL,NHS CHESHIRE AND MERSEYSIDE INTEGRATED CARE BOARD,C_110,Trauma and Orthopaedic Service,395,294,0,0.7443,False
RTT-April-2026,2026-04-01,NT325,SPIRE MURRAYFIELD HOSPITAL,NHS CHESHIRE AND MERSEYSIDE INTEGRATED CARE BOARD,C_101,Urology Service,46,36,0,0.7826,False
RTT-April-2026,2026-04-01,NT318,SPIRE NORWICH HOSPITAL,NHS NORFOLK AND SUFFOLK INTEGRATED CARE BOARD,C_100,General Surgery Service,132,104,0,0.7879,False
RTT-April-2026,2026-04-01,NT318,SPIRE NORWICH HOSPITAL,NHS NORFOLK AND SUFFOLK INTEGRATED CARE BOARD,C_110,Trauma and Orthopaedic Service,842,642,2,0.7625,False
RTT-April-2026,2026-04-01,NT30A,SPIRE NOTTINGHAM HOSPITAL,NHS NOTTINGHAM AND NOTTINGHAMSHIRE INTEGRATED CARE BOARD,C_100,General Surgery Service,162,150,0,0.9259,False
RTT-April-2026,2026-04-01,NT30A,SPIRE NOTTINGHAM HOSPITAL,NHS NOTTINGHAM AND NOTTINGHAMSHIRE INTEGRATED CARE BOARD,C_110,Trauma and Orthopaedic Service,424,329,0,0.7759,False
RTT-April-2026,2026-04-01,NT30A,SPIRE NOTTINGHAM HOSPITAL,NHS NOTTINGHAM AND NOTTINGHAMSHIRE INTEGRATED CARE BOARD,C_101,Urology Service,39,36,0,0.9231,False
RTT-April-2026,2026-04-01,NT320,SPIRE PARKWAY HOSPITAL,NHS BIRMINGHAM AND SOLIHULL INTEGRATED CARE BOARD,C_100,General Surgery Service,323,250,2,0.774,False
RTT-April-2026,2026-04-01,NT320,SPIRE PARKWAY HOSPITAL,NHS BIRMINGHAM AND SOLIHULL INTEGRATED CARE BOARD,C_502,Gynaecology Service,121,91,5,0.7521,False
RTT-April-2026,2026-04-01,NT320,SPIRE PARKWAY HOSPITAL,NHS BIRMINGHAM AND SOLIHULL INTEGRATED CARE BOARD,X05,Other - Surgical Services,22,14,1,0.6364,True
RTT-April-2026,2026-04-01,NT320,SPIRE PARKWAY HOSPITAL,NHS BIRMINGHAM AND SOLIHULL INTEGRATED CARE BOARD,C_110,Trauma and Orthopaedic Service,905,647,11,0.7149,False
RTT-April-2026,2026-04-01,NT305,SPIRE PORTSMOUTH HOSPITAL,NHS HAMPSHIRE AND ISLE OF WIGHT INTEGRATED CARE BOARD,C_100,General Surgery Service,15,14,0,0.9333,False
RTT-April-2026,2026-04-01,NT305,SPIRE PORTSMOUTH HOSPITAL,NHS HAMPSHIRE AND ISLE OF WIGHT INTEGRATED CARE BOARD,C_110,Trauma and Orthopaedic Service,458,254,2,0.5546,True
RTT-April-2026,2026-04-01,NT339,SPIRE REGENCY HOSPITAL,NHS CHESHIRE AND MERSEYSIDE INTEGRATED CARE BOARD,C_100,General Surgery Service,306,266,0,0.8693,False
RTT-April-2026,2026-04-01,NT339,SPIRE REGENCY HOSPITAL,NHS CHESHIRE AND MERSEYSIDE INTEGRATED CARE BOARD,C_150,Neurosurgical Service,25,23,0,0.92,False
RTT-April-2026,2026-04-01,NT339,SPIRE REGENCY HOSPITAL,NHS CHESHIRE AND MERSEYSIDE INTEGRATED CARE BOARD,X05,Other - Surgical Services,828,828,0,1.0,False
RTT-April-2026,2026-04-01,NT339,SPIRE REGENCY HOSPITAL,NHS CHESHIRE AND MERSEYSIDE INTEGRATED CARE BOARD,C_110,Trauma and Orthopaedic Service,790,716,0,0.9063,False
RTT-April-2026,2026-04-01,NT339,SPIRE REGENCY HOSPITAL,NHS CHESHIRE AND MERSEYSIDE INTEGRATED CARE BOARD,C_101,Urology Service,55,55,0,1.0,False
RTT-April-2026,2026-04-01,NT301,SPIRE SOUTH BANK HOSPITAL,NHS HEREFORDSHIRE AND WORCESTERSHIRE INTEGRATED CARE BOARD,C_301,Gastroenterology Service,12,11,0,0.9167,False
RTT-April-2026,2026-04-01,NT301,SPIRE SOUTH BANK HOSPITAL,NHS HEREFORDSHIRE AND WORCESTERSHIRE INTEGRATED CARE BOARD,C_100,General Surgery Service,201,180,0,0.8955,False
RTT-April-2026,2026-04-01,NT301,SPIRE SOUTH BANK HOSPITAL,NHS HEREFORDSHIRE AND WORCESTERSHIRE INTEGRATED CARE BOARD,X05,Other - Surgical Services,2,2,0,1.0,False
RTT-April-2026,2026-04-01,NT301,SPIRE SOUTH BANK HOSPITAL,NHS HEREFORDSHIRE AND WORCESTERSHIRE INTEGRATED CARE BOARD,C_110,Trauma and Orthopaedic Service,546,336,1,0.6154,True
RTT-April-2026,2026-04-01,NT304,SPIRE SOUTHAMPTON HOSPITAL,NHS HAMPSHIRE AND ISLE OF WIGHT INTEGRATED CARE BOARD,C_100,General Surgery Service,29,21,0,0.7241,False
RTT-April-2026,2026-04-01,NT304,SPIRE SOUTHAMPTON HOSPITAL,NHS HAMPSHIRE AND ISLE OF WIGHT INTEGRATED CARE BOARD,C_150,Neurosurgical Service,5,5,0,1.0,False
RTT-April-2026,2026-04-01,NT304,SPIRE SOUTHAMPTON HOSPITAL,NHS HAMPSHIRE AND ISLE OF WIGHT INTEGRATED CARE BOARD,X05,Other - Surgical Services,1,0,0,0.0,True
RTT-April-2026,2026-04-01,NT304,SPIRE SOUTHAMPTON HOSPITAL,NHS HAMPSHIRE AND ISLE OF WIGHT INTEGRATED CARE BOARD,C_110,Trauma and Orthopaedic Service,270,67,6,0.2481,True
RTT-April-2026,2026-04-01,NT304,SPIRE SOUTHAMPTON HOSPITAL,NHS HAMPSHIRE AND ISLE OF WIGHT INTEGRATED CARE BOARD,C_101,Urology Service,2,0,0,0.0,True
RTT-April-2026,2026-04-01,NT3X3,SPIRE ST ANTHONY'S HOSPITAL,NHS SOUTH WEST LONDON INTEGRATED CARE BOARD,C_320,Cardiology Service,4,4,0,1.0,False
RTT-April-2026,2026-04-01,NT3X3,SPIRE ST ANTHONY'S HOSPITAL,NHS SOUTH WEST LONDON INTEGRATED CARE BOARD,C_120,Ear Nose and Throat Service,13,11,0,0.8462,False
RTT-April-2026,2026-04-01,NT3X3,SPIRE ST ANTHONY'S HOSPITAL,NHS SOUTH WEST LONDON INTEGRATED CARE BOARD,C_100,General Surgery Service,468,421,1,0.8996,False
RTT-April-2026,2026-04-01,NT3X3,SPIRE ST ANTHONY'S HOSPITAL,NHS SOUTH WEST LONDON INTEGRATED CARE BOARD,C_502,Gynaecology Service,37,33,0,0.8919,False
RTT-April-2026,2026-04-01,NT3X3,SPIRE ST ANTHONY'S HOSPITAL,NHS SOUTH WEST LONDON INTEGRATED CARE BOARD,C_400,Neurology Service,1,1,0,1.0,False
RTT-April-2026,2026-04-01,NT3X3,SPIRE ST ANTHONY'S HOSPITAL,NHS SOUTH WEST LONDON INTEGRATED CARE BOARD,C_150,Neurosurgical Service,35,29,0,0.8286,False
RTT-April-2026,2026-04-01,NT3X3,SPIRE ST ANTHONY'S HOSPITAL,NHS SOUTH WEST LONDON INTEGRATED CARE BOARD,X05,Other - Surgical Services,376,376,0,1.0,False
RTT-April-2026,2026-04-01,NT3X3,SPIRE ST ANTHONY'S HOSPITAL,NHS SOUTH WEST LONDON INTEGRATED CARE BOARD,C_110,Trauma and Orthopaedic Service,92,75,2,0.8152,False
RTT-April-2026,2026-04-01,NT343,SPIRE THAMES VALLEY HOSPITAL,NHS THAMES VALLEY INTEGRATED CARE BOARD,C_100,General Surgery Service,81,32,3,0.3951,True
RTT-April-2026,2026-04-01,NT343,SPIRE THAMES VALLEY HOSPITAL,NHS THAMES VALLEY INTEGRATED CARE BOARD,X05,Other - Surgical Services,2,1,0,0.5,True
RTT-April-2026,2026-04-01,NT343,SPIRE THAMES VALLEY HOSPITAL,NHS THAMES VALLEY INTEGRATED CARE BOARD,C_160,Plastic Surgery Service,106,64,0,0.6038,True
RTT-April-2026,2026-04-01,NT343,SPIRE THAMES VALLEY HOSPITAL,NHS THAMES VALLEY INTEGRATED CARE BOARD,C_110,Trauma and Orthopaedic Service,259,100,5,0.3861,True
RTT-April-2026,2026-04-01,NT333,SPIRE WASHINGTON HOSPITAL,NHS NORTH EAST AND NORTH CUMBRIA INTEGRATED CARE BOARD,C_100,General Surgery Service,200,174,0,0.87,False
RTT-April-2026,2026-04-01,NT333,SPIRE WASHINGTON HOSPITAL,NHS NORTH EAST AND NORTH CUMBRIA INTEGRATED CARE BOARD,C_150,Neurosurgical Service,56,39,0,0.6964,True
RTT-April-2026,2026-04-01,NT333,SPIRE WASHINGTON HOSPITAL,NHS NORTH EAST AND NORTH CUMBRIA INTEGRATED CARE BOARD,C_110,Trauma and Orthopaedic Service,1539,1176,21,0.7641,False
RTT-April-2026,2026-04-01,NT313,SPIRE WELLESLEY HOSPITAL,NHS ESSEX INTEGRATED CARE BOARD,C_100,General Surgery Service,210,134,2,0.6381,True
RTT-April-2026,2026-04-01,NT313,SPIRE WELLESLEY HOSPITAL,NHS ESSEX INTEGRATED CARE BOARD,X05,Other - Surgical Services,14,8,0,0.5714,True
RTT-April-2026,2026-04-01,NT313,SPIRE WELLESLEY HOSPITAL,NHS ESSEX INTEGRATED CARE BOARD,C_110,Trauma and Orthopaedic Service,955,619,12,0.6482,True
RTT-April-2026,2026-04-01,NVC18,SPRINGFIELD HOSPITAL,NHS ESSEX INTEGRATED CARE BOARD,C_120,Ear Nose and Throat Service,918,688,0,0.7495,False
RTT-April-2026,2026-04-01,NVC18,SPRINGFIELD HOSPITAL,NHS ESSEX INTEGRATED CARE BOARD,C_301,Gastroenterology Service,239,215,1,0.8996,False
RTT-April-2026,2026-04-01,NVC18,SPRINGFIELD HOSPITAL,NHS ESSEX INTEGRATED CARE BOARD,C_100,General Surgery Service,597,385,1,0.6449,True
RTT-April-2026,2026-04-01,NVC18,SPRINGFIELD HOSPITAL,NHS ESSEX INTEGRATED CARE BOARD,C_502,Gynaecology Service,464,358,0,0.7716,False
RTT-April-2026,2026-04-01,NVC18,SPRINGFIELD HOSPITAL,NHS ESSEX INTEGRATED CARE BOARD,C_400,Neurology Service,1,1,0,1.0,False
RTT-April-2026,2026-04-01,NVC18,SPRINGFIELD HOSPITAL,NHS ESSEX INTEGRATED CARE BOARD,C_160,Plastic Surgery Service,4,2,0,0.5,True
RTT-April-2026,2026-04-01,NVC18,SPRINGFIELD HOSPITAL,NHS ESSEX INTEGRATED CARE BOARD,C_110,Trauma and Orthopaedic Service,1727,1130,29,0.6543,True
RTT-April-2026,2026-04-01,NVC18,SPRINGFIELD HOSPITAL,NHS ESSEX INTEGRATED CARE BOARD,C_101,Urology Service,721,490,72,0.6796,True
RTT-April-2026,2026-04-01,NT446,ST EDMUNDS HOSPITAL,NHS NORFOLK AND SUFFOLK INTEGRATED CARE BOARD,C_301,Gastroenterology Service,20,14,0,0.7,False
RTT-April-2026,2026-04-01,NT446,ST EDMUNDS HOSPITAL,NHS NORFOLK AND SUFFOLK INTEGRATED CARE BOARD,C_100,General Surgery Service,73,66,0,0.9041,False
RTT-April-2026,2026-04-01,NT446,ST EDMUNDS HOSPITAL,NHS NORFOLK AND SUFFOLK INTEGRATED CARE BOARD,C_130,Ophthalmology Service,23,16,0,0.6957,True
RTT-April-2026,2026-04-01,NT446,ST EDMUNDS HOSPITAL,NHS NORFOLK AND SUFFOLK INTEGRATED CARE BOARD,X06,Other - Other Services,2,0,0,0.0,True
RTT-April-2026,2026-04-01,NT446,ST EDMUNDS HOSPITAL,NHS NORFOLK AND SUFFOLK INTEGRATED CARE BOARD,C_110,Trauma and Orthopaedic Service,349,139,1,0.3983,True
RTT-April-2026,2026-04-01,NT446,ST EDMUNDS HOSPITAL,NHS NORFOLK AND SUFFOLK INTEGRATED CARE BOARD,C_101,Urology Service,54,34,0,0.6296,True
RTT-April-2026,2026-04-01,RJ7,ST GEORGE'S UNIVERSITY HOSPITALS NHS FOUNDATION TRUST,NHS SOUTH WEST LONDON INTEGRATED CARE BOARD,C_320,Cardiology Service,6003,3727,87,0.6209,True
RTT-April-2026,2026-04-01,RJ7,ST GEORGE'S UNIVERSITY HOSPITALS NHS FOUNDATION TRUST,NHS SOUTH WEST LONDON INTEGRATED CARE BOARD,C_170,Cardiothoracic Surgery Service,249,235,0,0.9438,False
RTT-April-2026,2026-04-01,RJ7,ST GEORGE'S UNIVERSITY HOSPITALS NHS FOUNDATION TRUST,NHS SOUTH WEST LONDON INTEGRATED CARE BOARD,C_330,Dermatology Service,5047,2936,29,0.5817,True
RTT-April-2026,2026-04-01,RJ7,ST GEORGE'S UNIVERSITY HOSPITALS NHS FOUNDATION TRUST,NHS SOUTH WEST LONDON INTEGRATED CARE BOARD,C_120,Ear Nose and Throat Service,4725,3067,1,0.6491,True
RTT-April-2026,2026-04-01,RJ7,ST GEORGE'S UNIVERSITY HOSPITALS NHS FOUNDATION TRUST,NHS SOUTH WEST LONDON INTEGRATED CARE BOARD,C_430,Elderly Medicine Service,43,43,0,1.0,False
RTT-April-2026,2026-04-01,RJ7,ST GEORGE'S UNIVERSITY HOSPITALS NHS FOUNDATION TRUST,NHS SOUTH WEST LONDON INTEGRATED CARE BOARD,C_301,Gastroenterology Service,2513,1814,6,0.7218,False
RTT-April-2026,2026-04-01,RJ7,ST GEORGE'S UNIVERSITY HOSPITALS NHS FOUNDATION TRUST,NHS SOUTH WEST LONDON INTEGRATED CARE BOARD,C_300,General Internal Medicine Service,140,119,2,0.85,False
RTT-April-2026,2026-04-01,RJ7,ST GEORGE'S UNIVERSITY HOSPITALS NHS FOUNDATION TRUST,NHS SOUTH WEST LONDON INTEGRATED CARE BOARD,C_100,General Surgery Service,1252,594,62,0.4744,True
RTT-April-2026,2026-04-01,RJ7,ST GEORGE'S UNIVERSITY HOSPITALS NHS FOUNDATION TRUST,NHS SOUTH WEST LONDON INTEGRATED CARE BOARD,C_502,Gynaecology Service,4270,2287,63,0.5356,True
RTT-April-2026,2026-04-01,RJ7,ST GEORGE'S UNIVERSITY HOSPITALS NHS FOUNDATION TRUST,NHS SOUTH WEST LONDON INTEGRATED CARE BOARD,C_400,Neurology Service,4330,2615,4,0.6039,True
RTT-April-2026,2026-04-01,RJ7,ST GEORGE'S UNIVERSITY HOSPITALS NHS FOUNDATION TRUST,NHS SOUTH WEST LONDON INTEGRATED CARE BOARD,C_150,Neurosurgical Service,3760,2012,16,0.5351,True
RTT-April-2026,2026-04-01,RJ7,ST GEORGE'S UNIVERSITY HOSPITALS NHS FOUNDATION TRUST,NHS SOUTH WEST LONDON INTEGRATED CARE BOARD,C_130,Ophthalmology Service,91,48,0,0.5275,True
RTT-April-2026,2026-04-01,RJ7,ST GEORGE'S UNIVERSITY HOSPITALS NHS FOUNDATION TRUST,NHS SOUTH WEST LONDON INTEGRATED CARE BOARD,C_140,Oral Surgery Service,1603,1016,48,0.6338,True
RTT-April-2026,2026-04-01,RJ7,ST GEORGE'S UNIVERSITY HOSPITALS NHS FOUNDATION TRUST,NHS SOUTH WEST LONDON INTEGRATED CARE BOARD,X02,Other - Medical Services,10267,7166,28,0.698,True
RTT-April-2026,2026-04-01,RJ7,ST GEORGE'S UNIVERSITY HOSPITALS NHS FOUNDATION TRUST,NHS SOUTH WEST LONDON INTEGRATED CARE BOARD,X06,Other - Other Services,2003,1163,2,0.5806,True
RTT-April-2026,2026-04-01,RJ7,ST GEORGE'S UNIVERSITY HOSPITALS NHS FOUNDATION TRUST,NHS SOUTH WEST LONDON INTEGRATED CARE BOARD,X04,Other - Paediatric Services,3135,2248,8,0.7171,False
RTT-April-2026,2026-04-01,RJ7,ST GEORGE'S UNIVERSITY HOSPITALS NHS FOUNDATION TRUST,NHS SOUTH WEST LONDON INTEGRATED CARE BOARD,X05,Other - Surgical Services,5606,3343,94,0.5963,True
RTT-April-2026,2026-04-01,RJ7,ST GEORGE'S UNIVERSITY HOSPITALS NHS FOUNDATION TRUST,NHS SOUTH WEST LONDON INTEGRATED CARE BOARD,C_160,Plastic Surgery Service,1548,1027,9,0.6634,True
RTT-April-2026,2026-04-01,RJ7,ST GEORGE'S UNIVERSITY HOSPITALS NHS FOUNDATION TRUST,NHS SOUTH WEST LONDON INTEGRATED CARE BOARD,C_340,Respiratory Medicine Service,3363,2106,6,0.6262,True
RTT-April-2026,2026-04-01,RJ7,ST GEORGE'S UNIVERSITY HOSPITALS NHS FOUNDATION TRUST,NHS SOUTH WEST LONDON INTEGRATED CARE BOARD,C_410,Rheumatology Service,1311,909,3,0.6934,True
RTT-April-2026,2026-04-01,RJ7,ST GEORGE'S UNIVERSITY HOSPITALS NHS FOUNDATION TRUST,NHS SOUTH WEST LONDON INTEGRATED CARE BOARD,C_110,Trauma and Orthopaedic Service,4032,2567,3,0.6367,True
RTT-April-2026,2026-04-01,RJ7,ST GEORGE'S UNIVERSITY HOSPITALS NHS FOUNDATION TRUST,NHS SOUTH WEST LONDON INTEGRATED CARE BOARD,C_101,Urology Service,2848,1872,0,0.6573,True
RTT-April-2026,2026-04-01,NTE02,ST HUGH'S HOSPITAL,NHS HUMBER AND NORTH YORKSHIRE INTEGRATED CARE BOARD,C_301,Gastroenterology Service,7,2,4,0.2857,True
RTT-April-2026,2026-04-01,NTE02,ST HUGH'S HOSPITAL,NHS HUMBER AND NORTH YORKSHIRE INTEGRATED CARE BOARD,C_100,General Surgery Service,197,152,1,0.7716,False
RTT-April-2026,2026-04-01,NTE02,ST HUGH'S HOSPITAL,NHS HUMBER AND NORTH YORKSHIRE INTEGRATED CARE BOARD,C_502,Gynaecology Service,232,210,0,0.9052,False
RTT-April-2026,2026-04-01,NTE02,ST HUGH'S HOSPITAL,NHS HUMBER AND NORTH YORKSHIRE INTEGRATED CARE BOARD,C_130,Ophthalmology Service,112,94,0,0.8393,False
RTT-April-2026,2026-04-01,NTE02,ST HUGH'S HOSPITAL,NHS HUMBER AND NORTH YORKSHIRE INTEGRATED CARE BOARD,C_110,Trauma and Orthopaedic Service,1427,1132,5,0.7933,False
RTT-April-2026,2026-04-01,NTE02,ST HUGH'S HOSPITAL,NHS HUMBER AND NORTH YORKSHIRE INTEGRATED CARE BOARD,C_101,Urology Service,88,67,1,0.7614,False
RTT-April-2026,2026-04-01,NQT5K,ST MARTINS HOSPITAL,"NHS BATH AND NORTH EAST SOMERSET, SWINDON AND WILTSHIRE INTEGRATED CARE BOARD",C_430,Elderly Medicine Service,39,38,1,0.9744,False
RTT-April-2026,2026-04-01,NQT5K,ST MARTINS HOSPITAL,"NHS BATH AND NORTH EAST SOMERSET, SWINDON AND WILTSHIRE INTEGRATED CARE BOARD",C_110,Trauma and Orthopaedic Service,71,44,1,0.6197,True
RTT-April-2026,2026-04-01,AHP,ST MICHAEL'S CLINIC LIMITED,"NHS SHROPSHIRE, TELFORD AND WREKIN INTEGRATED CARE BOARD",C_330,Dermatology Service,1691,1091,24,0.6452,True
RTT-April-2026,2026-04-01,NHW,STANDARD HEALTH LTD,NHS WEST AND NORTH LONDON INTEGRATED CARE BOARD,C_110,Trauma and Orthopaedic Service,124,82,0,0.6613,True
RTT-April-2026,2026-04-01,RWJ,STOCKPORT NHS FOUNDATION TRUST,NHS GREATER MANCHESTER INTEGRATED CARE BOARD,C_320,Cardiology Service,3250,1817,23,0.5591,True
RTT-April-2026,2026-04-01,RWJ,STOCKPORT NHS FOUNDATION TRUST,NHS GREATER MANCHESTER INTEGRATED CARE BOARD,C_170,Cardiothoracic Surgery Service,3,3,0,1.0,False
RTT-April-2026,2026-04-01,RWJ,STOCKPORT NHS FOUNDATION TRUST,NHS GREATER MANCHESTER INTEGRATED CARE BOARD,C_120,Ear Nose and Throat Service,4049,2537,1,0.6266,True
RTT-April-2026,2026-04-01,RWJ,STOCKPORT NHS FOUNDATION TRUST,NHS GREATER MANCHESTER INTEGRATED CARE BOARD,C_430,Elderly Medicine Service,115,113,0,0.9826,False
RTT-April-2026,2026-04-01,RWJ,STOCKPORT NHS FOUNDATION TRUST,NHS GREATER MANCHESTER INTEGRATED CARE BOARD,C_301,Gastroenterology Service,2888,1872,6,0.6482,True
RTT-April-2026,2026-04-01,RWJ,STOCKPORT NHS FOUNDATION TRUST,NHS GREATER MANCHESTER INTEGRATED CARE BOARD,C_300,General Internal Medicine Service,2,2,0,1.0,False
RTT-April-2026,2026-04-01,RWJ,STOCKPORT NHS FOUNDATION TRUST,NHS GREATER MANCHESTER INTEGRATED CARE BOARD,C_100,General Surgery Service,3333,2137,26,0.6412,True
RTT-April-2026,2026-04-01,RWJ,STOCKPORT NHS FOUNDATION TRUST,NHS GREATER MANCHESTER INTEGRATED CARE BOARD,C_502,Gynaecology Service,3002,1742,42,0.5803,True
RTT-April-2026,2026-04-01,RWJ,STOCKPORT NHS FOUNDATION TRUST,NHS GREATER MANCHESTER INTEGRATED CARE BOARD,C_130,Ophthalmology Service,3920,2649,14,0.6758,True
RTT-April-2026,2026-04-01,RWJ,STOCKPORT NHS FOUNDATION TRUST,NHS GREATER MANCHESTER INTEGRATED CARE BOARD,C_140,Oral Surgery Service,11,11,0,1.0,False
RTT-April-2026,2026-04-01,RWJ,STOCKPORT NHS FOUNDATION TRUST,NHS GREATER MANCHESTER INTEGRATED CARE BOARD,X02,Other - Medical Services,3227,1933,16,0.599,True
RTT-April-2026,2026-04-01,RWJ,STOCKPORT NHS FOUNDATION TRUST,NHS GREATER MANCHESTER INTEGRATED CARE BOARD,X06,Other - Other Services,250,117,7,0.468,True
RTT-April-2026,2026-04-01,RWJ,STOCKPORT NHS FOUNDATION TRUST,NHS GREATER MANCHESTER INTEGRATED CARE BOARD,X04,Other - Paediatric Services,139,121,0,0.8705,False
RTT-April-2026,2026-04-01,RWJ,STOCKPORT NHS FOUNDATION TRUST,NHS GREATER MANCHESTER INTEGRATED CARE BOARD,X05,Other - Surgical Services,230,102,0,0.4435,True
RTT-April-2026,2026-04-01,RWJ,STOCKPORT NHS FOUNDATION TRUST,NHS GREATER MANCHESTER INTEGRATED CARE BOARD,C_340,Respiratory Medicine Service,565,510,0,0.9027,False
RTT-April-2026,2026-04-01,RWJ,STOCKPORT NHS FOUNDATION TRUST,NHS GREATER MANCHESTER INTEGRATED CARE BOARD,C_410,Rheumatology Service,1221,751,9,0.6151,True
RTT-April-2026,2026-04-01,RWJ,STOCKPORT NHS FOUNDATION TRUST,NHS GREATER MANCHESTER INTEGRATED CARE BOARD,C_110,Trauma and Orthopaedic Service,6047,3447,45,0.57,True
RTT-April-2026,2026-04-01,RWJ,STOCKPORT NHS FOUNDATION TRUST,NHS GREATER MANCHESTER INTEGRATED CARE BOARD,C_101,Urology Service,2077,1327,11,0.6389,True
RTT-April-2026,2026-04-01,NVC1H,STOURSIDE HOSPITAL,NHS BLACK COUNTRY INTEGRATED CARE BOARD,C_301,Gastroenterology Service,4,0,1,0.0,True
RTT-April-2026,2026-04-01,NVC1H,STOURSIDE HOSPITAL,NHS BLACK COUNTRY INTEGRATED CARE BOARD,C_100,General Surgery Service,433,350,3,0.8083,False
RTT-April-2026,2026-04-01,NVC1H,STOURSIDE HOSPITAL,NHS BLACK COUNTRY INTEGRATED CARE BOARD,C_502,Gynaecology Service,417,277,1,0.6643,True
RTT-April-2026,2026-04-01,NVC1H,STOURSIDE HOSPITAL,NHS BLACK COUNTRY INTEGRATED CARE BOARD,C_130,Ophthalmology Service,319,293,0,0.9185,False
RTT-April-2026,2026-04-01,NVC1H,STOURSIDE HOSPITAL,NHS BLACK COUNTRY INTEGRATED CARE BOARD,X02,Other - Medical Services,261,181,2,0.6935,True
RTT-April-2026,2026-04-01,NVC1H,STOURSIDE HOSPITAL,NHS BLACK COUNTRY INTEGRATED CARE BOARD,X06,Other - Other Services,28,11,0,0.3929,True
RTT-April-2026,2026-04-01,NVC1H,STOURSIDE HOSPITAL,NHS BLACK COUNTRY INTEGRATED CARE BOARD,C_160,Plastic Surgery Service,1,1,0,1.0,False
RTT-April-2026,2026-04-01,NVC1H,STOURSIDE HOSPITAL,NHS BLACK COUNTRY INTEGRATED CARE BOARD,C_110,Trauma and Orthopaedic Service,1265,877,8,0.6933,True
RTT-April-2026,2026-04-01,NVC1H,STOURSIDE HOSPITAL,NHS BLACK COUNTRY INTEGRATED CARE BOARD,C_101,Urology Service,233,122,4,0.5236,True
RTT-April-2026,2026-04-01,G3Z1Q,SULIS HOSPITAL BATH (FOXCOTE AVENUE),"NHS BATH AND NORTH EAST SOMERSET, SWINDON AND WILTSHIRE INTEGRATED CARE BOARD",C_120,Ear Nose and Throat Service,595,394,0,0.6622,True
RTT-April-2026,2026-04-01,G3Z1Q,SULIS HOSPITAL BATH (FOXCOTE AVENUE),"NHS BATH AND NORTH EAST SOMERSET, SWINDON AND WILTSHIRE INTEGRATED CARE BOARD",C_301,Gastroenterology Service,52,51,0,0.9808,False
RTT-April-2026,2026-04-01,G3Z1Q,SULIS HOSPITAL BATH (FOXCOTE AVENUE),"NHS BATH AND NORTH EAST SOMERSET, SWINDON AND WILTSHIRE INTEGRATED CARE BOARD",C_100,General Surgery Service,333,258,0,0.7748,False
RTT-April-2026,2026-04-01,G3Z1Q,SULIS HOSPITAL BATH (FOXCOTE AVENUE),"NHS BATH AND NORTH EAST SOMERSET, SWINDON AND WILTSHIRE INTEGRATED CARE BOARD",C_502,Gynaecology Service,191,157,0,0.822,False
RTT-April-2026,2026-04-01,G3Z1Q,SULIS HOSPITAL BATH (FOXCOTE AVENUE),"NHS BATH AND NORTH EAST SOMERSET, SWINDON AND WILTSHIRE INTEGRATED CARE BOARD",C_130,Ophthalmology Service,410,373,0,0.9098,False
RTT-April-2026,2026-04-01,G3Z1Q,SULIS HOSPITAL BATH (FOXCOTE AVENUE),"NHS BATH AND NORTH EAST SOMERSET, SWINDON AND WILTSHIRE INTEGRATED CARE BOARD",X02,Other - Medical Services,2,2,0,1.0,False
RTT-April-2026,2026-04-01,G3Z1Q,SULIS HOSPITAL BATH (FOXCOTE AVENUE),"NHS BATH AND NORTH EAST SOMERSET, SWINDON AND WILTSHIRE INTEGRATED CARE BOARD",C_110,Trauma and Orthopaedic Service,1911,1413,2,0.7394,False
RTT-April-2026,2026-04-01,G3Z1Q,SULIS HOSPITAL BATH (FOXCOTE AVENUE),"NHS BATH AND NORTH EAST SOMERSET, SWINDON AND WILTSHIRE INTEGRATED CARE BOARD",C_101,Urology Service,288,179,0,0.6215,True
RTT-April-2026,2026-04-01,RTP,SURREY AND SUSSEX HEALTHCARE NHS TRUST,NHS SURREY AND SUSSEX INTEGRATED CARE BOARD,C_320,Cardiology Service,2585,2202,3,0.8518,False
RTT-April-2026,2026-04-01,RTP,SURREY AND SUSSEX HEALTHCARE NHS TRUST,NHS SURREY AND SUSSEX INTEGRATED CARE BOARD,C_330,Dermatology Service,4283,2625,90,0.6129,True
RTT-April-2026,2026-04-01,RTP,SURREY AND SUSSEX HEALTHCARE NHS TRUST,NHS SURREY AND SUSSEX INTEGRATED CARE BOARD,C_120,Ear Nose and Throat Service,5587,3356,127,0.6007,True
RTT-April-2026,2026-04-01,RTP,SURREY AND SUSSEX HEALTHCARE NHS TRUST,NHS SURREY AND SUSSEX INTEGRATED CARE BOARD,C_430,Elderly Medicine Service,195,162,0,0.8308,False
RTT-April-2026,2026-04-01,RTP,SURREY AND SUSSEX HEALTHCARE NHS TRUST,NHS SURREY AND SUSSEX INTEGRATED CARE BOARD,C_301,Gastroenterology Service,4034,2867,47,0.7107,False
RTT-April-2026,2026-04-01,RTP,SURREY AND SUSSEX HEALTHCARE NHS TRUST,NHS SURREY AND SUSSEX INTEGRATED CARE BOARD,C_300,General Internal Medicine Service,19,19,0,1.0,False
RTT-April-2026,2026-04-01,RTP,SURREY AND SUSSEX HEALTHCARE NHS TRUST,NHS SURREY AND SUSSEX INTEGRATED CARE BOARD,C_100,General Surgery Service,940,496,65,0.5277,True
RTT-April-2026,2026-04-01,RTP,SURREY AND SUSSEX HEALTHCARE NHS TRUST,NHS SURREY AND SUSSEX INTEGRATED CARE BOARD,C_502,Gynaecology Service,3519,2209,4,0.6277,True
RTT-April-2026,2026-04-01,RTP,SURREY AND SUSSEX HEALTHCARE NHS TRUST,NHS SURREY AND SUSSEX INTEGRATED CARE BOARD,C_400,Neurology Service,1913,1087,6,0.5682,True
RTT-April-2026,2026-04-01,RTP,SURREY AND SUSSEX HEALTHCARE NHS TRUST,NHS SURREY AND SUSSEX INTEGRATED CARE BOARD,C_130,Ophthalmology Service,2805,2334,0,0.8321,False
RTT-April-2026,2026-04-01,RTP,SURREY AND SUSSEX HEALTHCARE NHS TRUST,NHS SURREY AND SUSSEX INTEGRATED CARE BOARD,C_140,Oral Surgery Service,1729,903,29,0.5223,True
RTT-April-2026,2026-04-01,RTP,SURREY AND SUSSEX HEALTHCARE NHS TRUST,NHS SURREY AND SUSSEX INTEGRATED CARE BOARD,X02,Other - Medical Services,3845,2151,92,0.5594,True
RTT-April-2026,2026-04-01,RTP,SURREY AND SUSSEX HEALTHCARE NHS TRUST,NHS SURREY AND SUSSEX INTEGRATED CARE BOARD,X06,Other - Other Services,339,322,3,0.9499,False
RTT-April-2026,2026-04-01,RTP,SURREY AND SUSSEX HEALTHCARE NHS TRUST,NHS SURREY AND SUSSEX INTEGRATED CARE BOARD,X04,Other - Paediatric Services,1708,1344,0,0.7869,False
RTT-April-2026,2026-04-01,RTP,SURREY AND SUSSEX HEALTHCARE NHS TRUST,NHS SURREY AND SUSSEX INTEGRATED CARE BOARD,X05,Other - Surgical Services,6478,4531,115,0.6994,True
RTT-April-2026,2026-04-01,RTP,SURREY AND SUSSEX HEALTHCARE NHS TRUST,NHS SURREY AND SUSSEX INTEGRATED CARE BOARD,C_340,Respiratory Medicine Service,1040,761,0,0.7317,False
RTT-April-2026,2026-04-01,RTP,SURREY AND SUSSEX HEALTHCARE NHS TRUST,NHS SURREY AND SUSSEX INTEGRATED CARE BOARD,C_410,Rheumatology Service,778,597,0,0.7674,False
RTT-April-2026,2026-04-01,RTP,SURREY AND SUSSEX HEALTHCARE NHS TRUST,NHS SURREY AND SUSSEX INTEGRATED CARE BOARD,C_110,Trauma and Orthopaedic Service,2890,1545,77,0.5346,True
RTT-April-2026,2026-04-01,RTP,SURREY AND SUSSEX HEALTHCARE NHS TRUST,NHS SURREY AND SUSSEX INTEGRATED CARE BOARD,C_101,Urology Service,2650,1858,33,0.7011,False
RTT-April-2026,2026-04-01,NYG,SUSSEX COMMUNITY DERMATOLOGY SERVICE,NHS SURREY AND SUSSEX INTEGRATED CARE BOARD,C_330,Dermatology Service,13907,11135,27,0.8007,False
RTT-April-2026,2026-04-01,RDR,SUSSEX COMMUNITY NHS FOUNDATION TRUST,NHS SURREY AND SUSSEX INTEGRATED CARE BOARD,C_110,Trauma and Orthopaedic Service,12734,6679,116,0.5245,True
RTT-April-2026,2026-04-01,RMP,TAMESIDE AND GLOSSOP INTEGRATED CARE NHS FOUNDATION TRUST,NHS GREATER MANCHESTER INTEGRATED CARE BOARD,C_320,Cardiology Service,1021,947,0,0.9275,False
RTT-April-2026,2026-04-01,RMP,TAMESIDE AND GLOSSOP INTEGRATED CARE NHS FOUNDATION TRUST,NHS GREATER MANCHESTER INTEGRATED CARE BOARD,C_330,Dermatology Service,187,187,0,1.0,False
RTT-April-2026,2026-04-01,RMP,TAMESIDE AND GLOSSOP INTEGRATED CARE NHS FOUNDATION TRUST,NHS GREATER MANCHESTER INTEGRATED CARE BOARD,C_120,Ear Nose and Throat Service,1800,1264,0,0.7022,False
RTT-April-2026,2026-04-01,RMP,TAMESIDE AND GLOSSOP INTEGRATED CARE NHS FOUNDATION TRUST,NHS GREATER MANCHESTER INTEGRATED CARE BOARD,C_430,Elderly Medicine Service,1,1,0,1.0,False
RTT-April-2026,2026-04-01,RMP,TAMESIDE AND GLOSSOP INTEGRATED CARE NHS FOUNDATION TRUST,NHS GREATER MANCHESTER INTEGRATED CARE BOARD,C_301,Gastroenterology Service,1041,938,0,0.9011,False
RTT-April-2026,2026-04-01,RMP,TAMESIDE AND GLOSSOP INTEGRATED CARE NHS FOUNDATION TRUST,NHS GREATER MANCHESTER INTEGRATED CARE BOARD,C_300,General Internal Medicine Service,35,31,0,0.8857,False
RTT-April-2026,2026-04-01,RMP,TAMESIDE AND GLOSSOP INTEGRATED CARE NHS FOUNDATION TRUST,NHS GREATER MANCHESTER INTEGRATED CARE BOARD,C_100,General Surgery Service,1292,956,0,0.7399,False
RTT-April-2026,2026-04-01,RMP,TAMESIDE AND GLOSSOP INTEGRATED CARE NHS FOUNDATION TRUST,NHS GREATER MANCHESTER INTEGRATED CARE BOARD,C_502,Gynaecology Service,1973,1231,0,0.6239,True
RTT-April-2026,2026-04-01,RMP,TAMESIDE AND GLOSSOP INTEGRATED CARE NHS FOUNDATION TRUST,NHS GREATER MANCHESTER INTEGRATED CARE BOARD,C_140,Oral Surgery Service,735,501,0,0.6816,True
RTT-April-2026,2026-04-01,RMP,TAMESIDE AND GLOSSOP INTEGRATED CARE NHS FOUNDATION TRUST,NHS GREATER MANCHESTER INTEGRATED CARE BOARD,X02,Other - Medical Services,1265,1053,0,0.8324,False
RTT-April-2026,2026-04-01,RMP,TAMESIDE AND GLOSSOP INTEGRATED CARE NHS FOUNDATION TRUST,NHS GREATER MANCHESTER INTEGRATED CARE BOARD,X04,Other - Paediatric Services,1034,842,0,0.8143,False
RTT-April-2026,2026-04-01,RMP,TAMESIDE AND GLOSSOP INTEGRATED CARE NHS FOUNDATION TRUST,NHS GREATER MANCHESTER INTEGRATED CARE BOARD,X05,Other - Surgical Services,1302,1128,0,0.8664,False
RTT-April-2026,2026-04-01,RMP,TAMESIDE AND GLOSSOP INTEGRATED CARE NHS FOUNDATION TRUST,NHS GREATER MANCHESTER INTEGRATED CARE BOARD,C_340,Respiratory Medicine Service,578,520,0,0.8997,False
RTT-April-2026,2026-04-01,RMP,TAMESIDE AND GLOSSOP INTEGRATED CARE NHS FOUNDATION TRUST,NHS GREATER MANCHESTER INTEGRATED CARE BOARD,C_410,Rheumatology Service,303,288,0,0.9505,False
RTT-April-2026,2026-04-01,RMP,TAMESIDE AND GLOSSOP INTEGRATED CARE NHS FOUNDATION TRUST,NHS GREATER MANCHESTER INTEGRATED CARE BOARD,C_110,Trauma and Orthopaedic Service,3137,2005,0,0.6391,True
RTT-April-2026,2026-04-01,RMP,TAMESIDE AND GLOSSOP INTEGRATED CARE NHS FOUNDATION TRUST,NHS GREATER MANCHESTER INTEGRATED CARE BOARD,C_101,Urology Service,584,576,0,0.9863,False
RTT-April-2026,2026-04-01,NVC0R,TEES VALLEY HOSPITAL,NHS NORTH EAST AND NORTH CUMBRIA INTEGRATED CARE BOARD,C_330,Dermatology Service,334,245,0,0.7335,False
RTT-April-2026,2026-04-01,NVC0R,TEES VALLEY HOSPITAL,NHS NORTH EAST AND NORTH CUMBRIA INTEGRATED CARE BOARD,C_301,Gastroenterology Service,326,288,0,0.8834,False
RTT-April-2026,2026-04-01,NVC0R,TEES VALLEY HOSPITAL,NHS NORTH EAST AND NORTH CUMBRIA INTEGRATED CARE BOARD,C_100,General Surgery Service,652,513,0,0.7868,False
RTT-April-2026,2026-04-01,NVC0R,TEES VALLEY HOSPITAL,NHS NORTH EAST AND NORTH CUMBRIA INTEGRATED CARE BOARD,C_502,Gynaecology Service,476,272,0,0.5714,True
RTT-April-2026,2026-04-01,NVC0R,TEES VALLEY HOSPITAL,NHS NORTH EAST AND NORTH CUMBRIA INTEGRATED CARE BOARD,C_140,Oral Surgery Service,371,348,0,0.938,False
RTT-April-2026,2026-04-01,NVC0R,TEES VALLEY HOSPITAL,NHS NORTH EAST AND NORTH CUMBRIA INTEGRATED CARE BOARD,C_160,Plastic Surgery Service,411,395,0,0.9611,False
RTT-April-2026,2026-04-01,NVC0R,TEES VALLEY HOSPITAL,NHS NORTH EAST AND NORTH CUMBRIA INTEGRATED CARE BOARD,C_110,Trauma and Orthopaedic Service,1247,865,0,0.6937,True
RTT-April-2026,2026-04-01,NVC0R,TEES VALLEY HOSPITAL,NHS NORTH EAST AND NORTH CUMBRIA INTEGRATED CARE BOARD,C_101,Urology Service,480,323,0,0.6729,True
RTT-April-2026,2026-04-01,AAH,TETBURY HOSPITAL TRUST LTD,NHS GLOUCESTERSHIRE INTEGRATED CARE BOARD,C_120,Ear Nose and Throat Service,3,3,0,1.0,False
RTT-April-2026,2026-04-01,AAH,TETBURY HOSPITAL TRUST LTD,NHS GLOUCESTERSHIRE INTEGRATED CARE BOARD,C_100,General Surgery Service,72,58,0,0.8056,False
RTT-April-2026,2026-04-01,AAH,TETBURY HOSPITAL TRUST LTD,NHS GLOUCESTERSHIRE INTEGRATED CARE BOARD,C_502,Gynaecology Service,65,61,1,0.9385,False
RTT-April-2026,2026-04-01,AAH,TETBURY HOSPITAL TRUST LTD,NHS GLOUCESTERSHIRE INTEGRATED CARE BOARD,C_130,Ophthalmology Service,114,110,0,0.9649,False
RTT-April-2026,2026-04-01,AAH,TETBURY HOSPITAL TRUST LTD,NHS GLOUCESTERSHIRE INTEGRATED CARE BOARD,C_140,Oral Surgery Service,16,13,0,0.8125,False
RTT-April-2026,2026-04-01,AAH,TETBURY HOSPITAL TRUST LTD,NHS GLOUCESTERSHIRE INTEGRATED CARE BOARD,X06,Other - Other Services,13,13,0,1.0,False
RTT-April-2026,2026-04-01,AAH,TETBURY HOSPITAL TRUST LTD,NHS GLOUCESTERSHIRE INTEGRATED CARE BOARD,C_110,Trauma and Orthopaedic Service,30,22,1,0.7333,False
RTT-April-2026,2026-04-01,AAH,TETBURY HOSPITAL TRUST LTD,NHS GLOUCESTERSHIRE INTEGRATED CARE BOARD,C_101,Urology Service,41,38,0,0.9268,False
RTT-April-2026,2026-04-01,NVC02,THE BERKSHIRE INDEPENDENT HOSPITAL,NHS THAMES VALLEY INTEGRATED CARE BOARD,C_301,Gastroenterology Service,1,1,0,1.0,False
RTT-April-2026,2026-04-01,NVC02,THE BERKSHIRE INDEPENDENT HOSPITAL,NHS THAMES VALLEY INTEGRATED CARE BOARD,C_100,General Surgery Service,162,143,0,0.8827,False
RTT-April-2026,2026-04-01,NVC02,THE BERKSHIRE INDEPENDENT HOSPITAL,NHS THAMES VALLEY INTEGRATED CARE BOARD,C_502,Gynaecology Service,81,39,1,0.4815,True
RTT-April-2026,2026-04-01,NVC02,THE BERKSHIRE INDEPENDENT HOSPITAL,NHS THAMES VALLEY INTEGRATED CARE BOARD,C_130,Ophthalmology Service,37,36,0,0.973,False
RTT-April-2026,2026-04-01,NVC02,THE BERKSHIRE INDEPENDENT HOSPITAL,NHS THAMES VALLEY INTEGRATED CARE BOARD,C_160,Plastic Surgery Service,2,2,0,1.0,False
RTT-April-2026,2026-04-01,NVC02,THE BERKSHIRE INDEPENDENT HOSPITAL,NHS THAMES VALLEY INTEGRATED CARE BOARD,C_110,Trauma and Orthopaedic Service,625,465,5,0.744,False
RTT-April-2026,2026-04-01,NVC02,THE BERKSHIRE INDEPENDENT HOSPITAL,NHS THAMES VALLEY INTEGRATED CARE BOARD,C_101,Urology Service,231,181,1,0.7835,False
RTT-April-2026,2026-04-01,NVC25,THE CHERWELL HOSPITAL,NHS THAMES VALLEY INTEGRATED CARE BOARD,X06,Other - Other Services,1,0,0,0.0,True
RTT-April-2026,2026-04-01,NVC25,THE CHERWELL HOSPITAL,NHS THAMES VALLEY INTEGRATED CARE BOARD,C_110,Trauma and Orthopaedic Service,2033,1394,6,0.6857,True
RTT-April-2026,2026-04-01,RBV,THE CHRISTIE NHS FOUNDATION TRUST,NHS GREATER MANCHESTER INTEGRATED CARE BOARD,C_502,Gynaecology Service,39,38,0,0.9744,False
RTT-April-2026,2026-04-01,RBV,THE CHRISTIE NHS FOUNDATION TRUST,NHS GREATER MANCHESTER INTEGRATED CARE BOARD,X02,Other - Medical Services,2502,2451,0,0.9796,False
RTT-April-2026,2026-04-01,RBV,THE CHRISTIE NHS FOUNDATION TRUST,NHS GREATER MANCHESTER INTEGRATED CARE BOARD,X05,Other - Surgical Services,235,214,0,0.9106,False
RTT-April-2026,2026-04-01,RBV,THE CHRISTIE NHS FOUNDATION TRUST,NHS GREATER MANCHESTER INTEGRATED CARE BOARD,C_160,Plastic Surgery Service,163,161,0,0.9877,False
RTT-April-2026,2026-04-01,RBV,THE CHRISTIE NHS FOUNDATION TRUST,NHS GREATER MANCHESTER INTEGRATED CARE BOARD,C_101,Urology Service,162,141,0,0.8704,False
RTT-April-2026,2026-04-01,REN,THE CLATTERBRIDGE CANCER CENTRE NHS FOUNDATION TRUST,NHS CHESHIRE AND MERSEYSIDE INTEGRATED CARE BOARD,X02,Other - Medical Services,428,411,0,0.9603,False
RTT-April-2026,2026-04-01,REN,THE CLATTERBRIDGE CANCER CENTRE NHS FOUNDATION TRUST,NHS CHESHIRE AND MERSEYSIDE INTEGRATED CARE BOARD,X06,Other - Other Services,415,398,0,0.959,False
RTT-April-2026,2026-04-01,RNA,THE DUDLEY GROUP NHS FOUNDATION TRUST,NHS BLACK COUNTRY INTEGRATED CARE BOARD,C_320,Cardiology Service,1910,1665,0,0.8717,False
RTT-April-2026,2026-04-01,RNA,THE DUDLEY GROUP NHS FOUNDATION TRUST,NHS BLACK COUNTRY INTEGRATED CARE BOARD,C_330,Dermatology Service,3508,2491,0,0.7101,False
RTT-April-2026,2026-04-01,RNA,THE DUDLEY GROUP NHS FOUNDATION TRUST,NHS BLACK COUNTRY INTEGRATED CARE BOARD,C_120,Ear Nose and Throat Service,4667,2870,0,0.615,True
RTT-April-2026,2026-04-01,RNA,THE DUDLEY GROUP NHS FOUNDATION TRUST,NHS BLACK COUNTRY INTEGRATED CARE BOARD,C_430,Elderly Medicine Service,198,184,0,0.9293,False
RTT-April-2026,2026-04-01,RNA,THE DUDLEY GROUP NHS FOUNDATION TRUST,NHS BLACK COUNTRY INTEGRATED CARE BOARD,C_301,Gastroenterology Service,2243,1348,1,0.601,True
RTT-April-2026,2026-04-01,RNA,THE DUDLEY GROUP NHS FOUNDATION TRUST,NHS BLACK COUNTRY INTEGRATED CARE BOARD,C_300,General Internal Medicine Service,3,3,0,1.0,False
RTT-April-2026,2026-04-01,RNA,THE DUDLEY GROUP NHS FOUNDATION TRUST,NHS BLACK COUNTRY INTEGRATED CARE BOARD,C_100,General Surgery Service,3225,1718,0,0.5327,True
RTT-April-2026,2026-04-01,RNA,THE DUDLEY GROUP NHS FOUNDATION TRUST,NHS BLACK COUNTRY INTEGRATED CARE BOARD,C_502,Gynaecology Service,3369,2045,3,0.607,True
RTT-April-2026,2026-04-01,RNA,THE DUDLEY GROUP NHS FOUNDATION TRUST,NHS BLACK COUNTRY INTEGRATED CARE BOARD,C_400,Neurology Service,1427,774,0,0.5424,True
RTT-April-2026,2026-04-01,RNA,THE DUDLEY GROUP NHS FOUNDATION TRUST,NHS BLACK COUNTRY INTEGRATED CARE BOARD,C_130,Ophthalmology Service,4276,2726,1,0.6375,True
RTT-April-2026,2026-04-01,RNA,THE DUDLEY GROUP NHS FOUNDATION TRUST,NHS BLACK COUNTRY INTEGRATED CARE BOARD,C_140,Oral Surgery Service,2280,1269,0,0.5566,True
RTT-April-2026,2026-04-01,RNA,THE DUDLEY GROUP NHS FOUNDATION TRUST,NHS BLACK COUNTRY INTEGRATED CARE BOARD,X02,Other - Medical Services,3786,2556,1,0.6751,True
RTT-April-2026,2026-04-01,RNA,THE DUDLEY GROUP NHS FOUNDATION TRUST,NHS BLACK COUNTRY INTEGRATED CARE BOARD,X06,Other - Other Services,2014,994,0,0.4935,True
RTT-April-2026,2026-04-01,RNA,THE DUDLEY GROUP NHS FOUNDATION TRUST,NHS BLACK COUNTRY INTEGRATED CARE BOARD,X04,Other - Paediatric Services,1877,1256,0,0.6692,True
RTT-April-2026,2026-04-01,RNA,THE DUDLEY GROUP NHS FOUNDATION TRUST,NHS BLACK COUNTRY INTEGRATED CARE BOARD,X05,Other - Surgical Services,2332,1796,0,0.7702,False
RTT-April-2026,2026-04-01,RNA,THE DUDLEY GROUP NHS FOUNDATION TRUST,NHS BLACK COUNTRY INTEGRATED CARE BOARD,C_160,Plastic Surgery Service,1724,1031,0,0.598,True
RTT-April-2026,2026-04-01,RNA,THE DUDLEY GROUP NHS FOUNDATION TRUST,NHS BLACK COUNTRY INTEGRATED CARE BOARD,C_340,Respiratory Medicine Service,1019,903,0,0.8862,False
RTT-April-2026,2026-04-01,RNA,THE DUDLEY GROUP NHS FOUNDATION TRUST,NHS BLACK COUNTRY INTEGRATED CARE BOARD,C_410,Rheumatology Service,875,773,0,0.8834,False
RTT-April-2026,2026-04-01,RNA,THE DUDLEY GROUP NHS FOUNDATION TRUST,NHS BLACK COUNTRY INTEGRATED CARE BOARD,C_110,Trauma and Orthopaedic Service,4166,2653,0,0.6368,True
RTT-April-2026,2026-04-01,RNA,THE DUDLEY GROUP NHS FOUNDATION TRUST,NHS BLACK COUNTRY INTEGRATED CARE BOARD,C_101,Urology Service,1744,1304,0,0.7477,False
RTT-April-2026,2026-04-01,AJ8,THE GRANGE MEDICAL CENTRE HQ,NHS WEST YORKSHIRE INTEGRATED CARE BOARD,C_301,Gastroenterology Service,216,216,0,1.0,False
RTT-April-2026,2026-04-01,S3H9L,THE HAMPTONS HOSPITAL LTD,NHS CENTRAL EAST INTEGRATED CARE BOARD,C_320,Cardiology Service,98,36,4,0.3673,True
RTT-April-2026,2026-04-01,S3H9L,THE HAMPTONS HOSPITAL LTD,NHS CENTRAL EAST INTEGRATED CARE BOARD,C_120,Ear Nose and Throat Service,249,155,1,0.6225,True
RTT-April-2026,2026-04-01,S3H9L,THE HAMPTONS HOSPITAL LTD,NHS CENTRAL EAST INTEGRATED CARE BOARD,C_301,Gastroenterology Service,5,4,0,0.8,False
RTT-April-2026,2026-04-01,S3H9L,THE HAMPTONS HOSPITAL LTD,NHS CENTRAL EAST INTEGRATED CARE BOARD,C_100,General Surgery Service,49,16,6,0.3265,True
RTT-April-2026,2026-04-01,S3H9L,THE HAMPTONS HOSPITAL LTD,NHS CENTRAL EAST INTEGRATED CARE BOARD,C_502,Gynaecology Service,1,0,0,0.0,True
RTT-April-2026,2026-04-01,S3H9L,THE HAMPTONS HOSPITAL LTD,NHS CENTRAL EAST INTEGRATED CARE BOARD,C_340,Respiratory Medicine Service,197,99,0,0.5025,True
RTT-April-2026,2026-04-01,S3H9L,THE HAMPTONS HOSPITAL LTD,NHS CENTRAL EAST INTEGRATED CARE BOARD,C_110,Trauma and Orthopaedic Service,49,16,12,0.3265,True
RTT-April-2026,2026-04-01,S3H9L,THE HAMPTONS HOSPITAL LTD,NHS CENTRAL EAST INTEGRATED CARE BOARD,C_101,Urology Service,87,18,7,0.2069,True
RTT-April-2026,2026-04-01,RAS,THE HILLINGDON HOSPITALS NHS FOUNDATION TRUST,NHS WEST AND NORTH LONDON INTEGRATED CARE BOARD,C_320,Cardiology Service,2417,1235,1,0.511,True
RTT-April-2026,2026-04-01,RAS,THE HILLINGDON HOSPITALS NHS FOUNDATION TRUST,NHS WEST AND NORTH LONDON INTEGRATED CARE BOARD,C_330,Dermatology Service,851,799,0,0.9389,False
RTT-April-2026,2026-04-01,RAS,THE HILLINGDON HOSPITALS NHS FOUNDATION TRUST,NHS WEST AND NORTH LONDON INTEGRATED CARE BOARD,C_120,Ear Nose and Throat Service,3856,1739,94,0.451,True
RTT-April-2026,2026-04-01,RAS,THE HILLINGDON HOSPITALS NHS FOUNDATION TRUST,NHS WEST AND NORTH LONDON INTEGRATED CARE BOARD,C_430,Elderly Medicine Service,71,57,0,0.8028,False
RTT-April-2026,2026-04-01,RAS,THE HILLINGDON HOSPITALS NHS FOUNDATION TRUST,NHS WEST AND NORTH LONDON INTEGRATED CARE BOARD,C_301,Gastroenterology Service,1177,771,0,0.6551,True
RTT-April-2026,2026-04-01,RAS,THE HILLINGDON HOSPITALS NHS FOUNDATION TRUST,NHS WEST AND NORTH LONDON INTEGRATED CARE BOARD,C_300,General Internal Medicine Service,3,1,0,0.3333,True
RTT-April-2026,2026-04-01,RAS,THE HILLINGDON HOSPITALS NHS FOUNDATION TRUST,NHS WEST AND NORTH LONDON INTEGRATED CARE BOARD,C_100,General Surgery Service,1343,810,1,0.6031,True
RTT-April-2026,2026-04-01,RAS,THE HILLINGDON HOSPITALS NHS FOUNDATION TRUST,NHS WEST AND NORTH LONDON INTEGRATED CARE BOARD,C_502,Gynaecology Service,1219,1207,0,0.9902,False
RTT-April-2026,2026-04-01,RAS,THE HILLINGDON HOSPITALS NHS FOUNDATION TRUST,NHS WEST AND NORTH LONDON INTEGRATED CARE BOARD,C_400,Neurology Service,608,474,0,0.7796,False
RTT-April-2026,2026-04-01,RAS,THE HILLINGDON HOSPITALS NHS FOUNDATION TRUST,NHS WEST AND NORTH LONDON INTEGRATED CARE BOARD,C_130,Ophthalmology Service,2804,2107,0,0.7514,False
RTT-April-2026,2026-04-01,RAS,THE HILLINGDON HOSPITALS NHS FOUNDATION TRUST,NHS WEST AND NORTH LONDON INTEGRATED CARE BOARD,C_140,Oral Surgery Service,2275,1288,0,0.5662,True
RTT-April-2026,2026-04-01,RAS,THE HILLINGDON HOSPITALS NHS FOUNDATION TRUST,NHS WEST AND NORTH LONDON INTEGRATED CARE BOARD,X02,Other - Medical Services,4058,2641,2,0.6508,True
RTT-April-2026,2026-04-01,RAS,THE HILLINGDON HOSPITALS NHS FOUNDATION TRUST,NHS WEST AND NORTH LONDON INTEGRATED CARE BOARD,X06,Other - Other Services,356,265,0,0.7444,False
RTT-April-2026,2026-04-01,RAS,THE HILLINGDON HOSPITALS NHS FOUNDATION TRUST,NHS WEST AND NORTH LONDON INTEGRATED CARE BOARD,X04,Other - Paediatric Services,970,711,1,0.733,False
RTT-April-2026,2026-04-01,RAS,THE HILLINGDON HOSPITALS NHS FOUNDATION TRUST,NHS WEST AND NORTH LONDON INTEGRATED CARE BOARD,X05,Other - Surgical Services,2085,1125,1,0.5396,True
RTT-April-2026,2026-04-01,RAS,THE HILLINGDON HOSPITALS NHS FOUNDATION TRUST,NHS WEST AND NORTH LONDON INTEGRATED CARE BOARD,C_160,Plastic Surgery Service,24,21,0,0.875,False
RTT-April-2026,2026-04-01,RAS,THE HILLINGDON HOSPITALS NHS FOUNDATION TRUST,NHS WEST AND NORTH LONDON INTEGRATED CARE BOARD,C_340,Respiratory Medicine Service,1030,750,1,0.7282,False
RTT-April-2026,2026-04-01,RAS,THE HILLINGDON HOSPITALS NHS FOUNDATION TRUST,NHS WEST AND NORTH LONDON INTEGRATED CARE BOARD,C_410,Rheumatology Service,652,453,0,0.6948,True
RTT-April-2026,2026-04-01,RAS,THE HILLINGDON HOSPITALS NHS FOUNDATION TRUST,NHS WEST AND NORTH LONDON INTEGRATED CARE BOARD,C_110,Trauma and Orthopaedic Service,5360,3204,8,0.5978,True
RTT-April-2026,2026-04-01,RAS,THE HILLINGDON HOSPITALS NHS FOUNDATION TRUST,NHS WEST AND NORTH LONDON INTEGRATED CARE BOARD,C_101,Urology Service,2315,1346,2,0.5814,True
RTT-April-2026,2026-04-01,NXM01,THE HORDER CENTRE - ST JOHNS ROAD,NHS SURREY AND SUSSEX INTEGRATED CARE BOARD,C_110,Trauma and Orthopaedic Service,1242,640,7,0.5153,True
RTT-April-2026,2026-04-01,NID,THE LIVING CARE GROUP,NHS WEST YORKSHIRE INTEGRATED CARE BOARD,C_301,Gastroenterology Service,152,152,0,1.0,False
RTT-April-2026,2026-04-01,DX1,THE NEW FOSCOTE HOSPITAL LTD,NHS WEST AND NORTH LONDON INTEGRATED CARE BOARD,C_100,General Surgery Service,264,246,1,0.9318,False
RTT-April-2026,2026-04-01,DX1,THE NEW FOSCOTE HOSPITAL LTD,NHS WEST AND NORTH LONDON INTEGRATED CARE BOARD,C_110,Trauma and Orthopaedic Service,111,103,0,0.9279,False
RTT-April-2026,2026-04-01,RTD,THE NEWCASTLE UPON TYNE HOSPITALS NHS FOUNDATION TRUST,NHS NORTH EAST AND NORTH CUMBRIA INTEGRATED CARE BOARD,C_320,Cardiology Service,2871,2204,19,0.7677,False
RTT-April-2026,2026-04-01,RTD,THE NEWCASTLE UPON TYNE HOSPITALS NHS FOUNDATION TRUST,NHS NORTH EAST AND NORTH CUMBRIA INTEGRATED CARE BOARD,C_170,Cardiothoracic Surgery Service,91,44,3,0.4835,True
RTT-April-2026,2026-04-01,RTD,THE NEWCASTLE UPON TYNE HOSPITALS NHS FOUNDATION TRUST,NHS NORTH EAST AND NORTH CUMBRIA INTEGRATED CARE BOARD,C_330,Dermatology Service,8056,5185,0,0.6436,True
RTT-April-2026,2026-04-01,RTD,THE NEWCASTLE UPON TYNE HOSPITALS NHS FOUNDATION TRUST,NHS NORTH EAST AND NORTH CUMBRIA INTEGRATED CARE BOARD,C_120,Ear Nose and Throat Service,8040,6086,23,0.757,False
RTT-April-2026,2026-04-01,RTD,THE NEWCASTLE UPON TYNE HOSPITALS NHS FOUNDATION TRUST,NHS NORTH EAST AND NORTH CUMBRIA INTEGRATED CARE BOARD,C_430,Elderly Medicine Service,253,250,0,0.9881,False
RTT-April-2026,2026-04-01,RTD,THE NEWCASTLE UPON TYNE HOSPITALS NHS FOUNDATION TRUST,NHS NORTH EAST AND NORTH CUMBRIA INTEGRATED CARE BOARD,C_301,Gastroenterology Service,951,862,2,0.9064,False
RTT-April-2026,2026-04-01,RTD,THE NEWCASTLE UPON TYNE HOSPITALS NHS FOUNDATION TRUST,NHS NORTH EAST AND NORTH CUMBRIA INTEGRATED CARE BOARD,C_300,General Internal Medicine Service,872,724,2,0.8303,False
RTT-April-2026,2026-04-01,RTD,THE NEWCASTLE UPON TYNE HOSPITALS NHS FOUNDATION TRUST,NHS NORTH EAST AND NORTH CUMBRIA INTEGRATED CARE BOARD,C_100,General Surgery Service,985,725,24,0.736,False
RTT-April-2026,2026-04-01,RTD,THE NEWCASTLE UPON TYNE HOSPITALS NHS FOUNDATION TRUST,NHS NORTH EAST AND NORTH CUMBRIA INTEGRATED CARE BOARD,C_502,Gynaecology Service,3447,2988,34,0.8668,False
RTT-April-2026,2026-04-01,RTD,THE NEWCASTLE UPON TYNE HOSPITALS NHS FOUNDATION TRUST,NHS NORTH EAST AND NORTH CUMBRIA INTEGRATED CARE BOARD,C_400,Neurology Service,1832,1524,2,0.8319,False
RTT-April-2026,2026-04-01,RTD,THE NEWCASTLE UPON TYNE HOSPITALS NHS FOUNDATION TRUST,NHS NORTH EAST AND NORTH CUMBRIA INTEGRATED CARE BOARD,C_150,Neurosurgical Service,1276,832,13,0.652,True
RTT-April-2026,2026-04-01,RTD,THE NEWCASTLE UPON TYNE HOSPITALS NHS FOUNDATION TRUST,NHS NORTH EAST AND NORTH CUMBRIA INTEGRATED CARE BOARD,C_130,Ophthalmology Service,8960,7139,83,0.7968,False
RTT-April-2026,2026-04-01,RTD,THE NEWCASTLE UPON TYNE HOSPITALS NHS FOUNDATION TRUST,NHS NORTH EAST AND NORTH CUMBRIA INTEGRATED CARE BOARD,C_140,Oral Surgery Service,2237,1541,0,0.6889,True
RTT-April-2026,2026-04-01,RTD,THE NEWCASTLE UPON TYNE HOSPITALS NHS FOUNDATION TRUST,NHS NORTH EAST AND NORTH CUMBRIA INTEGRATED CARE BOARD,X02,Other - Medical Services,9200,7194,6,0.782,False
RTT-April-2026,2026-04-01,RTD,THE NEWCASTLE UPON TYNE HOSPITALS NHS FOUNDATION TRUST,NHS NORTH EAST AND NORTH CUMBRIA INTEGRATED CARE BOARD,X06,Other - Other Services,2375,1824,29,0.768,False
RTT-April-2026,2026-04-01,RTD,THE NEWCASTLE UPON TYNE HOSPITALS NHS FOUNDATION TRUST,NHS NORTH EAST AND NORTH CUMBRIA INTEGRATED CARE BOARD,X04,Other - Paediatric Services,7990,5934,66,0.7427,False
RTT-April-2026,2026-04-01,RTD,THE NEWCASTLE UPON TYNE HOSPITALS NHS FOUNDATION TRUST,NHS NORTH EAST AND NORTH CUMBRIA INTEGRATED CARE BOARD,X05,Other - Surgical Services,9858,6218,70,0.6308,True
RTT-April-2026,2026-04-01,RTD,THE NEWCASTLE UPON TYNE HOSPITALS NHS FOUNDATION TRUST,NHS NORTH EAST AND NORTH CUMBRIA INTEGRATED CARE BOARD,C_160,Plastic Surgery Service,1683,1026,22,0.6096,True
RTT-April-2026,2026-04-01,RTD,THE NEWCASTLE UPON TYNE HOSPITALS NHS FOUNDATION TRUST,NHS NORTH EAST AND NORTH CUMBRIA INTEGRATED CARE BOARD,C_340,Respiratory Medicine Service,901,809,0,0.8979,False
RTT-April-2026,2026-04-01,RTD,THE NEWCASTLE UPON TYNE HOSPITALS NHS FOUNDATION TRUST,NHS NORTH EAST AND NORTH CUMBRIA INTEGRATED CARE BOARD,C_410,Rheumatology Service,701,618,0,0.8816,False
RTT-April-2026,2026-04-01,RTD,THE NEWCASTLE UPON TYNE HOSPITALS NHS FOUNDATION TRUST,NHS NORTH EAST AND NORTH CUMBRIA INTEGRATED CARE BOARD,C_110,Trauma and Orthopaedic Service,7490,4383,213,0.5852,True
RTT-April-2026,2026-04-01,RTD,THE NEWCASTLE UPON TYNE HOSPITALS NHS FOUNDATION TRUST,NHS NORTH EAST AND NORTH CUMBRIA INTEGRATED CARE BOARD,C_101,Urology Service,3138,2026,5,0.6456,True
RTT-April-2026,2026-04-01,NTX,THE ONE HEALTH GROUP PLC,NHS SOUTH YORKSHIRE INTEGRATED CARE BOARD,C_100,General Surgery Service,559,473,3,0.8462,False
RTT-April-2026,2026-04-01,NTX,THE ONE HEALTH GROUP PLC,NHS SOUTH YORKSHIRE INTEGRATED CARE BOARD,C_502,Gynaecology Service,602,437,1,0.7259,False
RTT-April-2026,2026-04-01,NTX,THE ONE HEALTH GROUP PLC,NHS SOUTH YORKSHIRE INTEGRATED CARE BOARD,C_150,Neurosurgical Service,2263,1709,5,0.7552,False
RTT-April-2026,2026-04-01,NTX,THE ONE HEALTH GROUP PLC,NHS SOUTH YORKSHIRE INTEGRATED CARE BOARD,C_110,Trauma and Orthopaedic Service,1658,1204,7,0.7262,False
RTT-April-2026,2026-04-01,NTX,THE ONE HEALTH GROUP PLC,NHS SOUTH YORKSHIRE INTEGRATED CARE BOARD,C_101,Urology Service,232,122,4,0.5259,True
RTT-April-2026,2026-04-01,RQW,THE PRINCESS ALEXANDRA HOSPITAL NHS TRUST,NHS ESSEX INTEGRATED CARE BOARD,C_320,Cardiology Service,4144,2727,8,0.6581,True
RTT-April-2026,2026-04-01,RQW,THE PRINCESS ALEXANDRA HOSPITAL NHS TRUST,NHS ESSEX INTEGRATED CARE BOARD,C_330,Dermatology Service,1330,1217,0,0.915,False
RTT-April-2026,2026-04-01,RQW,THE PRINCESS ALEXANDRA HOSPITAL NHS TRUST,NHS ESSEX INTEGRATED CARE BOARD,C_120,Ear Nose and Throat Service,3180,1754,84,0.5516,True
RTT-April-2026,2026-04-01,RQW,THE PRINCESS ALEXANDRA HOSPITAL NHS TRUST,NHS ESSEX INTEGRATED CARE BOARD,C_430,Elderly Medicine Service,25,22,0,0.88,False
RTT-April-2026,2026-04-01,RQW,THE PRINCESS ALEXANDRA HOSPITAL NHS TRUST,NHS ESSEX INTEGRATED CARE BOARD,C_301,Gastroenterology Service,2827,1748,26,0.6183,True
RTT-April-2026,2026-04-01,RQW,THE PRINCESS ALEXANDRA HOSPITAL NHS TRUST,NHS ESSEX INTEGRATED CARE BOARD,C_300,General Internal Medicine Service,31,31,0,1.0,False
RTT-April-2026,2026-04-01,RQW,THE PRINCESS ALEXANDRA HOSPITAL NHS TRUST,NHS ESSEX INTEGRATED CARE BOARD,C_100,General Surgery Service,3721,2518,44,0.6767,True
RTT-April-2026,2026-04-01,RQW,THE PRINCESS ALEXANDRA HOSPITAL NHS TRUST,NHS ESSEX INTEGRATED CARE BOARD,C_502,Gynaecology Service,3201,2133,101,0.6664,True
RTT-April-2026,2026-04-01,RQW,THE PRINCESS ALEXANDRA HOSPITAL NHS TRUST,NHS ESSEX INTEGRATED CARE BOARD,C_400,Neurology Service,1145,797,1,0.6961,True
RTT-April-2026,2026-04-01,RQW,THE PRINCESS ALEXANDRA HOSPITAL NHS TRUST,NHS ESSEX INTEGRATED CARE BOARD,C_130,Ophthalmology Service,2938,1983,58,0.6749,True
RTT-April-2026,2026-04-01,RQW,THE PRINCESS ALEXANDRA HOSPITAL NHS TRUST,NHS ESSEX INTEGRATED CARE BOARD,C_140,Oral Surgery Service,1802,908,52,0.5039,True
RTT-April-2026,2026-04-01,RQW,THE PRINCESS ALEXANDRA HOSPITAL NHS TRUST,NHS ESSEX INTEGRATED CARE BOARD,X02,Other - Medical Services,656,498,6,0.7591,False
RTT-April-2026,2026-04-01,RQW,THE PRINCESS ALEXANDRA HOSPITAL NHS TRUST,NHS ESSEX INTEGRATED CARE BOARD,X06,Other - Other Services,1397,1288,2,0.922,False
RTT-April-2026,2026-04-01,RQW,THE PRINCESS ALEXANDRA HOSPITAL NHS TRUST,NHS ESSEX INTEGRATED CARE BOARD,X04,Other - Paediatric Services,628,558,1,0.8885,False
RTT-April-2026,2026-04-01,RQW,THE PRINCESS ALEXANDRA HOSPITAL NHS TRUST,NHS ESSEX INTEGRATED CARE BOARD,X05,Other - Surgical Services,943,474,20,0.5027,True
RTT-April-2026,2026-04-01,RQW,THE PRINCESS ALEXANDRA HOSPITAL NHS TRUST,NHS ESSEX INTEGRATED CARE BOARD,C_340,Respiratory Medicine Service,1194,837,0,0.701,False
RTT-April-2026,2026-04-01,RQW,THE PRINCESS ALEXANDRA HOSPITAL NHS TRUST,NHS ESSEX INTEGRATED CARE BOARD,C_410,Rheumatology Service,1381,893,13,0.6466,True
RTT-April-2026,2026-04-01,RQW,THE PRINCESS ALEXANDRA HOSPITAL NHS TRUST,NHS ESSEX INTEGRATED CARE BOARD,C_110,Trauma and Orthopaedic Service,5337,2953,38,0.5533,True
RTT-April-2026,2026-04-01,RQW,THE PRINCESS ALEXANDRA HOSPITAL NHS TRUST,NHS ESSEX INTEGRATED CARE BOARD,C_101,Urology Service,2731,1880,0,0.6884,True
RTT-April-2026,2026-04-01,RCX,"THE QUEEN ELIZABETH HOSPITAL, KING'S LYNN, NHS FOUNDATION TRUST",NHS NORFOLK AND SUFFOLK INTEGRATED CARE BOARD,C_320,Cardiology Service,1540,1077,0,0.6994,True
RTT-April-2026,2026-04-01,RCX,"THE QUEEN ELIZABETH HOSPITAL, KING'S LYNN, NHS FOUNDATION TRUST",NHS NORFOLK AND SUFFOLK INTEGRATED CARE BOARD,C_170,Cardiothoracic Surgery Service,9,9,0,1.0,False
RTT-April-2026,2026-04-01,RCX,"THE QUEEN ELIZABETH HOSPITAL, KING'S LYNN, NHS FOUNDATION TRUST",NHS NORFOLK AND SUFFOLK INTEGRATED CARE BOARD,C_330,Dermatology Service,1906,1221,3,0.6406,True
RTT-April-2026,2026-04-01,RCX,"THE QUEEN ELIZABETH HOSPITAL, KING'S LYNN, NHS FOUNDATION TRUST",NHS NORFOLK AND SUFFOLK INTEGRATED CARE BOARD,C_120,Ear Nose and Throat Service,3224,1619,76,0.5022,True
RTT-April-2026,2026-04-01,RCX,"THE QUEEN ELIZABETH HOSPITAL, KING'S LYNN, NHS FOUNDATION TRUST",NHS NORFOLK AND SUFFOLK INTEGRATED CARE BOARD,C_430,Elderly Medicine Service,65,61,0,0.9385,False
RTT-April-2026,2026-04-01,RCX,"THE QUEEN ELIZABETH HOSPITAL, KING'S LYNN, NHS FOUNDATION TRUST",NHS NORFOLK AND SUFFOLK INTEGRATED CARE BOARD,C_301,Gastroenterology Service,1377,783,5,0.5686,True
RTT-April-2026,2026-04-01,RCX,"THE QUEEN ELIZABETH HOSPITAL, KING'S LYNN, NHS FOUNDATION TRUST",NHS NORFOLK AND SUFFOLK INTEGRATED CARE BOARD,C_300,General Internal Medicine Service,82,69,0,0.8415,False
RTT-April-2026,2026-04-01,RCX,"THE QUEEN ELIZABETH HOSPITAL, KING'S LYNN, NHS FOUNDATION TRUST",NHS NORFOLK AND SUFFOLK INTEGRATED CARE BOARD,C_100,General Surgery Service,1747,871,62,0.4986,True
RTT-April-2026,2026-04-01,RCX,"THE QUEEN ELIZABETH HOSPITAL, KING'S LYNN, NHS FOUNDATION TRUST",NHS NORFOLK AND SUFFOLK INTEGRATED CARE BOARD,C_502,Gynaecology Service,1543,971,20,0.6293,True
RTT-April-2026,2026-04-01,RCX,"THE QUEEN ELIZABETH HOSPITAL, KING'S LYNN, NHS FOUNDATION TRUST",NHS NORFOLK AND SUFFOLK INTEGRATED CARE BOARD,C_400,Neurology Service,1278,679,0,0.5313,True
RTT-April-2026,2026-04-01,RCX,"THE QUEEN ELIZABETH HOSPITAL, KING'S LYNN, NHS FOUNDATION TRUST",NHS NORFOLK AND SUFFOLK INTEGRATED CARE BOARD,C_130,Ophthalmology Service,1930,1291,20,0.6689,True
RTT-April-2026,2026-04-01,RCX,"THE QUEEN ELIZABETH HOSPITAL, KING'S LYNN, NHS FOUNDATION TRUST",NHS NORFOLK AND SUFFOLK INTEGRATED CARE BOARD,C_140,Oral Surgery Service,391,278,13,0.711,False
RTT-April-2026,2026-04-01,RCX,"THE QUEEN ELIZABETH HOSPITAL, KING'S LYNN, NHS FOUNDATION TRUST",NHS NORFOLK AND SUFFOLK INTEGRATED CARE BOARD,X02,Other - Medical Services,1178,801,2,0.68,True
RTT-April-2026,2026-04-01,RCX,"THE QUEEN ELIZABETH HOSPITAL, KING'S LYNN, NHS FOUNDATION TRUST",NHS NORFOLK AND SUFFOLK INTEGRATED CARE BOARD,X06,Other - Other Services,457,321,1,0.7024,False
RTT-April-2026,2026-04-01,RCX,"THE QUEEN ELIZABETH HOSPITAL, KING'S LYNN, NHS FOUNDATION TRUST",NHS NORFOLK AND SUFFOLK INTEGRATED CARE BOARD,X04,Other - Paediatric Services,720,501,8,0.6958,True
RTT-April-2026,2026-04-01,RCX,"THE QUEEN ELIZABETH HOSPITAL, KING'S LYNN, NHS FOUNDATION TRUST",NHS NORFOLK AND SUFFOLK INTEGRATED CARE BOARD,X05,Other - Surgical Services,2329,1297,25,0.5569,True
RTT-April-2026,2026-04-01,RCX,"THE QUEEN ELIZABETH HOSPITAL, KING'S LYNN, NHS FOUNDATION TRUST",NHS NORFOLK AND SUFFOLK INTEGRATED CARE BOARD,C_160,Plastic Surgery Service,67,34,4,0.5075,True
RTT-April-2026,2026-04-01,RCX,"THE QUEEN ELIZABETH HOSPITAL, KING'S LYNN, NHS FOUNDATION TRUST",NHS NORFOLK AND SUFFOLK INTEGRATED CARE BOARD,C_340,Respiratory Medicine Service,778,450,0,0.5784,True
RTT-April-2026,2026-04-01,RCX,"THE QUEEN ELIZABETH HOSPITAL, KING'S LYNN, NHS FOUNDATION TRUST",NHS NORFOLK AND SUFFOLK INTEGRATED CARE BOARD,C_410,Rheumatology Service,676,455,0,0.6731,True
RTT-April-2026,2026-04-01,RCX,"THE QUEEN ELIZABETH HOSPITAL, KING'S LYNN, NHS FOUNDATION TRUST",NHS NORFOLK AND SUFFOLK INTEGRATED CARE BOARD,C_110,Trauma and Orthopaedic Service,2196,1050,77,0.4781,True
RTT-April-2026,2026-04-01,RCX,"THE QUEEN ELIZABETH HOSPITAL, KING'S LYNN, NHS FOUNDATION TRUST",NHS NORFOLK AND SUFFOLK INTEGRATED CARE BOARD,C_101,Urology Service,1660,994,33,0.5988,True
RTT-April-2026,2026-04-01,RL1,THE ROBERT JONES AND AGNES HUNT ORTHOPAEDIC HOSPITAL NHS FOUNDATION TRUST,"NHS SHROPSHIRE, TELFORD AND WREKIN INTEGRATED CARE BOARD",C_320,Cardiology Service,3,3,0,1.0,False
RTT-April-2026,2026-04-01,RL1,THE ROBERT JONES AND AGNES HUNT ORTHOPAEDIC HOSPITAL NHS FOUNDATION TRUST,"NHS SHROPSHIRE, TELFORD AND WREKIN INTEGRATED CARE BOARD",C_430,Elderly Medicine Service,22,22,0,1.0,False
RTT-April-2026,2026-04-01,RL1,THE ROBERT JONES AND AGNES HUNT ORTHOPAEDIC HOSPITAL NHS FOUNDATION TRUST,"NHS SHROPSHIRE, TELFORD AND WREKIN INTEGRATED CARE BOARD",C_300,General Internal Medicine Service,5870,4487,37,0.7644,False
RTT-April-2026,2026-04-01,RL1,THE ROBERT JONES AND AGNES HUNT ORTHOPAEDIC HOSPITAL NHS FOUNDATION TRUST,"NHS SHROPSHIRE, TELFORD AND WREKIN INTEGRATED CARE BOARD",C_400,Neurology Service,183,106,9,0.5792,True
RTT-April-2026,2026-04-01,RL1,THE ROBERT JONES AND AGNES HUNT ORTHOPAEDIC HOSPITAL NHS FOUNDATION TRUST,"NHS SHROPSHIRE, TELFORD AND WREKIN INTEGRATED CARE BOARD",X02,Other - Medical Services,473,349,22,0.7378,False
RTT-April-2026,2026-04-01,RL1,THE ROBERT JONES AND AGNES HUNT ORTHOPAEDIC HOSPITAL NHS FOUNDATION TRUST,"NHS SHROPSHIRE, TELFORD AND WREKIN INTEGRATED CARE BOARD",X06,Other - Other Services,225,172,9,0.7644,False
RTT-April-2026,2026-04-01,RL1,THE ROBERT JONES AND AGNES HUNT ORTHOPAEDIC HOSPITAL NHS FOUNDATION TRUST,"NHS SHROPSHIRE, TELFORD AND WREKIN INTEGRATED CARE BOARD",X04,Other - Paediatric Services,760,439,60,0.5776,True
RTT-April-2026,2026-04-01,RL1,THE ROBERT JONES AND AGNES HUNT ORTHOPAEDIC HOSPITAL NHS FOUNDATION TRUST,"NHS SHROPSHIRE, TELFORD AND WREKIN INTEGRATED CARE BOARD",C_410,Rheumatology Service,649,602,2,0.9276,False
RTT-April-2026,2026-04-01,RL1,THE ROBERT JONES AND AGNES HUNT ORTHOPAEDIC HOSPITAL NHS FOUNDATION TRUST,"NHS SHROPSHIRE, TELFORD AND WREKIN INTEGRATED CARE BOARD",C_110,Trauma and Orthopaedic Service,15309,6222,2629,0.4064,True
RTT-April-2026,2026-04-01,RFR,THE ROTHERHAM NHS FOUNDATION TRUST,NHS SOUTH YORKSHIRE INTEGRATED CARE BOARD,C_320,Cardiology Service,1693,1457,0,0.8606,False
RTT-April-2026,2026-04-01,RFR,THE ROTHERHAM NHS FOUNDATION TRUST,NHS SOUTH YORKSHIRE INTEGRATED CARE BOARD,C_330,Dermatology Service,2405,1870,0,0.7775,False
RTT-April-2026,2026-04-01,RFR,THE ROTHERHAM NHS FOUNDATION TRUST,NHS SOUTH YORKSHIRE INTEGRATED CARE BOARD,C_120,Ear Nose and Throat Service,2176,1555,94,0.7146,False
RTT-April-2026,2026-04-01,RFR,THE ROTHERHAM NHS FOUNDATION TRUST,NHS SOUTH YORKSHIRE INTEGRATED CARE BOARD,C_430,Elderly Medicine Service,97,93,0,0.9588,False
RTT-April-2026,2026-04-01,RFR,THE ROTHERHAM NHS FOUNDATION TRUST,NHS SOUTH YORKSHIRE INTEGRATED CARE BOARD,C_301,Gastroenterology Service,1856,1320,0,0.7112,False
RTT-April-2026,2026-04-01,RFR,THE ROTHERHAM NHS FOUNDATION TRUST,NHS SOUTH YORKSHIRE INTEGRATED CARE BOARD,C_300,General Internal Medicine Service,25,25,0,1.0,False
RTT-April-2026,2026-04-01,RFR,THE ROTHERHAM NHS FOUNDATION TRUST,NHS SOUTH YORKSHIRE INTEGRATED CARE BOARD,C_100,General Surgery Service,1781,1021,27,0.5733,True
RTT-April-2026,2026-04-01,RFR,THE ROTHERHAM NHS FOUNDATION TRUST,NHS SOUTH YORKSHIRE INTEGRATED CARE BOARD,C_502,Gynaecology Service,3532,2260,88,0.6399,True
RTT-April-2026,2026-04-01,RFR,THE ROTHERHAM NHS FOUNDATION TRUST,NHS SOUTH YORKSHIRE INTEGRATED CARE BOARD,C_130,Ophthalmology Service,1736,1500,0,0.8641,False
RTT-April-2026,2026-04-01,RFR,THE ROTHERHAM NHS FOUNDATION TRUST,NHS SOUTH YORKSHIRE INTEGRATED CARE BOARD,C_140,Oral Surgery Service,2586,1172,89,0.4532,True
RTT-April-2026,2026-04-01,RFR,THE ROTHERHAM NHS FOUNDATION TRUST,NHS SOUTH YORKSHIRE INTEGRATED CARE BOARD,X02,Other - Medical Services,752,694,0,0.9229,False
RTT-April-2026,2026-04-01,RFR,THE ROTHERHAM NHS FOUNDATION TRUST,NHS SOUTH YORKSHIRE INTEGRATED CARE BOARD,X04,Other - Paediatric Services,1197,1036,0,0.8655,False
RTT-April-2026,2026-04-01,RFR,THE ROTHERHAM NHS FOUNDATION TRUST,NHS SOUTH YORKSHIRE INTEGRATED CARE BOARD,X05,Other - Surgical Services,1905,1523,8,0.7995,False
RTT-April-2026,2026-04-01,RFR,THE ROTHERHAM NHS FOUNDATION TRUST,NHS SOUTH YORKSHIRE INTEGRATED CARE BOARD,C_340,Respiratory Medicine Service,823,777,0,0.9441,False
RTT-April-2026,2026-04-01,RFR,THE ROTHERHAM NHS FOUNDATION TRUST,NHS SOUTH YORKSHIRE INTEGRATED CARE BOARD,C_410,Rheumatology Service,694,650,0,0.9366,False
RTT-April-2026,2026-04-01,RFR,THE ROTHERHAM NHS FOUNDATION TRUST,NHS SOUTH YORKSHIRE INTEGRATED CARE BOARD,C_110,Trauma and Orthopaedic Service,4456,2273,45,0.5101,True
RTT-April-2026,2026-04-01,RFR,THE ROTHERHAM NHS FOUNDATION TRUST,NHS SOUTH YORKSHIRE INTEGRATED CARE BOARD,C_101,Urology Service,1709,1232,4,0.7209,False
RTT-April-2026,2026-04-01,DJH01,THE ROYAL BUCKINGHAMSHIRE HOSPITAL LTD,NHS THAMES VALLEY INTEGRATED CARE BOARD,C_100,General Surgery Service,31,27,0,0.871,False
RTT-April-2026,2026-04-01,DJH01,THE ROYAL BUCKINGHAMSHIRE HOSPITAL LTD,NHS THAMES VALLEY INTEGRATED CARE BOARD,C_110,Trauma and Orthopaedic Service,1,1,0,1.0,False
RTT-April-2026,2026-04-01,RPY,THE ROYAL MARSDEN NHS FOUNDATION TRUST,NHS WEST AND NORTH LONDON INTEGRATED CARE BOARD,C_330,Dermatology Service,3,2,0,0.6667,True
RTT-April-2026,2026-04-01,RPY,THE ROYAL MARSDEN NHS FOUNDATION TRUST,NHS WEST AND NORTH LONDON INTEGRATED CARE BOARD,C_301,Gastroenterology Service,67,62,0,0.9254,False
RTT-April-2026,2026-04-01,RPY,THE ROYAL MARSDEN NHS FOUNDATION TRUST,NHS WEST AND NORTH LONDON INTEGRATED CARE BOARD,C_100,General Surgery Service,121,112,0,0.9256,False
RTT-April-2026,2026-04-01,RPY,THE ROYAL MARSDEN NHS FOUNDATION TRUST,NHS WEST AND NORTH LONDON INTEGRATED CARE BOARD,C_140,Oral Surgery Service,146,136,0,0.9315,False
RTT-April-2026,2026-04-01,RPY,THE ROYAL MARSDEN NHS FOUNDATION TRUST,NHS WEST AND NORTH LONDON INTEGRATED CARE BOARD,X02,Other - Medical Services,463,449,0,0.9698,False
RTT-April-2026,2026-04-01,RPY,THE ROYAL MARSDEN NHS FOUNDATION TRUST,NHS WEST AND NORTH LONDON INTEGRATED CARE BOARD,X06,Other - Other Services,359,337,0,0.9387,False
RTT-April-2026,2026-04-01,RPY,THE ROYAL MARSDEN NHS FOUNDATION TRUST,NHS WEST AND NORTH LONDON INTEGRATED CARE BOARD,X04,Other - Paediatric Services,15,15,0,1.0,False
RTT-April-2026,2026-04-01,RPY,THE ROYAL MARSDEN NHS FOUNDATION TRUST,NHS WEST AND NORTH LONDON INTEGRATED CARE BOARD,X05,Other - Surgical Services,527,499,0,0.9469,False
RTT-April-2026,2026-04-01,RPY,THE ROYAL MARSDEN NHS FOUNDATION TRUST,NHS WEST AND NORTH LONDON INTEGRATED CARE BOARD,C_160,Plastic Surgery Service,38,35,0,0.9211,False
RTT-April-2026,2026-04-01,RPY,THE ROYAL MARSDEN NHS FOUNDATION TRUST,NHS WEST AND NORTH LONDON INTEGRATED CARE BOARD,C_101,Urology Service,65,63,0,0.9692,False
RTT-April-2026,2026-04-01,RRJ,THE ROYAL ORTHOPAEDIC HOSPITAL NHS FOUNDATION TRUST,NHS BIRMINGHAM AND SOLIHULL INTEGRATED CARE BOARD,C_300,General Internal Medicine Service,243,173,0,0.7119,False
RTT-April-2026,2026-04-01,RRJ,THE ROYAL ORTHOPAEDIC HOSPITAL NHS FOUNDATION TRUST,NHS BIRMINGHAM AND SOLIHULL INTEGRATED CARE BOARD,X02,Other - Medical Services,1015,713,2,0.7025,False
RTT-April-2026,2026-04-01,RRJ,THE ROYAL ORTHOPAEDIC HOSPITAL NHS FOUNDATION TRUST,NHS BIRMINGHAM AND SOLIHULL INTEGRATED CARE BOARD,X06,Other - Other Services,796,707,0,0.8882,False
RTT-April-2026,2026-04-01,RRJ,THE ROYAL ORTHOPAEDIC HOSPITAL NHS FOUNDATION TRUST,NHS BIRMINGHAM AND SOLIHULL INTEGRATED CARE BOARD,C_110,Trauma and Orthopaedic Service,10634,6744,108,0.6342,True
RTT-April-2026,2026-04-01,RL4,THE ROYAL WOLVERHAMPTON NHS TRUST,NHS BLACK COUNTRY INTEGRATED CARE BOARD,C_320,Cardiology Service,6014,3569,196,0.5934,True
RTT-April-2026,2026-04-01,RL4,THE ROYAL WOLVERHAMPTON NHS TRUST,NHS BLACK COUNTRY INTEGRATED CARE BOARD,C_330,Dermatology Service,923,722,2,0.7822,False
RTT-April-2026,2026-04-01,RL4,THE ROYAL WOLVERHAMPTON NHS TRUST,NHS BLACK COUNTRY INTEGRATED CARE BOARD,C_120,Ear Nose and Throat Service,6359,3296,144,0.5183,True
RTT-April-2026,2026-04-01,RL4,THE ROYAL WOLVERHAMPTON NHS TRUST,NHS BLACK COUNTRY INTEGRATED CARE BOARD,C_430,Elderly Medicine Service,62,60,0,0.9677,False
RTT-April-2026,2026-04-01,RL4,THE ROYAL WOLVERHAMPTON NHS TRUST,NHS BLACK COUNTRY INTEGRATED CARE BOARD,C_301,Gastroenterology Service,4409,2940,23,0.6668,True
RTT-April-2026,2026-04-01,RL4,THE ROYAL WOLVERHAMPTON NHS TRUST,NHS BLACK COUNTRY INTEGRATED CARE BOARD,C_300,General Internal Medicine Service,9,6,0,0.6667,True
RTT-April-2026,2026-04-01,RL4,THE ROYAL WOLVERHAMPTON NHS TRUST,NHS BLACK COUNTRY INTEGRATED CARE BOARD,C_100,General Surgery Service,1616,885,56,0.5476,True
RTT-April-2026,2026-04-01,RL4,THE ROYAL WOLVERHAMPTON NHS TRUST,NHS BLACK COUNTRY INTEGRATED CARE BOARD,C_502,Gynaecology Service,5742,3148,280,0.5482,True
RTT-April-2026,2026-04-01,RL4,THE ROYAL WOLVERHAMPTON NHS TRUST,NHS BLACK COUNTRY INTEGRATED CARE BOARD,C_400,Neurology Service,2267,1696,0,0.7481,False
RTT-April-2026,2026-04-01,RL4,THE ROYAL WOLVERHAMPTON NHS TRUST,NHS BLACK COUNTRY INTEGRATED CARE BOARD,C_130,Ophthalmology Service,9503,5905,218,0.6214,True
RTT-April-2026,2026-04-01,RL4,THE ROYAL WOLVERHAMPTON NHS TRUST,NHS BLACK COUNTRY INTEGRATED CARE BOARD,C_140,Oral Surgery Service,4678,1843,458,0.394,True
RTT-April-2026,2026-04-01,RL4,THE ROYAL WOLVERHAMPTON NHS TRUST,NHS BLACK COUNTRY INTEGRATED CARE BOARD,X02,Other - Medical Services,6524,4615,27,0.7074,False
RTT-April-2026,2026-04-01,RL4,THE ROYAL WOLVERHAMPTON NHS TRUST,NHS BLACK COUNTRY INTEGRATED CARE BOARD,X06,Other - Other Services,99,54,1,0.5455,True
RTT-April-2026,2026-04-01,RL4,THE ROYAL WOLVERHAMPTON NHS TRUST,NHS BLACK COUNTRY INTEGRATED CARE BOARD,X04,Other - Paediatric Services,1456,732,1,0.5027,True
RTT-April-2026,2026-04-01,RL4,THE ROYAL WOLVERHAMPTON NHS TRUST,NHS BLACK COUNTRY INTEGRATED CARE BOARD,X05,Other - Surgical Services,7387,4549,114,0.6158,True
RTT-April-2026,2026-04-01,RL4,THE ROYAL WOLVERHAMPTON NHS TRUST,NHS BLACK COUNTRY INTEGRATED CARE BOARD,C_160,Plastic Surgery Service,220,156,0,0.7091,False
RTT-April-2026,2026-04-01,RL4,THE ROYAL WOLVERHAMPTON NHS TRUST,NHS BLACK COUNTRY INTEGRATED CARE BOARD,C_340,Respiratory Medicine Service,1708,1517,1,0.8882,False
RTT-April-2026,2026-04-01,RL4,THE ROYAL WOLVERHAMPTON NHS TRUST,NHS BLACK COUNTRY INTEGRATED CARE BOARD,C_410,Rheumatology Service,1401,1090,0,0.778,False
RTT-April-2026,2026-04-01,RL4,THE ROYAL WOLVERHAMPTON NHS TRUST,NHS BLACK COUNTRY INTEGRATED CARE BOARD,C_110,Trauma and Orthopaedic Service,6805,4446,107,0.6533,True
RTT-April-2026,2026-04-01,RL4,THE ROYAL WOLVERHAMPTON NHS TRUST,NHS BLACK COUNTRY INTEGRATED CARE BOARD,C_101,Urology Service,6594,3219,275,0.4882,True
RTT-April-2026,2026-04-01,RXW,THE SHREWSBURY AND TELFORD HOSPITAL NHS TRUST,"NHS SHROPSHIRE, TELFORD AND WREKIN INTEGRATED CARE BOARD",C_320,Cardiology Service,2592,1774,0,0.6844,True
RTT-April-2026,2026-04-01,RXW,THE SHREWSBURY AND TELFORD HOSPITAL NHS TRUST,"NHS SHROPSHIRE, TELFORD AND WREKIN INTEGRATED CARE BOARD",C_170,Cardiothoracic Surgery Service,65,62,0,0.9538,False
RTT-April-2026,2026-04-01,RXW,THE SHREWSBURY AND TELFORD HOSPITAL NHS TRUST,"NHS SHROPSHIRE, TELFORD AND WREKIN INTEGRATED CARE BOARD",C_330,Dermatology Service,2833,2171,0,0.7663,False
RTT-April-2026,2026-04-01,RXW,THE SHREWSBURY AND TELFORD HOSPITAL NHS TRUST,"NHS SHROPSHIRE, TELFORD AND WREKIN INTEGRATED CARE BOARD",C_120,Ear Nose and Throat Service,4171,2786,0,0.6679,True
RTT-April-2026,2026-04-01,RXW,THE SHREWSBURY AND TELFORD HOSPITAL NHS TRUST,"NHS SHROPSHIRE, TELFORD AND WREKIN INTEGRATED CARE BOARD",C_430,Elderly Medicine Service,202,202,0,1.0,False
RTT-April-2026,2026-04-01,RXW,THE SHREWSBURY AND TELFORD HOSPITAL NHS TRUST,"NHS SHROPSHIRE, TELFORD AND WREKIN INTEGRATED CARE BOARD",C_301,Gastroenterology Service,1824,1526,0,0.8366,False
RTT-April-2026,2026-04-01,RXW,THE SHREWSBURY AND TELFORD HOSPITAL NHS TRUST,"NHS SHROPSHIRE, TELFORD AND WREKIN INTEGRATED CARE BOARD",C_300,General Internal Medicine Service,1530,1112,0,0.7268,False
RTT-April-2026,2026-04-01,RXW,THE SHREWSBURY AND TELFORD HOSPITAL NHS TRUST,"NHS SHROPSHIRE, TELFORD AND WREKIN INTEGRATED CARE BOARD",C_100,General Surgery Service,4372,2932,0,0.6706,True
RTT-April-2026,2026-04-01,RXW,THE SHREWSBURY AND TELFORD HOSPITAL NHS TRUST,"NHS SHROPSHIRE, TELFORD AND WREKIN INTEGRATED CARE BOARD",C_502,Gynaecology Service,4444,2745,0,0.6177,True
RTT-April-2026,2026-04-01,RXW,THE SHREWSBURY AND TELFORD HOSPITAL NHS TRUST,"NHS SHROPSHIRE, TELFORD AND WREKIN INTEGRATED CARE BOARD",C_400,Neurology Service,14,13,0,0.9286,False
RTT-April-2026,2026-04-01,RXW,THE SHREWSBURY AND TELFORD HOSPITAL NHS TRUST,"NHS SHROPSHIRE, TELFORD AND WREKIN INTEGRATED CARE BOARD",C_130,Ophthalmology Service,3382,2649,0,0.7833,False
RTT-April-2026,2026-04-01,RXW,THE SHREWSBURY AND TELFORD HOSPITAL NHS TRUST,"NHS SHROPSHIRE, TELFORD AND WREKIN INTEGRATED CARE BOARD",C_140,Oral Surgery Service,1900,1159,0,0.61,True
RTT-April-2026,2026-04-01,RXW,THE SHREWSBURY AND TELFORD HOSPITAL NHS TRUST,"NHS SHROPSHIRE, TELFORD AND WREKIN INTEGRATED CARE BOARD",X06,Other - Other Services,437,398,0,0.9108,False
RTT-April-2026,2026-04-01,RXW,THE SHREWSBURY AND TELFORD HOSPITAL NHS TRUST,"NHS SHROPSHIRE, TELFORD AND WREKIN INTEGRATED CARE BOARD",X04,Other - Paediatric Services,1138,843,0,0.7408,False
RTT-April-2026,2026-04-01,RXW,THE SHREWSBURY AND TELFORD HOSPITAL NHS TRUST,"NHS SHROPSHIRE, TELFORD AND WREKIN INTEGRATED CARE BOARD",X05,Other - Surgical Services,157,89,0,0.5669,True
RTT-April-2026,2026-04-01,RXW,THE SHREWSBURY AND TELFORD HOSPITAL NHS TRUST,"NHS SHROPSHIRE, TELFORD AND WREKIN INTEGRATED CARE BOARD",C_340,Respiratory Medicine Service,1870,1299,0,0.6947,True
RTT-April-2026,2026-04-01,RXW,THE SHREWSBURY AND TELFORD HOSPITAL NHS TRUST,"NHS SHROPSHIRE, TELFORD AND WREKIN INTEGRATED CARE BOARD",C_410,Rheumatology Service,1,1,0,1.0,False
RTT-April-2026,2026-04-01,RXW,THE SHREWSBURY AND TELFORD HOSPITAL NHS TRUST,"NHS SHROPSHIRE, TELFORD AND WREKIN INTEGRATED CARE BOARD",C_110,Trauma and Orthopaedic Service,2193,1093,0,0.4984,True
RTT-April-2026,2026-04-01,RXW,THE SHREWSBURY AND TELFORD HOSPITAL NHS TRUST,"NHS SHROPSHIRE, TELFORD AND WREKIN INTEGRATED CARE BOARD",C_101,Urology Service,1959,1377,0,0.7029,False
RTT-April-2026,2026-04-01,DPK,THE STONEYGATE EYE HOSPITAL,"NHS LEICESTER, LEICESTERSHIRE AND RUTLAND INTEGRATED CARE BOARD",C_130,Ophthalmology Service,752,658,0,0.875,False
RTT-April-2026,2026-04-01,RET,THE WALTON CENTRE NHS FOUNDATION TRUST,NHS CHESHIRE AND MERSEYSIDE INTEGRATED CARE BOARD,C_400,Neurology Service,7636,4993,103,0.6539,True
RTT-April-2026,2026-04-01,RET,THE WALTON CENTRE NHS FOUNDATION TRUST,NHS CHESHIRE AND MERSEYSIDE INTEGRATED CARE BOARD,C_150,Neurosurgical Service,4269,2899,71,0.6791,True
RTT-April-2026,2026-04-01,RET,THE WALTON CENTRE NHS FOUNDATION TRUST,NHS CHESHIRE AND MERSEYSIDE INTEGRATED CARE BOARD,C_130,Ophthalmology Service,8,7,0,0.875,False
RTT-April-2026,2026-04-01,RET,THE WALTON CENTRE NHS FOUNDATION TRUST,NHS CHESHIRE AND MERSEYSIDE INTEGRATED CARE BOARD,X02,Other - Medical Services,3057,1922,7,0.6287,True
RTT-April-2026,2026-04-01,RET,THE WALTON CENTRE NHS FOUNDATION TRUST,NHS CHESHIRE AND MERSEYSIDE INTEGRATED CARE BOARD,X03,Other - Mental Health Services,21,21,0,1.0,False
RTT-April-2026,2026-04-01,RET,THE WALTON CENTRE NHS FOUNDATION TRUST,NHS CHESHIRE AND MERSEYSIDE INTEGRATED CARE BOARD,X06,Other - Other Services,2,2,0,1.0,False
RTT-April-2026,2026-04-01,RET,THE WALTON CENTRE NHS FOUNDATION TRUST,NHS CHESHIRE AND MERSEYSIDE INTEGRATED CARE BOARD,X05,Other - Surgical Services,434,193,16,0.4447,True
RTT-April-2026,2026-04-01,NVC44,THE WESTBOURNE CENTRE,NHS BIRMINGHAM AND SOLIHULL INTEGRATED CARE BOARD,C_100,General Surgery Service,297,233,0,0.7845,False
RTT-April-2026,2026-04-01,NVC44,THE WESTBOURNE CENTRE,NHS BIRMINGHAM AND SOLIHULL INTEGRATED CARE BOARD,C_130,Ophthalmology Service,21,17,0,0.8095,False
RTT-April-2026,2026-04-01,NVC44,THE WESTBOURNE CENTRE,NHS BIRMINGHAM AND SOLIHULL INTEGRATED CARE BOARD,C_140,Oral Surgery Service,2830,1504,21,0.5314,True
RTT-April-2026,2026-04-01,NVC44,THE WESTBOURNE CENTRE,NHS BIRMINGHAM AND SOLIHULL INTEGRATED CARE BOARD,C_110,Trauma and Orthopaedic Service,275,181,0,0.6582,True
RTT-April-2026,2026-04-01,NVC20,THE YORKSHIRE CLINIC,NHS WEST YORKSHIRE INTEGRATED CARE BOARD,C_120,Ear Nose and Throat Service,608,415,0,0.6826,True
RTT-April-2026,2026-04-01,NVC20,THE YORKSHIRE CLINIC,NHS WEST YORKSHIRE INTEGRATED CARE BOARD,C_301,Gastroenterology Service,1319,911,1,0.6907,True
RTT-April-2026,2026-04-01,NVC20,THE YORKSHIRE CLINIC,NHS WEST YORKSHIRE INTEGRATED CARE BOARD,C_300,General Internal Medicine Service,3,3,0,1.0,False
RTT-April-2026,2026-04-01,NVC20,THE YORKSHIRE CLINIC,NHS WEST YORKSHIRE INTEGRATED CARE BOARD,C_100,General Surgery Service,744,494,7,0.664,True
RTT-April-2026,2026-04-01,NVC20,THE YORKSHIRE CLINIC,NHS WEST YORKSHIRE INTEGRATED CARE BOARD,C_502,Gynaecology Service,210,165,0,0.7857,False
RTT-April-2026,2026-04-01,NVC20,THE YORKSHIRE CLINIC,NHS WEST YORKSHIRE INTEGRATED CARE BOARD,C_400,Neurology Service,1,0,0,0.0,True
RTT-April-2026,2026-04-01,NVC20,THE YORKSHIRE CLINIC,NHS WEST YORKSHIRE INTEGRATED CARE BOARD,C_130,Ophthalmology Service,909,845,0,0.9296,False
RTT-April-2026,2026-04-01,NVC20,THE YORKSHIRE CLINIC,NHS WEST YORKSHIRE INTEGRATED CARE BOARD,X02,Other - Medical Services,1037,738,8,0.7117,False
RTT-April-2026,2026-04-01,NVC20,THE YORKSHIRE CLINIC,NHS WEST YORKSHIRE INTEGRATED CARE BOARD,X06,Other - Other Services,6,4,0,0.6667,True
RTT-April-2026,2026-04-01,NVC20,THE YORKSHIRE CLINIC,NHS WEST YORKSHIRE INTEGRATED CARE BOARD,C_160,Plastic Surgery Service,79,56,1,0.7089,False
RTT-April-2026,2026-04-01,NVC20,THE YORKSHIRE CLINIC,NHS WEST YORKSHIRE INTEGRATED CARE BOARD,C_340,Respiratory Medicine Service,722,711,0,0.9848,False
RTT-April-2026,2026-04-01,NVC20,THE YORKSHIRE CLINIC,NHS WEST YORKSHIRE INTEGRATED CARE BOARD,C_110,Trauma and Orthopaedic Service,1407,958,4,0.6809,True
RTT-April-2026,2026-04-01,NVC20,THE YORKSHIRE CLINIC,NHS WEST YORKSHIRE INTEGRATED CARE BOARD,C_101,Urology Service,443,317,0,0.7156,False
RTT-April-2026,2026-04-01,NT440,THORNBURY HOSPITAL,NHS SOUTH YORKSHIRE INTEGRATED CARE BOARD,C_301,Gastroenterology Service,5,4,0,0.8,False
RTT-April-2026,2026-04-01,NT440,THORNBURY HOSPITAL,NHS SOUTH YORKSHIRE INTEGRATED CARE BOARD,C_100,General Surgery Service,86,68,0,0.7907,False
RTT-April-2026,2026-04-01,NT440,THORNBURY HOSPITAL,NHS SOUTH YORKSHIRE INTEGRATED CARE BOARD,C_502,Gynaecology Service,201,155,3,0.7711,False
RTT-April-2026,2026-04-01,NT440,THORNBURY HOSPITAL,NHS SOUTH YORKSHIRE INTEGRATED CARE BOARD,C_150,Neurosurgical Service,5,5,0,1.0,False
RTT-April-2026,2026-04-01,NT440,THORNBURY HOSPITAL,NHS SOUTH YORKSHIRE INTEGRATED CARE BOARD,X06,Other - Other Services,7,6,0,0.8571,False
RTT-April-2026,2026-04-01,NT440,THORNBURY HOSPITAL,NHS SOUTH YORKSHIRE INTEGRATED CARE BOARD,C_110,Trauma and Orthopaedic Service,372,251,1,0.6747,True
RTT-April-2026,2026-04-01,NT440,THORNBURY HOSPITAL,NHS SOUTH YORKSHIRE INTEGRATED CARE BOARD,C_101,Urology Service,1,0,0,0.0,True
RTT-April-2026,2026-04-01,NT441,THREE SHIRES HOSPITAL,NHS NORTHAMPTONSHIRE INTEGRATED CARE BOARD,C_320,Cardiology Service,1,1,0,1.0,False
RTT-April-2026,2026-04-01,NT441,THREE SHIRES HOSPITAL,NHS NORTHAMPTONSHIRE INTEGRATED CARE BOARD,C_301,Gastroenterology Service,3,0,0,0.0,True
RTT-April-2026,2026-04-01,NT441,THREE SHIRES HOSPITAL,NHS NORTHAMPTONSHIRE INTEGRATED CARE BOARD,C_100,General Surgery Service,581,334,1,0.5749,True
RTT-April-2026,2026-04-01,NT441,THREE SHIRES HOSPITAL,NHS NORTHAMPTONSHIRE INTEGRATED CARE BOARD,C_502,Gynaecology Service,827,595,6,0.7195,False
RTT-April-2026,2026-04-01,NT441,THREE SHIRES HOSPITAL,NHS NORTHAMPTONSHIRE INTEGRATED CARE BOARD,C_150,Neurosurgical Service,95,84,0,0.8842,False
RTT-April-2026,2026-04-01,NT441,THREE SHIRES HOSPITAL,NHS NORTHAMPTONSHIRE INTEGRATED CARE BOARD,X06,Other - Other Services,10,8,0,0.8,False
RTT-April-2026,2026-04-01,NT441,THREE SHIRES HOSPITAL,NHS NORTHAMPTONSHIRE INTEGRATED CARE BOARD,C_110,Trauma and Orthopaedic Service,2149,1190,17,0.5537,True
RTT-April-2026,2026-04-01,NN4,TYNESIDE SURGICAL SERVICES LTD,NHS NORTH EAST AND NORTH CUMBRIA INTEGRATED CARE BOARD,C_301,Gastroenterology Service,322,290,0,0.9006,False
RTT-April-2026,2026-04-01,NN4,TYNESIDE SURGICAL SERVICES LTD,NHS NORTH EAST AND NORTH CUMBRIA INTEGRATED CARE BOARD,C_100,General Surgery Service,79,55,0,0.6962,True
RTT-April-2026,2026-04-01,NN4,TYNESIDE SURGICAL SERVICES LTD,NHS NORTH EAST AND NORTH CUMBRIA INTEGRATED CARE BOARD,C_502,Gynaecology Service,84,64,0,0.7619,False
RTT-April-2026,2026-04-01,NN4,TYNESIDE SURGICAL SERVICES LTD,NHS NORTH EAST AND NORTH CUMBRIA INTEGRATED CARE BOARD,X02,Other - Medical Services,172,155,0,0.9012,False
RTT-April-2026,2026-04-01,NN4,TYNESIDE SURGICAL SERVICES LTD,NHS NORTH EAST AND NORTH CUMBRIA INTEGRATED CARE BOARD,C_160,Plastic Surgery Service,191,162,0,0.8482,False
RTT-April-2026,2026-04-01,NN4,TYNESIDE SURGICAL SERVICES LTD,NHS NORTH EAST AND NORTH CUMBRIA INTEGRATED CARE BOARD,C_110,Trauma and Orthopaedic Service,502,392,2,0.7809,False
RTT-April-2026,2026-04-01,NN4,TYNESIDE SURGICAL SERVICES LTD,NHS NORTH EAST AND NORTH CUMBRIA INTEGRATED CARE BOARD,C_101,Urology Service,41,37,0,0.9024,False
RTT-April-2026,2026-04-01,RWD,UNITED LINCOLNSHIRE TEACHING HOSPITALS NHS TRUST,NHS LINCOLNSHIRE INTEGRATED CARE BOARD,C_320,Cardiology Service,1031,893,0,0.8661,False
RTT-April-2026,2026-04-01,RWD,UNITED LINCOLNSHIRE TEACHING HOSPITALS NHS TRUST,NHS LINCOLNSHIRE INTEGRATED CARE BOARD,C_330,Dermatology Service,4714,2820,8,0.5982,True
RTT-April-2026,2026-04-01,RWD,UNITED LINCOLNSHIRE TEACHING HOSPITALS NHS TRUST,NHS LINCOLNSHIRE INTEGRATED CARE BOARD,C_120,Ear Nose and Throat Service,9464,4635,81,0.4898,True
RTT-April-2026,2026-04-01,RWD,UNITED LINCOLNSHIRE TEACHING HOSPITALS NHS TRUST,NHS LINCOLNSHIRE INTEGRATED CARE BOARD,C_430,Elderly Medicine Service,347,236,0,0.6801,True
RTT-April-2026,2026-04-01,RWD,UNITED LINCOLNSHIRE TEACHING HOSPITALS NHS TRUST,NHS LINCOLNSHIRE INTEGRATED CARE BOARD,C_301,Gastroenterology Service,5219,3120,31,0.5978,True
RTT-April-2026,2026-04-01,RWD,UNITED LINCOLNSHIRE TEACHING HOSPITALS NHS TRUST,NHS LINCOLNSHIRE INTEGRATED CARE BOARD,C_300,General Internal Medicine Service,922,819,2,0.8883,False
RTT-April-2026,2026-04-01,RWD,UNITED LINCOLNSHIRE TEACHING HOSPITALS NHS TRUST,NHS LINCOLNSHIRE INTEGRATED CARE BOARD,C_100,General Surgery Service,4753,3615,9,0.7606,False
RTT-April-2026,2026-04-01,RWD,UNITED LINCOLNSHIRE TEACHING HOSPITALS NHS TRUST,NHS LINCOLNSHIRE INTEGRATED CARE BOARD,C_502,Gynaecology Service,6120,3308,33,0.5405,True
RTT-April-2026,2026-04-01,RWD,UNITED LINCOLNSHIRE TEACHING HOSPITALS NHS TRUST,NHS LINCOLNSHIRE INTEGRATED CARE BOARD,C_400,Neurology Service,2775,1452,39,0.5232,True
RTT-April-2026,2026-04-01,RWD,UNITED LINCOLNSHIRE TEACHING HOSPITALS NHS TRUST,NHS LINCOLNSHIRE INTEGRATED CARE BOARD,C_130,Ophthalmology Service,5914,4280,1,0.7237,False
RTT-April-2026,2026-04-01,RWD,UNITED LINCOLNSHIRE TEACHING HOSPITALS NHS TRUST,NHS LINCOLNSHIRE INTEGRATED CARE BOARD,C_140,Oral Surgery Service,2955,1523,64,0.5154,True
RTT-April-2026,2026-04-01,RWD,UNITED LINCOLNSHIRE TEACHING HOSPITALS NHS TRUST,NHS LINCOLNSHIRE INTEGRATED CARE BOARD,X02,Other - Medical Services,5338,3846,44,0.7205,False
RTT-April-2026,2026-04-01,RWD,UNITED LINCOLNSHIRE TEACHING HOSPITALS NHS TRUST,NHS LINCOLNSHIRE INTEGRATED CARE BOARD,X06,Other - Other Services,294,265,1,0.9014,False
RTT-April-2026,2026-04-01,RWD,UNITED LINCOLNSHIRE TEACHING HOSPITALS NHS TRUST,NHS LINCOLNSHIRE INTEGRATED CARE BOARD,X04,Other - Paediatric Services,1489,783,6,0.5259,True
RTT-April-2026,2026-04-01,RWD,UNITED LINCOLNSHIRE TEACHING HOSPITALS NHS TRUST,NHS LINCOLNSHIRE INTEGRATED CARE BOARD,X05,Other - Surgical Services,4063,2132,130,0.5247,True
RTT-April-2026,2026-04-01,RWD,UNITED LINCOLNSHIRE TEACHING HOSPITALS NHS TRUST,NHS LINCOLNSHIRE INTEGRATED CARE BOARD,C_340,Respiratory Medicine Service,1468,844,40,0.5749,True
RTT-April-2026,2026-04-01,RWD,UNITED LINCOLNSHIRE TEACHING HOSPITALS NHS TRUST,NHS LINCOLNSHIRE INTEGRATED CARE BOARD,C_410,Rheumatology Service,1763,834,106,0.4731,True
RTT-April-2026,2026-04-01,RWD,UNITED LINCOLNSHIRE TEACHING HOSPITALS NHS TRUST,NHS LINCOLNSHIRE INTEGRATED CARE BOARD,C_110,Trauma and Orthopaedic Service,6599,3873,28,0.5869,True
RTT-April-2026,2026-04-01,RWD,UNITED LINCOLNSHIRE TEACHING HOSPITALS NHS TRUST,NHS LINCOLNSHIRE INTEGRATED CARE BOARD,C_101,Urology Service,3851,2585,1,0.6713,True
RTT-April-2026,2026-04-01,RRV,UNIVERSITY COLLEGE LONDON HOSPITALS NHS FOUNDATION TRUST,NHS WEST AND NORTH LONDON INTEGRATED CARE BOARD,C_320,Cardiology Service,892,603,0,0.676,True
RTT-April-2026,2026-04-01,RRV,UNIVERSITY COLLEGE LONDON HOSPITALS NHS FOUNDATION TRUST,NHS WEST AND NORTH LONDON INTEGRATED CARE BOARD,C_330,Dermatology Service,2728,1734,12,0.6356,True
RTT-April-2026,2026-04-01,RRV,UNIVERSITY COLLEGE LONDON HOSPITALS NHS FOUNDATION TRUST,NHS WEST AND NORTH LONDON INTEGRATED CARE BOARD,C_120,Ear Nose and Throat Service,6926,3972,109,0.5735,True
RTT-April-2026,2026-04-01,RRV,UNIVERSITY COLLEGE LONDON HOSPITALS NHS FOUNDATION TRUST,NHS WEST AND NORTH LONDON INTEGRATED CARE BOARD,C_430,Elderly Medicine Service,67,66,0,0.9851,False
RTT-April-2026,2026-04-01,RRV,UNIVERSITY COLLEGE LONDON HOSPITALS NHS FOUNDATION TRUST,NHS WEST AND NORTH LONDON INTEGRATED CARE BOARD,C_301,Gastroenterology Service,3516,2785,1,0.7921,False
RTT-April-2026,2026-04-01,RRV,UNIVERSITY COLLEGE LONDON HOSPITALS NHS FOUNDATION TRUST,NHS WEST AND NORTH LONDON INTEGRATED CARE BOARD,C_300,General Internal Medicine Service,5920,2905,229,0.4907,True
RTT-April-2026,2026-04-01,RRV,UNIVERSITY COLLEGE LONDON HOSPITALS NHS FOUNDATION TRUST,NHS WEST AND NORTH LONDON INTEGRATED CARE BOARD,C_100,General Surgery Service,56,38,0,0.6786,True
RTT-April-2026,2026-04-01,RRV,UNIVERSITY COLLEGE LONDON HOSPITALS NHS FOUNDATION TRUST,NHS WEST AND NORTH LONDON INTEGRATED CARE BOARD,C_502,Gynaecology Service,5902,2900,419,0.4914,True
RTT-April-2026,2026-04-01,RRV,UNIVERSITY COLLEGE LONDON HOSPITALS NHS FOUNDATION TRUST,NHS WEST AND NORTH LONDON INTEGRATED CARE BOARD,C_400,Neurology Service,5293,3614,4,0.6828,True
RTT-April-2026,2026-04-01,RRV,UNIVERSITY COLLEGE LONDON HOSPITALS NHS FOUNDATION TRUST,NHS WEST AND NORTH LONDON INTEGRATED CARE BOARD,C_150,Neurosurgical Service,3613,2200,97,0.6089,True
RTT-April-2026,2026-04-01,RRV,UNIVERSITY COLLEGE LONDON HOSPITALS NHS FOUNDATION TRUST,NHS WEST AND NORTH LONDON INTEGRATED CARE BOARD,C_140,Oral Surgery Service,6763,4637,5,0.6856,True
RTT-April-2026,2026-04-01,RRV,UNIVERSITY COLLEGE LONDON HOSPITALS NHS FOUNDATION TRUST,NHS WEST AND NORTH LONDON INTEGRATED CARE BOARD,X02,Other - Medical Services,10461,6300,176,0.6022,True
RTT-April-2026,2026-04-01,RRV,UNIVERSITY COLLEGE LONDON HOSPITALS NHS FOUNDATION TRUST,NHS WEST AND NORTH LONDON INTEGRATED CARE BOARD,X03,Other - Mental Health Services,676,506,2,0.7485,False
RTT-April-2026,2026-04-01,RRV,UNIVERSITY COLLEGE LONDON HOSPITALS NHS FOUNDATION TRUST,NHS WEST AND NORTH LONDON INTEGRATED CARE BOARD,X06,Other - Other Services,1490,1241,17,0.8329,False
RTT-April-2026,2026-04-01,RRV,UNIVERSITY COLLEGE LONDON HOSPITALS NHS FOUNDATION TRUST,NHS WEST AND NORTH LONDON INTEGRATED CARE BOARD,X04,Other - Paediatric Services,4937,3088,83,0.6255,True
RTT-April-2026,2026-04-01,RRV,UNIVERSITY COLLEGE LONDON HOSPITALS NHS FOUNDATION TRUST,NHS WEST AND NORTH LONDON INTEGRATED CARE BOARD,X05,Other - Surgical Services,7485,5050,3,0.6747,True
RTT-April-2026,2026-04-01,RRV,UNIVERSITY COLLEGE LONDON HOSPITALS NHS FOUNDATION TRUST,NHS WEST AND NORTH LONDON INTEGRATED CARE BOARD,C_340,Respiratory Medicine Service,790,712,0,0.9013,False
RTT-April-2026,2026-04-01,RRV,UNIVERSITY COLLEGE LONDON HOSPITALS NHS FOUNDATION TRUST,NHS WEST AND NORTH LONDON INTEGRATED CARE BOARD,C_410,Rheumatology Service,981,575,26,0.5861,True
RTT-April-2026,2026-04-01,RRV,UNIVERSITY COLLEGE LONDON HOSPITALS NHS FOUNDATION TRUST,NHS WEST AND NORTH LONDON INTEGRATED CARE BOARD,C_110,Trauma and Orthopaedic Service,3367,2534,1,0.7526,False
RTT-April-2026,2026-04-01,RRV,UNIVERSITY COLLEGE LONDON HOSPITALS NHS FOUNDATION TRUST,NHS WEST AND NORTH LONDON INTEGRATED CARE BOARD,C_101,Urology Service,5184,2665,156,0.5141,True
RTT-April-2026,2026-04-01,RHM,UNIVERSITY HOSPITAL SOUTHAMPTON NHS FOUNDATION TRUST,NHS HAMPSHIRE AND ISLE OF WIGHT INTEGRATED CARE BOARD,C_320,Cardiology Service,3181,2272,19,0.7142,False
RTT-April-2026,2026-04-01,RHM,UNIVERSITY HOSPITAL SOUTHAMPTON NHS FOUNDATION TRUST,NHS HAMPSHIRE AND ISLE OF WIGHT INTEGRATED CARE BOARD,C_170,Cardiothoracic Surgery Service,502,403,0,0.8028,False
RTT-April-2026,2026-04-01,RHM,UNIVERSITY HOSPITAL SOUTHAMPTON NHS FOUNDATION TRUST,NHS HAMPSHIRE AND ISLE OF WIGHT INTEGRATED CARE BOARD,C_330,Dermatology Service,5142,3243,93,0.6307,True
RTT-April-2026,2026-04-01,RHM,UNIVERSITY HOSPITAL SOUTHAMPTON NHS FOUNDATION TRUST,NHS HAMPSHIRE AND ISLE OF WIGHT INTEGRATED CARE BOARD,C_120,Ear Nose and Throat Service,1616,988,53,0.6114,True
RTT-April-2026,2026-04-01,RHM,UNIVERSITY HOSPITAL SOUTHAMPTON NHS FOUNDATION TRUST,NHS HAMPSHIRE AND ISLE OF WIGHT INTEGRATED CARE BOARD,C_430,Elderly Medicine Service,216,206,0,0.9537,False
RTT-April-2026,2026-04-01,RHM,UNIVERSITY HOSPITAL SOUTHAMPTON NHS FOUNDATION TRUST,NHS HAMPSHIRE AND ISLE OF WIGHT INTEGRATED CARE BOARD,C_301,Gastroenterology Service,1278,1024,1,0.8013,False
RTT-April-2026,2026-04-01,RHM,UNIVERSITY HOSPITAL SOUTHAMPTON NHS FOUNDATION TRUST,NHS HAMPSHIRE AND ISLE OF WIGHT INTEGRATED CARE BOARD,C_300,General Internal Medicine Service,123,107,0,0.8699,False
RTT-April-2026,2026-04-01,RHM,UNIVERSITY HOSPITAL SOUTHAMPTON NHS FOUNDATION TRUST,NHS HAMPSHIRE AND ISLE OF WIGHT INTEGRATED CARE BOARD,C_100,General Surgery Service,742,415,32,0.5593,True
RTT-April-2026,2026-04-01,RHM,UNIVERSITY HOSPITAL SOUTHAMPTON NHS FOUNDATION TRUST,NHS HAMPSHIRE AND ISLE OF WIGHT INTEGRATED CARE BOARD,C_502,Gynaecology Service,4160,2112,280,0.5077,True
RTT-April-2026,2026-04-01,RHM,UNIVERSITY HOSPITAL SOUTHAMPTON NHS FOUNDATION TRUST,NHS HAMPSHIRE AND ISLE OF WIGHT INTEGRATED CARE BOARD,C_400,Neurology Service,5694,3134,45,0.5504,True
RTT-April-2026,2026-04-01,RHM,UNIVERSITY HOSPITAL SOUTHAMPTON NHS FOUNDATION TRUST,NHS HAMPSHIRE AND ISLE OF WIGHT INTEGRATED CARE BOARD,C_150,Neurosurgical Service,1152,808,2,0.7014,False
RTT-April-2026,2026-04-01,RHM,UNIVERSITY HOSPITAL SOUTHAMPTON NHS FOUNDATION TRUST,NHS HAMPSHIRE AND ISLE OF WIGHT INTEGRATED CARE BOARD,C_130,Ophthalmology Service,6865,4975,6,0.7247,False
RTT-April-2026,2026-04-01,RHM,UNIVERSITY HOSPITAL SOUTHAMPTON NHS FOUNDATION TRUST,NHS HAMPSHIRE AND ISLE OF WIGHT INTEGRATED CARE BOARD,C_140,Oral Surgery Service,2577,1267,180,0.4917,True
RTT-April-2026,2026-04-01,RHM,UNIVERSITY HOSPITAL SOUTHAMPTON NHS FOUNDATION TRUST,NHS HAMPSHIRE AND ISLE OF WIGHT INTEGRATED CARE BOARD,X02,Other - Medical Services,8775,5646,35,0.6434,True
RTT-April-2026,2026-04-01,RHM,UNIVERSITY HOSPITAL SOUTHAMPTON NHS FOUNDATION TRUST,NHS HAMPSHIRE AND ISLE OF WIGHT INTEGRATED CARE BOARD,X06,Other - Other Services,730,617,1,0.8452,False
RTT-April-2026,2026-04-01,RHM,UNIVERSITY HOSPITAL SOUTHAMPTON NHS FOUNDATION TRUST,NHS HAMPSHIRE AND ISLE OF WIGHT INTEGRATED CARE BOARD,X04,Other - Paediatric Services,6305,4341,73,0.6885,True
RTT-April-2026,2026-04-01,RHM,UNIVERSITY HOSPITAL SOUTHAMPTON NHS FOUNDATION TRUST,NHS HAMPSHIRE AND ISLE OF WIGHT INTEGRATED CARE BOARD,X05,Other - Surgical Services,4146,2970,113,0.7164,False
RTT-April-2026,2026-04-01,RHM,UNIVERSITY HOSPITAL SOUTHAMPTON NHS FOUNDATION TRUST,NHS HAMPSHIRE AND ISLE OF WIGHT INTEGRATED CARE BOARD,C_340,Respiratory Medicine Service,828,683,1,0.8249,False
RTT-April-2026,2026-04-01,RHM,UNIVERSITY HOSPITAL SOUTHAMPTON NHS FOUNDATION TRUST,NHS HAMPSHIRE AND ISLE OF WIGHT INTEGRATED CARE BOARD,C_410,Rheumatology Service,796,666,1,0.8367,False
RTT-April-2026,2026-04-01,RHM,UNIVERSITY HOSPITAL SOUTHAMPTON NHS FOUNDATION TRUST,NHS HAMPSHIRE AND ISLE OF WIGHT INTEGRATED CARE BOARD,C_110,Trauma and Orthopaedic Service,3791,1924,99,0.5075,True
RTT-April-2026,2026-04-01,RHM,UNIVERSITY HOSPITAL SOUTHAMPTON NHS FOUNDATION TRUST,NHS HAMPSHIRE AND ISLE OF WIGHT INTEGRATED CARE BOARD,C_101,Urology Service,2617,1574,165,0.6015,True
RTT-April-2026,2026-04-01,RRK,UNIVERSITY HOSPITALS BIRMINGHAM NHS FOUNDATION TRUST,NHS BIRMINGHAM AND SOLIHULL INTEGRATED CARE BOARD,C_320,Cardiology Service,4965,4426,1,0.8914,False
RTT-April-2026,2026-04-01,RRK,UNIVERSITY HOSPITALS BIRMINGHAM NHS FOUNDATION TRUST,NHS BIRMINGHAM AND SOLIHULL INTEGRATED CARE BOARD,C_170,Cardiothoracic Surgery Service,175,154,0,0.88,False
RTT-April-2026,2026-04-01,RRK,UNIVERSITY HOSPITALS BIRMINGHAM NHS FOUNDATION TRUST,NHS BIRMINGHAM AND SOLIHULL INTEGRATED CARE BOARD,C_330,Dermatology Service,5077,3821,0,0.7526,False
RTT-April-2026,2026-04-01,RRK,UNIVERSITY HOSPITALS BIRMINGHAM NHS FOUNDATION TRUST,NHS BIRMINGHAM AND SOLIHULL INTEGRATED CARE BOARD,C_120,Ear Nose and Throat Service,7936,5054,125,0.6368,True
RTT-April-2026,2026-04-01,RRK,UNIVERSITY HOSPITALS BIRMINGHAM NHS FOUNDATION TRUST,NHS BIRMINGHAM AND SOLIHULL INTEGRATED CARE BOARD,C_430,Elderly Medicine Service,326,288,0,0.8834,False
RTT-April-2026,2026-04-01,RRK,UNIVERSITY HOSPITALS BIRMINGHAM NHS FOUNDATION TRUST,NHS BIRMINGHAM AND SOLIHULL INTEGRATED CARE BOARD,C_301,Gastroenterology Service,6600,4250,0,0.6439,True
RTT-April-2026,2026-04-01,RRK,UNIVERSITY HOSPITALS BIRMINGHAM NHS FOUNDATION TRUST,NHS BIRMINGHAM AND SOLIHULL INTEGRATED CARE BOARD,C_300,General Internal Medicine Service,303,272,0,0.8977,False
RTT-April-2026,2026-04-01,RRK,UNIVERSITY HOSPITALS BIRMINGHAM NHS FOUNDATION TRUST,NHS BIRMINGHAM AND SOLIHULL INTEGRATED CARE BOARD,C_100,General Surgery Service,4414,2771,3,0.6278,True
RTT-April-2026,2026-04-01,RRK,UNIVERSITY HOSPITALS BIRMINGHAM NHS FOUNDATION TRUST,NHS BIRMINGHAM AND SOLIHULL INTEGRATED CARE BOARD,C_502,Gynaecology Service,8326,5384,0,0.6466,True
RTT-April-2026,2026-04-01,RRK,UNIVERSITY HOSPITALS BIRMINGHAM NHS FOUNDATION TRUST,NHS BIRMINGHAM AND SOLIHULL INTEGRATED CARE BOARD,C_400,Neurology Service,3927,2224,0,0.5663,True
RTT-April-2026,2026-04-01,RRK,UNIVERSITY HOSPITALS BIRMINGHAM NHS FOUNDATION TRUST,NHS BIRMINGHAM AND SOLIHULL INTEGRATED CARE BOARD,C_150,Neurosurgical Service,1833,1186,0,0.647,True
RTT-April-2026,2026-04-01,RRK,UNIVERSITY HOSPITALS BIRMINGHAM NHS FOUNDATION TRUST,NHS BIRMINGHAM AND SOLIHULL INTEGRATED CARE BOARD,C_130,Ophthalmology Service,9360,5822,79,0.622,True
RTT-April-2026,2026-04-01,RRK,UNIVERSITY HOSPITALS BIRMINGHAM NHS FOUNDATION TRUST,NHS BIRMINGHAM AND SOLIHULL INTEGRATED CARE BOARD,C_140,Oral Surgery Service,2276,1069,12,0.4697,True
RTT-April-2026,2026-04-01,RRK,UNIVERSITY HOSPITALS BIRMINGHAM NHS FOUNDATION TRUST,NHS BIRMINGHAM AND SOLIHULL INTEGRATED CARE BOARD,X02,Other - Medical Services,11441,8384,48,0.7328,False
RTT-April-2026,2026-04-01,RRK,UNIVERSITY HOSPITALS BIRMINGHAM NHS FOUNDATION TRUST,NHS BIRMINGHAM AND SOLIHULL INTEGRATED CARE BOARD,X03,Other - Mental Health Services,38,32,0,0.8421,False
RTT-April-2026,2026-04-01,RRK,UNIVERSITY HOSPITALS BIRMINGHAM NHS FOUNDATION TRUST,NHS BIRMINGHAM AND SOLIHULL INTEGRATED CARE BOARD,X06,Other - Other Services,2160,1701,8,0.7875,False
RTT-April-2026,2026-04-01,RRK,UNIVERSITY HOSPITALS BIRMINGHAM NHS FOUNDATION TRUST,NHS BIRMINGHAM AND SOLIHULL INTEGRATED CARE BOARD,X04,Other - Paediatric Services,2110,1463,7,0.6934,True
RTT-April-2026,2026-04-01,RRK,UNIVERSITY HOSPITALS BIRMINGHAM NHS FOUNDATION TRUST,NHS BIRMINGHAM AND SOLIHULL INTEGRATED CARE BOARD,X05,Other - Surgical Services,5786,4199,14,0.7257,False
RTT-April-2026,2026-04-01,RRK,UNIVERSITY HOSPITALS BIRMINGHAM NHS FOUNDATION TRUST,NHS BIRMINGHAM AND SOLIHULL INTEGRATED CARE BOARD,C_160,Plastic Surgery Service,650,407,2,0.6262,True
RTT-April-2026,2026-04-01,RRK,UNIVERSITY HOSPITALS BIRMINGHAM NHS FOUNDATION TRUST,NHS BIRMINGHAM AND SOLIHULL INTEGRATED CARE BOARD,C_340,Respiratory Medicine Service,2682,1845,1,0.6879,True
RTT-April-2026,2026-04-01,RRK,UNIVERSITY HOSPITALS BIRMINGHAM NHS FOUNDATION TRUST,NHS BIRMINGHAM AND SOLIHULL INTEGRATED CARE BOARD,C_410,Rheumatology Service,985,829,0,0.8416,False
RTT-April-2026,2026-04-01,RRK,UNIVERSITY HOSPITALS BIRMINGHAM NHS FOUNDATION TRUST,NHS BIRMINGHAM AND SOLIHULL INTEGRATED CARE BOARD,C_110,Trauma and Orthopaedic Service,3647,2702,0,0.7409,False
RTT-April-2026,2026-04-01,RRK,UNIVERSITY HOSPITALS BIRMINGHAM NHS FOUNDATION TRUST,NHS BIRMINGHAM AND SOLIHULL INTEGRATED CARE BOARD,C_101,Urology Service,5931,3904,3,0.6582,True
RTT-April-2026,2026-04-01,RA7,UNIVERSITY HOSPITALS BRISTOL AND WESTON NHS FOUNDATION TRUST,"NHS BRISTOL, NORTH SOMERSET AND SOUTH GLOUCESTERSHIRE INTEGRATED CARE BOARD",C_320,Cardiology Service,5430,3490,22,0.6427,True
RTT-April-2026,2026-04-01,RA7,UNIVERSITY HOSPITALS BRISTOL AND WESTON NHS FOUNDATION TRUST,"NHS BRISTOL, NORTH SOMERSET AND SOUTH GLOUCESTERSHIRE INTEGRATED CARE BOARD",C_170,Cardiothoracic Surgery Service,399,313,0,0.7845,False
RTT-April-2026,2026-04-01,RA7,UNIVERSITY HOSPITALS BRISTOL AND WESTON NHS FOUNDATION TRUST,"NHS BRISTOL, NORTH SOMERSET AND SOUTH GLOUCESTERSHIRE INTEGRATED CARE BOARD",C_330,Dermatology Service,2065,1775,0,0.8596,False
RTT-April-2026,2026-04-01,RA7,UNIVERSITY HOSPITALS BRISTOL AND WESTON NHS FOUNDATION TRUST,"NHS BRISTOL, NORTH SOMERSET AND SOUTH GLOUCESTERSHIRE INTEGRATED CARE BOARD",C_120,Ear Nose and Throat Service,5208,3465,3,0.6653,True
RTT-April-2026,2026-04-01,RA7,UNIVERSITY HOSPITALS BRISTOL AND WESTON NHS FOUNDATION TRUST,"NHS BRISTOL, NORTH SOMERSET AND SOUTH GLOUCESTERSHIRE INTEGRATED CARE BOARD",C_430,Elderly Medicine Service,212,189,0,0.8915,False
RTT-April-2026,2026-04-01,RA7,UNIVERSITY HOSPITALS BRISTOL AND WESTON NHS FOUNDATION TRUST,"NHS BRISTOL, NORTH SOMERSET AND SOUTH GLOUCESTERSHIRE INTEGRATED CARE BOARD",C_301,Gastroenterology Service,1044,632,1,0.6054,True
RTT-April-2026,2026-04-01,RA7,UNIVERSITY HOSPITALS BRISTOL AND WESTON NHS FOUNDATION TRUST,"NHS BRISTOL, NORTH SOMERSET AND SOUTH GLOUCESTERSHIRE INTEGRATED CARE BOARD",C_300,General Internal Medicine Service,1,1,0,1.0,False
RTT-April-2026,2026-04-01,RA7,UNIVERSITY HOSPITALS BRISTOL AND WESTON NHS FOUNDATION TRUST,"NHS BRISTOL, NORTH SOMERSET AND SOUTH GLOUCESTERSHIRE INTEGRATED CARE BOARD",C_100,General Surgery Service,108,90,0,0.8333,False
RTT-April-2026,2026-04-01,RA7,UNIVERSITY HOSPITALS BRISTOL AND WESTON NHS FOUNDATION TRUST,"NHS BRISTOL, NORTH SOMERSET AND SOUTH GLOUCESTERSHIRE INTEGRATED CARE BOARD",C_502,Gynaecology Service,3475,2136,44,0.6147,True
RTT-April-2026,2026-04-01,RA7,UNIVERSITY HOSPITALS BRISTOL AND WESTON NHS FOUNDATION TRUST,"NHS BRISTOL, NORTH SOMERSET AND SOUTH GLOUCESTERSHIRE INTEGRATED CARE BOARD",C_400,Neurology Service,571,455,0,0.7968,False
RTT-April-2026,2026-04-01,RA7,UNIVERSITY HOSPITALS BRISTOL AND WESTON NHS FOUNDATION TRUST,"NHS BRISTOL, NORTH SOMERSET AND SOUTH GLOUCESTERSHIRE INTEGRATED CARE BOARD",C_130,Ophthalmology Service,6727,5005,2,0.744,False
RTT-April-2026,2026-04-01,RA7,UNIVERSITY HOSPITALS BRISTOL AND WESTON NHS FOUNDATION TRUST,"NHS BRISTOL, NORTH SOMERSET AND SOUTH GLOUCESTERSHIRE INTEGRATED CARE BOARD",C_140,Oral Surgery Service,2608,1906,0,0.7308,False
RTT-April-2026,2026-04-01,RA7,UNIVERSITY HOSPITALS BRISTOL AND WESTON NHS FOUNDATION TRUST,"NHS BRISTOL, NORTH SOMERSET AND SOUTH GLOUCESTERSHIRE INTEGRATED CARE BOARD",X02,Other - Medical Services,4961,3868,2,0.7797,False
RTT-April-2026,2026-04-01,RA7,UNIVERSITY HOSPITALS BRISTOL AND WESTON NHS FOUNDATION TRUST,"NHS BRISTOL, NORTH SOMERSET AND SOUTH GLOUCESTERSHIRE INTEGRATED CARE BOARD",X03,Other - Mental Health Services,28,28,0,1.0,False
RTT-April-2026,2026-04-01,RA7,UNIVERSITY HOSPITALS BRISTOL AND WESTON NHS FOUNDATION TRUST,"NHS BRISTOL, NORTH SOMERSET AND SOUTH GLOUCESTERSHIRE INTEGRATED CARE BOARD",X06,Other - Other Services,479,423,0,0.8831,False
RTT-April-2026,2026-04-01,RA7,UNIVERSITY HOSPITALS BRISTOL AND WESTON NHS FOUNDATION TRUST,"NHS BRISTOL, NORTH SOMERSET AND SOUTH GLOUCESTERSHIRE INTEGRATED CARE BOARD",X04,Other - Paediatric Services,9361,5426,265,0.5796,True
RTT-April-2026,2026-04-01,RA7,UNIVERSITY HOSPITALS BRISTOL AND WESTON NHS FOUNDATION TRUST,"NHS BRISTOL, NORTH SOMERSET AND SOUTH GLOUCESTERSHIRE INTEGRATED CARE BOARD",X05,Other - Surgical Services,4394,2945,30,0.6702,True
RTT-April-2026,2026-04-01,RA7,UNIVERSITY HOSPITALS BRISTOL AND WESTON NHS FOUNDATION TRUST,"NHS BRISTOL, NORTH SOMERSET AND SOUTH GLOUCESTERSHIRE INTEGRATED CARE BOARD",C_340,Respiratory Medicine Service,1191,843,0,0.7078,False
RTT-April-2026,2026-04-01,RA7,UNIVERSITY HOSPITALS BRISTOL AND WESTON NHS FOUNDATION TRUST,"NHS BRISTOL, NORTH SOMERSET AND SOUTH GLOUCESTERSHIRE INTEGRATED CARE BOARD",C_410,Rheumatology Service,640,526,0,0.8219,False
RTT-April-2026,2026-04-01,RA7,UNIVERSITY HOSPITALS BRISTOL AND WESTON NHS FOUNDATION TRUST,"NHS BRISTOL, NORTH SOMERSET AND SOUTH GLOUCESTERSHIRE INTEGRATED CARE BOARD",C_110,Trauma and Orthopaedic Service,1582,1081,1,0.6833,True
RTT-April-2026,2026-04-01,RKB,UNIVERSITY HOSPITALS COVENTRY AND WARWICKSHIRE NHS TRUST,NHS COVENTRY AND WARWICKSHIRE INTEGRATED CARE BOARD,C_320,Cardiology Service,2385,1695,1,0.7107,False
RTT-April-2026,2026-04-01,RKB,UNIVERSITY HOSPITALS COVENTRY AND WARWICKSHIRE NHS TRUST,NHS COVENTRY AND WARWICKSHIRE INTEGRATED CARE BOARD,C_170,Cardiothoracic Surgery Service,309,262,1,0.8479,False
RTT-April-2026,2026-04-01,RKB,UNIVERSITY HOSPITALS COVENTRY AND WARWICKSHIRE NHS TRUST,NHS COVENTRY AND WARWICKSHIRE INTEGRATED CARE BOARD,C_330,Dermatology Service,3062,2325,1,0.7593,False
RTT-April-2026,2026-04-01,RKB,UNIVERSITY HOSPITALS COVENTRY AND WARWICKSHIRE NHS TRUST,NHS COVENTRY AND WARWICKSHIRE INTEGRATED CARE BOARD,C_120,Ear Nose and Throat Service,8717,3705,321,0.425,True
RTT-April-2026,2026-04-01,RKB,UNIVERSITY HOSPITALS COVENTRY AND WARWICKSHIRE NHS TRUST,NHS COVENTRY AND WARWICKSHIRE INTEGRATED CARE BOARD,C_430,Elderly Medicine Service,100,97,0,0.97,False
RTT-April-2026,2026-04-01,RKB,UNIVERSITY HOSPITALS COVENTRY AND WARWICKSHIRE NHS TRUST,NHS COVENTRY AND WARWICKSHIRE INTEGRATED CARE BOARD,C_301,Gastroenterology Service,1919,1472,4,0.7671,False
RTT-April-2026,2026-04-01,RKB,UNIVERSITY HOSPITALS COVENTRY AND WARWICKSHIRE NHS TRUST,NHS COVENTRY AND WARWICKSHIRE INTEGRATED CARE BOARD,C_300,General Internal Medicine Service,880,781,0,0.8875,False
RTT-April-2026,2026-04-01,RKB,UNIVERSITY HOSPITALS COVENTRY AND WARWICKSHIRE NHS TRUST,NHS COVENTRY AND WARWICKSHIRE INTEGRATED CARE BOARD,C_100,General Surgery Service,8381,5100,228,0.6085,True
RTT-April-2026,2026-04-01,RKB,UNIVERSITY HOSPITALS COVENTRY AND WARWICKSHIRE NHS TRUST,NHS COVENTRY AND WARWICKSHIRE INTEGRATED CARE BOARD,C_502,Gynaecology Service,6828,3538,212,0.5182,True
RTT-April-2026,2026-04-01,RKB,UNIVERSITY HOSPITALS COVENTRY AND WARWICKSHIRE NHS TRUST,NHS COVENTRY AND WARWICKSHIRE INTEGRATED CARE BOARD,C_400,Neurology Service,3982,2174,83,0.546,True
RTT-April-2026,2026-04-01,RKB,UNIVERSITY HOSPITALS COVENTRY AND WARWICKSHIRE NHS TRUST,NHS COVENTRY AND WARWICKSHIRE INTEGRATED CARE BOARD,C_150,Neurosurgical Service,5672,2597,112,0.4579,True
RTT-April-2026,2026-04-01,RKB,UNIVERSITY HOSPITALS COVENTRY AND WARWICKSHIRE NHS TRUST,NHS COVENTRY AND WARWICKSHIRE INTEGRATED CARE BOARD,C_130,Ophthalmology Service,6710,3621,244,0.5396,True
RTT-April-2026,2026-04-01,RKB,UNIVERSITY HOSPITALS COVENTRY AND WARWICKSHIRE NHS TRUST,NHS COVENTRY AND WARWICKSHIRE INTEGRATED CARE BOARD,C_140,Oral Surgery Service,3630,2355,58,0.6488,True
RTT-April-2026,2026-04-01,RKB,UNIVERSITY HOSPITALS COVENTRY AND WARWICKSHIRE NHS TRUST,NHS COVENTRY AND WARWICKSHIRE INTEGRATED CARE BOARD,X02,Other - Medical Services,6153,4348,173,0.7066,False
RTT-April-2026,2026-04-01,RKB,UNIVERSITY HOSPITALS COVENTRY AND WARWICKSHIRE NHS TRUST,NHS COVENTRY AND WARWICKSHIRE INTEGRATED CARE BOARD,X06,Other - Other Services,298,245,4,0.8221,False
RTT-April-2026,2026-04-01,RKB,UNIVERSITY HOSPITALS COVENTRY AND WARWICKSHIRE NHS TRUST,NHS COVENTRY AND WARWICKSHIRE INTEGRATED CARE BOARD,X04,Other - Paediatric Services,1582,869,26,0.5493,True
RTT-April-2026,2026-04-01,RKB,UNIVERSITY HOSPITALS COVENTRY AND WARWICKSHIRE NHS TRUST,NHS COVENTRY AND WARWICKSHIRE INTEGRATED CARE BOARD,C_160,Plastic Surgery Service,531,316,1,0.5951,True
RTT-April-2026,2026-04-01,RKB,UNIVERSITY HOSPITALS COVENTRY AND WARWICKSHIRE NHS TRUST,NHS COVENTRY AND WARWICKSHIRE INTEGRATED CARE BOARD,C_340,Respiratory Medicine Service,2420,1786,0,0.738,False
RTT-April-2026,2026-04-01,RKB,UNIVERSITY HOSPITALS COVENTRY AND WARWICKSHIRE NHS TRUST,NHS COVENTRY AND WARWICKSHIRE INTEGRATED CARE BOARD,C_410,Rheumatology Service,628,605,0,0.9634,False
RTT-April-2026,2026-04-01,RKB,UNIVERSITY HOSPITALS COVENTRY AND WARWICKSHIRE NHS TRUST,NHS COVENTRY AND WARWICKSHIRE INTEGRATED CARE BOARD,C_110,Trauma and Orthopaedic Service,5572,3125,142,0.5608,True
RTT-April-2026,2026-04-01,RKB,UNIVERSITY HOSPITALS COVENTRY AND WARWICKSHIRE NHS TRUST,NHS COVENTRY AND WARWICKSHIRE INTEGRATED CARE BOARD,C_101,Urology Service,3511,1777,118,0.5061,True
RTT-April-2026,2026-04-01,R0D,UNIVERSITY HOSPITALS DORSET NHS FOUNDATION TRUST,NHS DORSET INTEGRATED CARE BOARD,C_320,Cardiology Service,3705,2931,2,0.7911,False
RTT-April-2026,2026-04-01,R0D,UNIVERSITY HOSPITALS DORSET NHS FOUNDATION TRUST,NHS DORSET INTEGRATED CARE BOARD,C_330,Dermatology Service,4330,2789,6,0.6441,True
RTT-April-2026,2026-04-01,R0D,UNIVERSITY HOSPITALS DORSET NHS FOUNDATION TRUST,NHS DORSET INTEGRATED CARE BOARD,C_120,Ear Nose and Throat Service,5813,3368,5,0.5794,True
RTT-April-2026,2026-04-01,R0D,UNIVERSITY HOSPITALS DORSET NHS FOUNDATION TRUST,NHS DORSET INTEGRATED CARE BOARD,C_430,Elderly Medicine Service,736,618,0,0.8397,False
RTT-April-2026,2026-04-01,R0D,UNIVERSITY HOSPITALS DORSET NHS FOUNDATION TRUST,NHS DORSET INTEGRATED CARE BOARD,C_301,Gastroenterology Service,5421,4706,3,0.8681,False
RTT-April-2026,2026-04-01,R0D,UNIVERSITY HOSPITALS DORSET NHS FOUNDATION TRUST,NHS DORSET INTEGRATED CARE BOARD,C_300,General Internal Medicine Service,237,236,0,0.9958,False
RTT-April-2026,2026-04-01,R0D,UNIVERSITY HOSPITALS DORSET NHS FOUNDATION TRUST,NHS DORSET INTEGRATED CARE BOARD,C_100,General Surgery Service,1143,1042,2,0.9116,False
RTT-April-2026,2026-04-01,R0D,UNIVERSITY HOSPITALS DORSET NHS FOUNDATION TRUST,NHS DORSET INTEGRATED CARE BOARD,C_502,Gynaecology Service,6551,3456,81,0.5276,True
RTT-April-2026,2026-04-01,R0D,UNIVERSITY HOSPITALS DORSET NHS FOUNDATION TRUST,NHS DORSET INTEGRATED CARE BOARD,C_400,Neurology Service,1950,1491,1,0.7646,False
RTT-April-2026,2026-04-01,R0D,UNIVERSITY HOSPITALS DORSET NHS FOUNDATION TRUST,NHS DORSET INTEGRATED CARE BOARD,C_130,Ophthalmology Service,5290,3745,0,0.7079,False
RTT-April-2026,2026-04-01,R0D,UNIVERSITY HOSPITALS DORSET NHS FOUNDATION TRUST,NHS DORSET INTEGRATED CARE BOARD,C_140,Oral Surgery Service,3267,1915,13,0.5862,True
RTT-April-2026,2026-04-01,R0D,UNIVERSITY HOSPITALS DORSET NHS FOUNDATION TRUST,NHS DORSET INTEGRATED CARE BOARD,X02,Other - Medical Services,3309,2789,4,0.8429,False
RTT-April-2026,2026-04-01,R0D,UNIVERSITY HOSPITALS DORSET NHS FOUNDATION TRUST,NHS DORSET INTEGRATED CARE BOARD,X06,Other - Other Services,556,522,1,0.9388,False
RTT-April-2026,2026-04-01,R0D,UNIVERSITY HOSPITALS DORSET NHS FOUNDATION TRUST,NHS DORSET INTEGRATED CARE BOARD,X04,Other - Paediatric Services,2699,1937,0,0.7177,False
RTT-April-2026,2026-04-01,R0D,UNIVERSITY HOSPITALS DORSET NHS FOUNDATION TRUST,NHS DORSET INTEGRATED CARE BOARD,X05,Other - Surgical Services,9272,5595,151,0.6034,True
RTT-April-2026,2026-04-01,R0D,UNIVERSITY HOSPITALS DORSET NHS FOUNDATION TRUST,NHS DORSET INTEGRATED CARE BOARD,C_340,Respiratory Medicine Service,1477,953,2,0.6452,True
RTT-April-2026,2026-04-01,R0D,UNIVERSITY HOSPITALS DORSET NHS FOUNDATION TRUST,NHS DORSET INTEGRATED CARE BOARD,C_410,Rheumatology Service,1255,1068,0,0.851,False
RTT-April-2026,2026-04-01,R0D,UNIVERSITY HOSPITALS DORSET NHS FOUNDATION TRUST,NHS DORSET INTEGRATED CARE BOARD,C_110,Trauma and Orthopaedic Service,8123,4028,307,0.4959,True
RTT-April-2026,2026-04-01,R0D,UNIVERSITY HOSPITALS DORSET NHS FOUNDATION TRUST,NHS DORSET INTEGRATED CARE BOARD,C_101,Urology Service,2666,1869,41,0.7011,False
RTT-April-2026,2026-04-01,RTG,UNIVERSITY HOSPITALS OF DERBY AND BURTON NHS FOUNDATION TRUST,NHS DERBY AND DERBYSHIRE INTEGRATED CARE BOARD,C_320,Cardiology Service,2799,2190,21,0.7824,False
RTT-April-2026,2026-04-01,RTG,UNIVERSITY HOSPITALS OF DERBY AND BURTON NHS FOUNDATION TRUST,NHS DERBY AND DERBYSHIRE INTEGRATED CARE BOARD,C_170,Cardiothoracic Surgery Service,42,37,0,0.881,False
RTT-April-2026,2026-04-01,RTG,UNIVERSITY HOSPITALS OF DERBY AND BURTON NHS FOUNDATION TRUST,NHS DERBY AND DERBYSHIRE INTEGRATED CARE BOARD,C_330,Dermatology Service,5800,3696,9,0.6372,True
RTT-April-2026,2026-04-01,RTG,UNIVERSITY HOSPITALS OF DERBY AND BURTON NHS FOUNDATION TRUST,NHS DERBY AND DERBYSHIRE INTEGRATED CARE BOARD,C_120,Ear Nose and Throat Service,8852,5019,101,0.567,True
RTT-April-2026,2026-04-01,RTG,UNIVERSITY HOSPITALS OF DERBY AND BURTON NHS FOUNDATION TRUST,NHS DERBY AND DERBYSHIRE INTEGRATED CARE BOARD,C_430,Elderly Medicine Service,261,231,0,0.8851,False
RTT-April-2026,2026-04-01,RTG,UNIVERSITY HOSPITALS OF DERBY AND BURTON NHS FOUNDATION TRUST,NHS DERBY AND DERBYSHIRE INTEGRATED CARE BOARD,C_301,Gastroenterology Service,4218,2945,46,0.6982,True
RTT-April-2026,2026-04-01,RTG,UNIVERSITY HOSPITALS OF DERBY AND BURTON NHS FOUNDATION TRUST,NHS DERBY AND DERBYSHIRE INTEGRATED CARE BOARD,C_300,General Internal Medicine Service,2,2,0,1.0,False
RTT-April-2026,2026-04-01,RTG,UNIVERSITY HOSPITALS OF DERBY AND BURTON NHS FOUNDATION TRUST,NHS DERBY AND DERBYSHIRE INTEGRATED CARE BOARD,C_100,General Surgery Service,4408,2517,96,0.571,True
RTT-April-2026,2026-04-01,RTG,UNIVERSITY HOSPITALS OF DERBY AND BURTON NHS FOUNDATION TRUST,NHS DERBY AND DERBYSHIRE INTEGRATED CARE BOARD,C_502,Gynaecology Service,8072,4494,196,0.5567,True
RTT-April-2026,2026-04-01,RTG,UNIVERSITY HOSPITALS OF DERBY AND BURTON NHS FOUNDATION TRUST,NHS DERBY AND DERBYSHIRE INTEGRATED CARE BOARD,C_400,Neurology Service,3582,1740,68,0.4858,True
RTT-April-2026,2026-04-01,RTG,UNIVERSITY HOSPITALS OF DERBY AND BURTON NHS FOUNDATION TRUST,NHS DERBY AND DERBYSHIRE INTEGRATED CARE BOARD,C_150,Neurosurgical Service,183,103,0,0.5628,True
RTT-April-2026,2026-04-01,RTG,UNIVERSITY HOSPITALS OF DERBY AND BURTON NHS FOUNDATION TRUST,NHS DERBY AND DERBYSHIRE INTEGRATED CARE BOARD,C_130,Ophthalmology Service,9106,5879,41,0.6456,True
RTT-April-2026,2026-04-01,RTG,UNIVERSITY HOSPITALS OF DERBY AND BURTON NHS FOUNDATION TRUST,NHS DERBY AND DERBYSHIRE INTEGRATED CARE BOARD,C_140,Oral Surgery Service,2072,1547,22,0.7466,False
RTT-April-2026,2026-04-01,RTG,UNIVERSITY HOSPITALS OF DERBY AND BURTON NHS FOUNDATION TRUST,NHS DERBY AND DERBYSHIRE INTEGRATED CARE BOARD,X02,Other - Medical Services,9221,6521,13,0.7072,False
RTT-April-2026,2026-04-01,RTG,UNIVERSITY HOSPITALS OF DERBY AND BURTON NHS FOUNDATION TRUST,NHS DERBY AND DERBYSHIRE INTEGRATED CARE BOARD,X03,Other - Mental Health Services,1,1,0,1.0,False
RTT-April-2026,2026-04-01,RTG,UNIVERSITY HOSPITALS OF DERBY AND BURTON NHS FOUNDATION TRUST,NHS DERBY AND DERBYSHIRE INTEGRATED CARE BOARD,X06,Other - Other Services,982,797,9,0.8116,False
RTT-April-2026,2026-04-01,RTG,UNIVERSITY HOSPITALS OF DERBY AND BURTON NHS FOUNDATION TRUST,NHS DERBY AND DERBYSHIRE INTEGRATED CARE BOARD,X04,Other - Paediatric Services,3231,1887,10,0.584,True
RTT-April-2026,2026-04-01,RTG,UNIVERSITY HOSPITALS OF DERBY AND BURTON NHS FOUNDATION TRUST,NHS DERBY AND DERBYSHIRE INTEGRATED CARE BOARD,X05,Other - Surgical Services,7606,4721,47,0.6207,True
RTT-April-2026,2026-04-01,RTG,UNIVERSITY HOSPITALS OF DERBY AND BURTON NHS FOUNDATION TRUST,NHS DERBY AND DERBYSHIRE INTEGRATED CARE BOARD,C_160,Plastic Surgery Service,416,314,3,0.7548,False
RTT-April-2026,2026-04-01,RTG,UNIVERSITY HOSPITALS OF DERBY AND BURTON NHS FOUNDATION TRUST,NHS DERBY AND DERBYSHIRE INTEGRATED CARE BOARD,C_340,Respiratory Medicine Service,1584,1268,2,0.8005,False
RTT-April-2026,2026-04-01,RTG,UNIVERSITY HOSPITALS OF DERBY AND BURTON NHS FOUNDATION TRUST,NHS DERBY AND DERBYSHIRE INTEGRATED CARE BOARD,C_410,Rheumatology Service,1428,1288,0,0.902,False
RTT-April-2026,2026-04-01,RTG,UNIVERSITY HOSPITALS OF DERBY AND BURTON NHS FOUNDATION TRUST,NHS DERBY AND DERBYSHIRE INTEGRATED CARE BOARD,C_110,Trauma and Orthopaedic Service,17362,8221,807,0.4735,True
RTT-April-2026,2026-04-01,RTG,UNIVERSITY HOSPITALS OF DERBY AND BURTON NHS FOUNDATION TRUST,NHS DERBY AND DERBYSHIRE INTEGRATED CARE BOARD,C_101,Urology Service,3530,2361,35,0.6688,True
RTT-April-2026,2026-04-01,RWE,UNIVERSITY HOSPITALS OF LEICESTER NHS TRUST,"NHS LEICESTER, LEICESTERSHIRE AND RUTLAND INTEGRATED CARE BOARD",C_320,Cardiology Service,6006,3903,17,0.6499,True
RTT-April-2026,2026-04-01,RWE,UNIVERSITY HOSPITALS OF LEICESTER NHS TRUST,"NHS LEICESTER, LEICESTERSHIRE AND RUTLAND INTEGRATED CARE BOARD",C_170,Cardiothoracic Surgery Service,477,384,1,0.805,False
RTT-April-2026,2026-04-01,RWE,UNIVERSITY HOSPITALS OF LEICESTER NHS TRUST,"NHS LEICESTER, LEICESTERSHIRE AND RUTLAND INTEGRATED CARE BOARD",C_330,Dermatology Service,2224,1966,0,0.884,False
RTT-April-2026,2026-04-01,RWE,UNIVERSITY HOSPITALS OF LEICESTER NHS TRUST,"NHS LEICESTER, LEICESTERSHIRE AND RUTLAND INTEGRATED CARE BOARD",C_120,Ear Nose and Throat Service,7031,3554,251,0.5055,True
RTT-April-2026,2026-04-01,RWE,UNIVERSITY HOSPITALS OF LEICESTER NHS TRUST,"NHS LEICESTER, LEICESTERSHIRE AND RUTLAND INTEGRATED CARE BOARD",C_430,Elderly Medicine Service,593,506,0,0.8533,False
RTT-April-2026,2026-04-01,RWE,UNIVERSITY HOSPITALS OF LEICESTER NHS TRUST,"NHS LEICESTER, LEICESTERSHIRE AND RUTLAND INTEGRATED CARE BOARD",C_301,Gastroenterology Service,5316,3116,151,0.5862,True
RTT-April-2026,2026-04-01,RWE,UNIVERSITY HOSPITALS OF LEICESTER NHS TRUST,"NHS LEICESTER, LEICESTERSHIRE AND RUTLAND INTEGRATED CARE BOARD",C_300,General Internal Medicine Service,107,106,0,0.9907,False
RTT-April-2026,2026-04-01,RWE,UNIVERSITY HOSPITALS OF LEICESTER NHS TRUST,"NHS LEICESTER, LEICESTERSHIRE AND RUTLAND INTEGRATED CARE BOARD",C_100,General Surgery Service,6791,4401,144,0.6481,True
RTT-April-2026,2026-04-01,RWE,UNIVERSITY HOSPITALS OF LEICESTER NHS TRUST,"NHS LEICESTER, LEICESTERSHIRE AND RUTLAND INTEGRATED CARE BOARD",C_502,Gynaecology Service,9218,5369,172,0.5824,True
RTT-April-2026,2026-04-01,RWE,UNIVERSITY HOSPITALS OF LEICESTER NHS TRUST,"NHS LEICESTER, LEICESTERSHIRE AND RUTLAND INTEGRATED CARE BOARD",C_400,Neurology Service,4164,1572,11,0.3775,True
RTT-April-2026,2026-04-01,RWE,UNIVERSITY HOSPITALS OF LEICESTER NHS TRUST,"NHS LEICESTER, LEICESTERSHIRE AND RUTLAND INTEGRATED CARE BOARD",C_150,Neurosurgical Service,159,61,1,0.3836,True
RTT-April-2026,2026-04-01,RWE,UNIVERSITY HOSPITALS OF LEICESTER NHS TRUST,"NHS LEICESTER, LEICESTERSHIRE AND RUTLAND INTEGRATED CARE BOARD",C_130,Ophthalmology Service,9194,6220,17,0.6765,True
RTT-April-2026,2026-04-01,RWE,UNIVERSITY HOSPITALS OF LEICESTER NHS TRUST,"NHS LEICESTER, LEICESTERSHIRE AND RUTLAND INTEGRATED CARE BOARD",C_140,Oral Surgery Service,7496,3327,480,0.4438,True
RTT-April-2026,2026-04-01,RWE,UNIVERSITY HOSPITALS OF LEICESTER NHS TRUST,"NHS LEICESTER, LEICESTERSHIRE AND RUTLAND INTEGRATED CARE BOARD",X02,Other - Medical Services,15207,9351,172,0.6149,True
RTT-April-2026,2026-04-01,RWE,UNIVERSITY HOSPITALS OF LEICESTER NHS TRUST,"NHS LEICESTER, LEICESTERSHIRE AND RUTLAND INTEGRATED CARE BOARD",X06,Other - Other Services,3737,2351,4,0.6291,True
RTT-April-2026,2026-04-01,RWE,UNIVERSITY HOSPITALS OF LEICESTER NHS TRUST,"NHS LEICESTER, LEICESTERSHIRE AND RUTLAND INTEGRATED CARE BOARD",X04,Other - Paediatric Services,8042,5107,161,0.635,True
RTT-April-2026,2026-04-01,RWE,UNIVERSITY HOSPITALS OF LEICESTER NHS TRUST,"NHS LEICESTER, LEICESTERSHIRE AND RUTLAND INTEGRATED CARE BOARD",X05,Other - Surgical Services,6651,3821,101,0.5745,True
RTT-April-2026,2026-04-01,RWE,UNIVERSITY HOSPITALS OF LEICESTER NHS TRUST,"NHS LEICESTER, LEICESTERSHIRE AND RUTLAND INTEGRATED CARE BOARD",C_160,Plastic Surgery Service,1142,590,61,0.5166,True
RTT-April-2026,2026-04-01,RWE,UNIVERSITY HOSPITALS OF LEICESTER NHS TRUST,"NHS LEICESTER, LEICESTERSHIRE AND RUTLAND INTEGRATED CARE BOARD",C_340,Respiratory Medicine Service,2400,1904,0,0.7933,False
RTT-April-2026,2026-04-01,RWE,UNIVERSITY HOSPITALS OF LEICESTER NHS TRUST,"NHS LEICESTER, LEICESTERSHIRE AND RUTLAND INTEGRATED CARE BOARD",C_410,Rheumatology Service,4123,1849,26,0.4485,True
RTT-April-2026,2026-04-01,RWE,UNIVERSITY HOSPITALS OF LEICESTER NHS TRUST,"NHS LEICESTER, LEICESTERSHIRE AND RUTLAND INTEGRATED CARE BOARD",C_110,Trauma and Orthopaedic Service,11282,4408,654,0.3907,True
RTT-April-2026,2026-04-01,RWE,UNIVERSITY HOSPITALS OF LEICESTER NHS TRUST,"NHS LEICESTER, LEICESTERSHIRE AND RUTLAND INTEGRATED CARE BOARD",C_101,Urology Service,3632,2803,3,0.7718,False
RTT-April-2026,2026-04-01,RTX,UNIVERSITY HOSPITALS OF MORECAMBE BAY NHS FOUNDATION TRUST,NHS LANCASHIRE AND SOUTH CUMBRIA INTEGRATED CARE BOARD,C_320,Cardiology Service,812,610,6,0.7512,False
RTT-April-2026,2026-04-01,RTX,UNIVERSITY HOSPITALS OF MORECAMBE BAY NHS FOUNDATION TRUST,NHS LANCASHIRE AND SOUTH CUMBRIA INTEGRATED CARE BOARD,C_170,Cardiothoracic Surgery Service,25,25,0,1.0,False
RTT-April-2026,2026-04-01,RTX,UNIVERSITY HOSPITALS OF MORECAMBE BAY NHS FOUNDATION TRUST,NHS LANCASHIRE AND SOUTH CUMBRIA INTEGRATED CARE BOARD,C_330,Dermatology Service,1104,1073,0,0.9719,False
RTT-April-2026,2026-04-01,RTX,UNIVERSITY HOSPITALS OF MORECAMBE BAY NHS FOUNDATION TRUST,NHS LANCASHIRE AND SOUTH CUMBRIA INTEGRATED CARE BOARD,C_120,Ear Nose and Throat Service,3766,2711,45,0.7199,False
RTT-April-2026,2026-04-01,RTX,UNIVERSITY HOSPITALS OF MORECAMBE BAY NHS FOUNDATION TRUST,NHS LANCASHIRE AND SOUTH CUMBRIA INTEGRATED CARE BOARD,C_430,Elderly Medicine Service,157,146,0,0.9299,False
RTT-April-2026,2026-04-01,RTX,UNIVERSITY HOSPITALS OF MORECAMBE BAY NHS FOUNDATION TRUST,NHS LANCASHIRE AND SOUTH CUMBRIA INTEGRATED CARE BOARD,C_301,Gastroenterology Service,2235,1817,2,0.813,False
RTT-April-2026,2026-04-01,RTX,UNIVERSITY HOSPITALS OF MORECAMBE BAY NHS FOUNDATION TRUST,NHS LANCASHIRE AND SOUTH CUMBRIA INTEGRATED CARE BOARD,C_300,General Internal Medicine Service,88,68,0,0.7727,False
RTT-April-2026,2026-04-01,RTX,UNIVERSITY HOSPITALS OF MORECAMBE BAY NHS FOUNDATION TRUST,NHS LANCASHIRE AND SOUTH CUMBRIA INTEGRATED CARE BOARD,C_100,General Surgery Service,2195,1111,50,0.5062,True
RTT-April-2026,2026-04-01,RTX,UNIVERSITY HOSPITALS OF MORECAMBE BAY NHS FOUNDATION TRUST,NHS LANCASHIRE AND SOUTH CUMBRIA INTEGRATED CARE BOARD,C_502,Gynaecology Service,2446,1690,47,0.6909,True
RTT-April-2026,2026-04-01,RTX,UNIVERSITY HOSPITALS OF MORECAMBE BAY NHS FOUNDATION TRUST,NHS LANCASHIRE AND SOUTH CUMBRIA INTEGRATED CARE BOARD,C_130,Ophthalmology Service,2556,2139,43,0.8369,False
RTT-April-2026,2026-04-01,RTX,UNIVERSITY HOSPITALS OF MORECAMBE BAY NHS FOUNDATION TRUST,NHS LANCASHIRE AND SOUTH CUMBRIA INTEGRATED CARE BOARD,C_140,Oral Surgery Service,2202,1489,25,0.6762,True
RTT-April-2026,2026-04-01,RTX,UNIVERSITY HOSPITALS OF MORECAMBE BAY NHS FOUNDATION TRUST,NHS LANCASHIRE AND SOUTH CUMBRIA INTEGRATED CARE BOARD,X02,Other - Medical Services,3414,2288,36,0.6702,True
RTT-April-2026,2026-04-01,RTX,UNIVERSITY HOSPITALS OF MORECAMBE BAY NHS FOUNDATION TRUST,NHS LANCASHIRE AND SOUTH CUMBRIA INTEGRATED CARE BOARD,X06,Other - Other Services,410,331,6,0.8073,False
RTT-April-2026,2026-04-01,RTX,UNIVERSITY HOSPITALS OF MORECAMBE BAY NHS FOUNDATION TRUST,NHS LANCASHIRE AND SOUTH CUMBRIA INTEGRATED CARE BOARD,X04,Other - Paediatric Services,2115,1550,44,0.7329,False
RTT-April-2026,2026-04-01,RTX,UNIVERSITY HOSPITALS OF MORECAMBE BAY NHS FOUNDATION TRUST,NHS LANCASHIRE AND SOUTH CUMBRIA INTEGRATED CARE BOARD,X05,Other - Surgical Services,1497,1232,8,0.823,False
RTT-April-2026,2026-04-01,RTX,UNIVERSITY HOSPITALS OF MORECAMBE BAY NHS FOUNDATION TRUST,NHS LANCASHIRE AND SOUTH CUMBRIA INTEGRATED CARE BOARD,C_160,Plastic Surgery Service,71,66,1,0.9296,False
RTT-April-2026,2026-04-01,RTX,UNIVERSITY HOSPITALS OF MORECAMBE BAY NHS FOUNDATION TRUST,NHS LANCASHIRE AND SOUTH CUMBRIA INTEGRATED CARE BOARD,C_340,Respiratory Medicine Service,466,431,0,0.9249,False
RTT-April-2026,2026-04-01,RTX,UNIVERSITY HOSPITALS OF MORECAMBE BAY NHS FOUNDATION TRUST,NHS LANCASHIRE AND SOUTH CUMBRIA INTEGRATED CARE BOARD,C_410,Rheumatology Service,979,732,3,0.7477,False
RTT-April-2026,2026-04-01,RTX,UNIVERSITY HOSPITALS OF MORECAMBE BAY NHS FOUNDATION TRUST,NHS LANCASHIRE AND SOUTH CUMBRIA INTEGRATED CARE BOARD,C_110,Trauma and Orthopaedic Service,5902,3679,225,0.6233,True
RTT-April-2026,2026-04-01,RTX,UNIVERSITY HOSPITALS OF MORECAMBE BAY NHS FOUNDATION TRUST,NHS LANCASHIRE AND SOUTH CUMBRIA INTEGRATED CARE BOARD,C_101,Urology Service,1970,1419,20,0.7203,False
RTT-April-2026,2026-04-01,RJE,UNIVERSITY HOSPITALS OF NORTH MIDLANDS NHS TRUST,NHS STAFFORDSHIRE AND STOKE-ON-TRENT INTEGRATED CARE BOARD,C_320,Cardiology Service,4605,2878,46,0.625,True
RTT-April-2026,2026-04-01,RJE,UNIVERSITY HOSPITALS OF NORTH MIDLANDS NHS TRUST,NHS STAFFORDSHIRE AND STOKE-ON-TRENT INTEGRATED CARE BOARD,C_170,Cardiothoracic Surgery Service,256,215,1,0.8398,False
RTT-April-2026,2026-04-01,RJE,UNIVERSITY HOSPITALS OF NORTH MIDLANDS NHS TRUST,NHS STAFFORDSHIRE AND STOKE-ON-TRENT INTEGRATED CARE BOARD,C_330,Dermatology Service,1255,996,1,0.7936,False
RTT-April-2026,2026-04-01,RJE,UNIVERSITY HOSPITALS OF NORTH MIDLANDS NHS TRUST,NHS STAFFORDSHIRE AND STOKE-ON-TRENT INTEGRATED CARE BOARD,C_120,Ear Nose and Throat Service,4047,2430,168,0.6004,True
RTT-April-2026,2026-04-01,RJE,UNIVERSITY HOSPITALS OF NORTH MIDLANDS NHS TRUST,NHS STAFFORDSHIRE AND STOKE-ON-TRENT INTEGRATED CARE BOARD,C_430,Elderly Medicine Service,44,41,0,0.9318,False
RTT-April-2026,2026-04-01,RJE,UNIVERSITY HOSPITALS OF NORTH MIDLANDS NHS TRUST,NHS STAFFORDSHIRE AND STOKE-ON-TRENT INTEGRATED CARE BOARD,C_301,Gastroenterology Service,4776,3099,4,0.6489,True
RTT-April-2026,2026-04-01,RJE,UNIVERSITY HOSPITALS OF NORTH MIDLANDS NHS TRUST,NHS STAFFORDSHIRE AND STOKE-ON-TRENT INTEGRATED CARE BOARD,C_100,General Surgery Service,8624,5535,190,0.6418,True
RTT-April-2026,2026-04-01,RJE,UNIVERSITY HOSPITALS OF NORTH MIDLANDS NHS TRUST,NHS STAFFORDSHIRE AND STOKE-ON-TRENT INTEGRATED CARE BOARD,C_502,Gynaecology Service,4834,2978,225,0.6161,True
RTT-April-2026,2026-04-01,RJE,UNIVERSITY HOSPITALS OF NORTH MIDLANDS NHS TRUST,NHS STAFFORDSHIRE AND STOKE-ON-TRENT INTEGRATED CARE BOARD,C_400,Neurology Service,5349,3114,11,0.5822,True
RTT-April-2026,2026-04-01,RJE,UNIVERSITY HOSPITALS OF NORTH MIDLANDS NHS TRUST,NHS STAFFORDSHIRE AND STOKE-ON-TRENT INTEGRATED CARE BOARD,C_150,Neurosurgical Service,559,363,7,0.6494,True
RTT-April-2026,2026-04-01,RJE,UNIVERSITY HOSPITALS OF NORTH MIDLANDS NHS TRUST,NHS STAFFORDSHIRE AND STOKE-ON-TRENT INTEGRATED CARE BOARD,C_130,Ophthalmology Service,5660,3264,159,0.5767,True
RTT-April-2026,2026-04-01,RJE,UNIVERSITY HOSPITALS OF NORTH MIDLANDS NHS TRUST,NHS STAFFORDSHIRE AND STOKE-ON-TRENT INTEGRATED CARE BOARD,C_140,Oral Surgery Service,3833,1957,225,0.5106,True
RTT-April-2026,2026-04-01,RJE,UNIVERSITY HOSPITALS OF NORTH MIDLANDS NHS TRUST,NHS STAFFORDSHIRE AND STOKE-ON-TRENT INTEGRATED CARE BOARD,X02,Other - Medical Services,7198,5412,27,0.7519,False
RTT-April-2026,2026-04-01,RJE,UNIVERSITY HOSPITALS OF NORTH MIDLANDS NHS TRUST,NHS STAFFORDSHIRE AND STOKE-ON-TRENT INTEGRATED CARE BOARD,X06,Other - Other Services,280,254,1,0.9071,False
RTT-April-2026,2026-04-01,RJE,UNIVERSITY HOSPITALS OF NORTH MIDLANDS NHS TRUST,NHS STAFFORDSHIRE AND STOKE-ON-TRENT INTEGRATED CARE BOARD,X04,Other - Paediatric Services,1824,1476,28,0.8092,False
RTT-April-2026,2026-04-01,RJE,UNIVERSITY HOSPITALS OF NORTH MIDLANDS NHS TRUST,NHS STAFFORDSHIRE AND STOKE-ON-TRENT INTEGRATED CARE BOARD,X05,Other - Surgical Services,40,34,0,0.85,False
RTT-April-2026,2026-04-01,RJE,UNIVERSITY HOSPITALS OF NORTH MIDLANDS NHS TRUST,NHS STAFFORDSHIRE AND STOKE-ON-TRENT INTEGRATED CARE BOARD,C_160,Plastic Surgery Service,1068,695,14,0.6507,True
RTT-April-2026,2026-04-01,RJE,UNIVERSITY HOSPITALS OF NORTH MIDLANDS NHS TRUST,NHS STAFFORDSHIRE AND STOKE-ON-TRENT INTEGRATED CARE BOARD,C_340,Respiratory Medicine Service,5007,3721,0,0.7432,False
RTT-April-2026,2026-04-01,RJE,UNIVERSITY HOSPITALS OF NORTH MIDLANDS NHS TRUST,NHS STAFFORDSHIRE AND STOKE-ON-TRENT INTEGRATED CARE BOARD,C_410,Rheumatology Service,3,3,0,1.0,False
RTT-April-2026,2026-04-01,RJE,UNIVERSITY HOSPITALS OF NORTH MIDLANDS NHS TRUST,NHS STAFFORDSHIRE AND STOKE-ON-TRENT INTEGRATED CARE BOARD,C_110,Trauma and Orthopaedic Service,5412,2988,162,0.5521,True
RTT-April-2026,2026-04-01,RJE,UNIVERSITY HOSPITALS OF NORTH MIDLANDS NHS TRUST,NHS STAFFORDSHIRE AND STOKE-ON-TRENT INTEGRATED CARE BOARD,C_101,Urology Service,3785,2404,16,0.6351,True
RTT-April-2026,2026-04-01,RK9,UNIVERSITY HOSPITALS PLYMOUTH NHS TRUST,NHS DEVON INTEGRATED CARE BOARD,C_320,Cardiology Service,3086,1864,34,0.604,True
RTT-April-2026,2026-04-01,RK9,UNIVERSITY HOSPITALS PLYMOUTH NHS TRUST,NHS DEVON INTEGRATED CARE BOARD,C_170,Cardiothoracic Surgery Service,546,285,14,0.522,True
RTT-April-2026,2026-04-01,RK9,UNIVERSITY HOSPITALS PLYMOUTH NHS TRUST,NHS DEVON INTEGRATED CARE BOARD,C_330,Dermatology Service,2086,1736,0,0.8322,False
RTT-April-2026,2026-04-01,RK9,UNIVERSITY HOSPITALS PLYMOUTH NHS TRUST,NHS DEVON INTEGRATED CARE BOARD,C_120,Ear Nose and Throat Service,4087,2876,12,0.7037,False
RTT-April-2026,2026-04-01,RK9,UNIVERSITY HOSPITALS PLYMOUTH NHS TRUST,NHS DEVON INTEGRATED CARE BOARD,C_430,Elderly Medicine Service,23,15,1,0.6522,True
RTT-April-2026,2026-04-01,RK9,UNIVERSITY HOSPITALS PLYMOUTH NHS TRUST,NHS DEVON INTEGRATED CARE BOARD,C_301,Gastroenterology Service,1310,900,2,0.687,True
RTT-April-2026,2026-04-01,RK9,UNIVERSITY HOSPITALS PLYMOUTH NHS TRUST,NHS DEVON INTEGRATED CARE BOARD,C_300,General Internal Medicine Service,61,45,0,0.7377,False
RTT-April-2026,2026-04-01,RK9,UNIVERSITY HOSPITALS PLYMOUTH NHS TRUST,NHS DEVON INTEGRATED CARE BOARD,C_100,General Surgery Service,37,34,0,0.9189,False
RTT-April-2026,2026-04-01,RK9,UNIVERSITY HOSPITALS PLYMOUTH NHS TRUST,NHS DEVON INTEGRATED CARE BOARD,C_502,Gynaecology Service,3277,1853,98,0.5655,True
RTT-April-2026,2026-04-01,RK9,UNIVERSITY HOSPITALS PLYMOUTH NHS TRUST,NHS DEVON INTEGRATED CARE BOARD,C_400,Neurology Service,2216,1560,20,0.704,False
RTT-April-2026,2026-04-01,RK9,UNIVERSITY HOSPITALS PLYMOUTH NHS TRUST,NHS DEVON INTEGRATED CARE BOARD,C_150,Neurosurgical Service,1272,617,72,0.4851,True
RTT-April-2026,2026-04-01,RK9,UNIVERSITY HOSPITALS PLYMOUTH NHS TRUST,NHS DEVON INTEGRATED CARE BOARD,C_130,Ophthalmology Service,5473,3932,29,0.7184,False
RTT-April-2026,2026-04-01,RK9,UNIVERSITY HOSPITALS PLYMOUTH NHS TRUST,NHS DEVON INTEGRATED CARE BOARD,X02,Other - Medical Services,4750,3304,14,0.6956,True
RTT-April-2026,2026-04-01,RK9,UNIVERSITY HOSPITALS PLYMOUTH NHS TRUST,NHS DEVON INTEGRATED CARE BOARD,X06,Other - Other Services,752,703,3,0.9348,False
RTT-April-2026,2026-04-01,RK9,UNIVERSITY HOSPITALS PLYMOUTH NHS TRUST,NHS DEVON INTEGRATED CARE BOARD,X04,Other - Paediatric Services,1501,883,6,0.5883,True
RTT-April-2026,2026-04-01,RK9,UNIVERSITY HOSPITALS PLYMOUTH NHS TRUST,NHS DEVON INTEGRATED CARE BOARD,X05,Other - Surgical Services,6304,3974,112,0.6304,True
RTT-April-2026,2026-04-01,RK9,UNIVERSITY HOSPITALS PLYMOUTH NHS TRUST,NHS DEVON INTEGRATED CARE BOARD,C_160,Plastic Surgery Service,1266,837,4,0.6611,True
RTT-April-2026,2026-04-01,RK9,UNIVERSITY HOSPITALS PLYMOUTH NHS TRUST,NHS DEVON INTEGRATED CARE BOARD,C_340,Respiratory Medicine Service,1702,1221,4,0.7174,False
RTT-April-2026,2026-04-01,RK9,UNIVERSITY HOSPITALS PLYMOUTH NHS TRUST,NHS DEVON INTEGRATED CARE BOARD,C_410,Rheumatology Service,488,428,1,0.877,False
RTT-April-2026,2026-04-01,RK9,UNIVERSITY HOSPITALS PLYMOUTH NHS TRUST,NHS DEVON INTEGRATED CARE BOARD,C_110,Trauma and Orthopaedic Service,3283,1700,139,0.5178,True
RTT-April-2026,2026-04-01,RK9,UNIVERSITY HOSPITALS PLYMOUTH NHS TRUST,NHS DEVON INTEGRATED CARE BOARD,C_101,Urology Service,2764,1752,49,0.6339,True
RTT-April-2026,2026-04-01,RYR,UNIVERSITY HOSPITALS SUSSEX NHS FOUNDATION TRUST,NHS SURREY AND SUSSEX INTEGRATED CARE BOARD,C_320,Cardiology Service,8589,5094,6,0.5931,True
RTT-April-2026,2026-04-01,RYR,UNIVERSITY HOSPITALS SUSSEX NHS FOUNDATION TRUST,NHS SURREY AND SUSSEX INTEGRATED CARE BOARD,C_170,Cardiothoracic Surgery Service,135,98,1,0.7259,False
RTT-April-2026,2026-04-01,RYR,UNIVERSITY HOSPITALS SUSSEX NHS FOUNDATION TRUST,NHS SURREY AND SUSSEX INTEGRATED CARE BOARD,C_330,Dermatology Service,8768,5096,684,0.5812,True
RTT-April-2026,2026-04-01,RYR,UNIVERSITY HOSPITALS SUSSEX NHS FOUNDATION TRUST,NHS SURREY AND SUSSEX INTEGRATED CARE BOARD,C_120,Ear Nose and Throat Service,7440,3765,170,0.506,True
RTT-April-2026,2026-04-01,RYR,UNIVERSITY HOSPITALS SUSSEX NHS FOUNDATION TRUST,NHS SURREY AND SUSSEX INTEGRATED CARE BOARD,C_430,Elderly Medicine Service,204,145,4,0.7108,False
RTT-April-2026,2026-04-01,RYR,UNIVERSITY HOSPITALS SUSSEX NHS FOUNDATION TRUST,NHS SURREY AND SUSSEX INTEGRATED CARE BOARD,C_301,Gastroenterology Service,4939,2875,115,0.5821,True
RTT-April-2026,2026-04-01,RYR,UNIVERSITY HOSPITALS SUSSEX NHS FOUNDATION TRUST,NHS SURREY AND SUSSEX INTEGRATED CARE BOARD,C_300,General Internal Medicine Service,9,3,0,0.3333,True
RTT-April-2026,2026-04-01,RYR,UNIVERSITY HOSPITALS SUSSEX NHS FOUNDATION TRUST,NHS SURREY AND SUSSEX INTEGRATED CARE BOARD,C_100,General Surgery Service,2795,989,225,0.3538,True
RTT-April-2026,2026-04-01,RYR,UNIVERSITY HOSPITALS SUSSEX NHS FOUNDATION TRUST,NHS SURREY AND SUSSEX INTEGRATED CARE BOARD,C_502,Gynaecology Service,10489,5569,464,0.5309,True
RTT-April-2026,2026-04-01,RYR,UNIVERSITY HOSPITALS SUSSEX NHS FOUNDATION TRUST,NHS SURREY AND SUSSEX INTEGRATED CARE BOARD,C_400,Neurology Service,4925,2000,55,0.4061,True
RTT-April-2026,2026-04-01,RYR,UNIVERSITY HOSPITALS SUSSEX NHS FOUNDATION TRUST,NHS SURREY AND SUSSEX INTEGRATED CARE BOARD,C_150,Neurosurgical Service,599,341,3,0.5693,True
RTT-April-2026,2026-04-01,RYR,UNIVERSITY HOSPITALS SUSSEX NHS FOUNDATION TRUST,NHS SURREY AND SUSSEX INTEGRATED CARE BOARD,C_130,Ophthalmology Service,12607,6914,245,0.5484,True
RTT-April-2026,2026-04-01,RYR,UNIVERSITY HOSPITALS SUSSEX NHS FOUNDATION TRUST,NHS SURREY AND SUSSEX INTEGRATED CARE BOARD,C_140,Oral Surgery Service,8201,3533,521,0.4308,True
RTT-April-2026,2026-04-01,RYR,UNIVERSITY HOSPITALS SUSSEX NHS FOUNDATION TRUST,NHS SURREY AND SUSSEX INTEGRATED CARE BOARD,X02,Other - Medical Services,7301,4085,139,0.5595,True
RTT-April-2026,2026-04-01,RYR,UNIVERSITY HOSPITALS SUSSEX NHS FOUNDATION TRUST,NHS SURREY AND SUSSEX INTEGRATED CARE BOARD,X06,Other - Other Services,650,434,16,0.6677,True
RTT-April-2026,2026-04-01,RYR,UNIVERSITY HOSPITALS SUSSEX NHS FOUNDATION TRUST,NHS SURREY AND SUSSEX INTEGRATED CARE BOARD,X04,Other - Paediatric Services,5923,3855,193,0.6509,True
RTT-April-2026,2026-04-01,RYR,UNIVERSITY HOSPITALS SUSSEX NHS FOUNDATION TRUST,NHS SURREY AND SUSSEX INTEGRATED CARE BOARD,X05,Other - Surgical Services,15699,8636,704,0.5501,True
RTT-April-2026,2026-04-01,RYR,UNIVERSITY HOSPITALS SUSSEX NHS FOUNDATION TRUST,NHS SURREY AND SUSSEX INTEGRATED CARE BOARD,C_160,Plastic Surgery Service,2,2,0,1.0,False
RTT-April-2026,2026-04-01,RYR,UNIVERSITY HOSPITALS SUSSEX NHS FOUNDATION TRUST,NHS SURREY AND SUSSEX INTEGRATED CARE BOARD,C_340,Respiratory Medicine Service,1750,1327,9,0.7583,False
RTT-April-2026,2026-04-01,RYR,UNIVERSITY HOSPITALS SUSSEX NHS FOUNDATION TRUST,NHS SURREY AND SUSSEX INTEGRATED CARE BOARD,C_410,Rheumatology Service,1169,726,2,0.621,True
RTT-April-2026,2026-04-01,RYR,UNIVERSITY HOSPITALS SUSSEX NHS FOUNDATION TRUST,NHS SURREY AND SUSSEX INTEGRATED CARE BOARD,C_110,Trauma and Orthopaedic Service,7314,3381,305,0.4623,True
RTT-April-2026,2026-04-01,RYR,UNIVERSITY HOSPITALS SUSSEX NHS FOUNDATION TRUST,NHS SURREY AND SUSSEX INTEGRATED CARE BOARD,C_101,Urology Service,6205,3324,215,0.5357,True
RTT-April-2026,2026-04-01,NRF,UNIVERSITY OF SOUTHAMPTON AUDITORY IMPLANT SERVICE,NHS HAMPSHIRE AND ISLE OF WIGHT INTEGRATED CARE BOARD,C_120,Ear Nose and Throat Service,180,117,7,0.65,True
RTT-April-2026,2026-04-01,AQK,VERNOVA HEALTHCARE COMMUNITY INTEREST COMPANY,NHS CHESHIRE AND MERSEYSIDE INTEGRATED CARE BOARD,X02,Other - Medical Services,175,142,2,0.8114,False
RTT-April-2026,2026-04-01,AQK,VERNOVA HEALTHCARE COMMUNITY INTEREST COMPANY,NHS CHESHIRE AND MERSEYSIDE INTEGRATED CARE BOARD,X05,Other - Surgical Services,106,86,2,0.8113,False
RTT-April-2026,2026-04-01,RBK,WALSALL HEALTHCARE NHS TRUST,NHS BLACK COUNTRY INTEGRATED CARE BOARD,C_320,Cardiology Service,1791,1702,0,0.9503,False
RTT-April-2026,2026-04-01,RBK,WALSALL HEALTHCARE NHS TRUST,NHS BLACK COUNTRY INTEGRATED CARE BOARD,C_330,Dermatology Service,1086,788,0,0.7256,False
RTT-April-2026,2026-04-01,RBK,WALSALL HEALTHCARE NHS TRUST,NHS BLACK COUNTRY INTEGRATED CARE BOARD,C_120,Ear Nose and Throat Service,2814,1806,1,0.6418,True
RTT-April-2026,2026-04-01,RBK,WALSALL HEALTHCARE NHS TRUST,NHS BLACK COUNTRY INTEGRATED CARE BOARD,C_430,Elderly Medicine Service,203,189,0,0.931,False
RTT-April-2026,2026-04-01,RBK,WALSALL HEALTHCARE NHS TRUST,NHS BLACK COUNTRY INTEGRATED CARE BOARD,C_301,Gastroenterology Service,1307,1116,0,0.8539,False
RTT-April-2026,2026-04-01,RBK,WALSALL HEALTHCARE NHS TRUST,NHS BLACK COUNTRY INTEGRATED CARE BOARD,C_100,General Surgery Service,1767,933,0,0.528,True
RTT-April-2026,2026-04-01,RBK,WALSALL HEALTHCARE NHS TRUST,NHS BLACK COUNTRY INTEGRATED CARE BOARD,C_502,Gynaecology Service,2388,1811,0,0.7584,False
RTT-April-2026,2026-04-01,RBK,WALSALL HEALTHCARE NHS TRUST,NHS BLACK COUNTRY INTEGRATED CARE BOARD,C_400,Neurology Service,497,492,0,0.9899,False
RTT-April-2026,2026-04-01,RBK,WALSALL HEALTHCARE NHS TRUST,NHS BLACK COUNTRY INTEGRATED CARE BOARD,C_130,Ophthalmology Service,855,800,0,0.9357,False
RTT-April-2026,2026-04-01,RBK,WALSALL HEALTHCARE NHS TRUST,NHS BLACK COUNTRY INTEGRATED CARE BOARD,C_140,Oral Surgery Service,2059,1182,0,0.5741,True
RTT-April-2026,2026-04-01,RBK,WALSALL HEALTHCARE NHS TRUST,NHS BLACK COUNTRY INTEGRATED CARE BOARD,X02,Other - Medical Services,2646,1578,2,0.5964,True
RTT-April-2026,2026-04-01,RBK,WALSALL HEALTHCARE NHS TRUST,NHS BLACK COUNTRY INTEGRATED CARE BOARD,X06,Other - Other Services,181,178,0,0.9834,False
RTT-April-2026,2026-04-01,RBK,WALSALL HEALTHCARE NHS TRUST,NHS BLACK COUNTRY INTEGRATED CARE BOARD,X04,Other - Paediatric Services,3147,2701,0,0.8583,False
RTT-April-2026,2026-04-01,RBK,WALSALL HEALTHCARE NHS TRUST,NHS BLACK COUNTRY INTEGRATED CARE BOARD,X05,Other - Surgical Services,1846,1345,0,0.7286,False
RTT-April-2026,2026-04-01,RBK,WALSALL HEALTHCARE NHS TRUST,NHS BLACK COUNTRY INTEGRATED CARE BOARD,C_340,Respiratory Medicine Service,758,729,0,0.9617,False
RTT-April-2026,2026-04-01,RBK,WALSALL HEALTHCARE NHS TRUST,NHS BLACK COUNTRY INTEGRATED CARE BOARD,C_410,Rheumatology Service,884,527,0,0.5962,True
RTT-April-2026,2026-04-01,RBK,WALSALL HEALTHCARE NHS TRUST,NHS BLACK COUNTRY INTEGRATED CARE BOARD,C_110,Trauma and Orthopaedic Service,3745,2318,1,0.619,True
RTT-April-2026,2026-04-01,RWG,WEST HERTFORDSHIRE TEACHING HOSPITALS NHS TRUST,NHS CENTRAL EAST INTEGRATED CARE BOARD,C_320,Cardiology Service,4747,3568,0,0.7516,False
RTT-April-2026,2026-04-01,RWG,WEST HERTFORDSHIRE TEACHING HOSPITALS NHS TRUST,NHS CENTRAL EAST INTEGRATED CARE BOARD,C_330,Dermatology Service,3837,3184,0,0.8298,False
RTT-April-2026,2026-04-01,RWG,WEST HERTFORDSHIRE TEACHING HOSPITALS NHS TRUST,NHS CENTRAL EAST INTEGRATED CARE BOARD,C_120,Ear Nose and Throat Service,3294,1441,194,0.4375,True
RTT-April-2026,2026-04-01,RWG,WEST HERTFORDSHIRE TEACHING HOSPITALS NHS TRUST,NHS CENTRAL EAST INTEGRATED CARE BOARD,C_430,Elderly Medicine Service,66,63,0,0.9545,False
RTT-April-2026,2026-04-01,RWG,WEST HERTFORDSHIRE TEACHING HOSPITALS NHS TRUST,NHS CENTRAL EAST INTEGRATED CARE BOARD,C_301,Gastroenterology Service,3576,3123,0,0.8733,False
RTT-April-2026,2026-04-01,RWG,WEST HERTFORDSHIRE TEACHING HOSPITALS NHS TRUST,NHS CENTRAL EAST INTEGRATED CARE BOARD,C_300,General Internal Medicine Service,20,20,0,1.0,False
RTT-April-2026,2026-04-01,RWG,WEST HERTFORDSHIRE TEACHING HOSPITALS NHS TRUST,NHS CENTRAL EAST INTEGRATED CARE BOARD,C_100,General Surgery Service,3418,1988,25,0.5816,True
RTT-April-2026,2026-04-01,RWG,WEST HERTFORDSHIRE TEACHING HOSPITALS NHS TRUST,NHS CENTRAL EAST INTEGRATED CARE BOARD,C_502,Gynaecology Service,2373,1597,41,0.673,True
RTT-April-2026,2026-04-01,RWG,WEST HERTFORDSHIRE TEACHING HOSPITALS NHS TRUST,NHS CENTRAL EAST INTEGRATED CARE BOARD,C_400,Neurology Service,1371,946,0,0.69,True
RTT-April-2026,2026-04-01,RWG,WEST HERTFORDSHIRE TEACHING HOSPITALS NHS TRUST,NHS CENTRAL EAST INTEGRATED CARE BOARD,C_130,Ophthalmology Service,3385,2178,27,0.6434,True
RTT-April-2026,2026-04-01,RWG,WEST HERTFORDSHIRE TEACHING HOSPITALS NHS TRUST,NHS CENTRAL EAST INTEGRATED CARE BOARD,C_140,Oral Surgery Service,2701,1495,39,0.5535,True
RTT-April-2026,2026-04-01,RWG,WEST HERTFORDSHIRE TEACHING HOSPITALS NHS TRUST,NHS CENTRAL EAST INTEGRATED CARE BOARD,X02,Other - Medical Services,3697,2793,26,0.7555,False
RTT-April-2026,2026-04-01,RWG,WEST HERTFORDSHIRE TEACHING HOSPITALS NHS TRUST,NHS CENTRAL EAST INTEGRATED CARE BOARD,X03,Other - Mental Health Services,2,2,0,1.0,False
RTT-April-2026,2026-04-01,RWG,WEST HERTFORDSHIRE TEACHING HOSPITALS NHS TRUST,NHS CENTRAL EAST INTEGRATED CARE BOARD,X06,Other - Other Services,204,204,0,1.0,False
RTT-April-2026,2026-04-01,RWG,WEST HERTFORDSHIRE TEACHING HOSPITALS NHS TRUST,NHS CENTRAL EAST INTEGRATED CARE BOARD,X04,Other - Paediatric Services,1783,1024,61,0.5743,True
RTT-April-2026,2026-04-01,RWG,WEST HERTFORDSHIRE TEACHING HOSPITALS NHS TRUST,NHS CENTRAL EAST INTEGRATED CARE BOARD,X05,Other - Surgical Services,1196,1009,3,0.8436,False
RTT-April-2026,2026-04-01,RWG,WEST HERTFORDSHIRE TEACHING HOSPITALS NHS TRUST,NHS CENTRAL EAST INTEGRATED CARE BOARD,C_340,Respiratory Medicine Service,1701,1327,0,0.7801,False
RTT-April-2026,2026-04-01,RWG,WEST HERTFORDSHIRE TEACHING HOSPITALS NHS TRUST,NHS CENTRAL EAST INTEGRATED CARE BOARD,C_410,Rheumatology Service,1056,719,0,0.6809,True
RTT-April-2026,2026-04-01,RWG,WEST HERTFORDSHIRE TEACHING HOSPITALS NHS TRUST,NHS CENTRAL EAST INTEGRATED CARE BOARD,C_110,Trauma and Orthopaedic Service,4567,2614,61,0.5724,True
RTT-April-2026,2026-04-01,RWG,WEST HERTFORDSHIRE TEACHING HOSPITALS NHS TRUST,NHS CENTRAL EAST INTEGRATED CARE BOARD,C_101,Urology Service,2994,2145,2,0.7164,False
RTT-April-2026,2026-04-01,NVC21,WEST MIDLANDS HOSPITAL,NHS BLACK COUNTRY INTEGRATED CARE BOARD,C_301,Gastroenterology Service,1,0,0,0.0,True
RTT-April-2026,2026-04-01,NVC21,WEST MIDLANDS HOSPITAL,NHS BLACK COUNTRY INTEGRATED CARE BOARD,C_100,General Surgery Service,20,14,0,0.7,False
RTT-April-2026,2026-04-01,NVC21,WEST MIDLANDS HOSPITAL,NHS BLACK COUNTRY INTEGRATED CARE BOARD,C_502,Gynaecology Service,44,26,1,0.5909,True
RTT-April-2026,2026-04-01,NVC21,WEST MIDLANDS HOSPITAL,NHS BLACK COUNTRY INTEGRATED CARE BOARD,C_130,Ophthalmology Service,1,1,0,1.0,False
RTT-April-2026,2026-04-01,NVC21,WEST MIDLANDS HOSPITAL,NHS BLACK COUNTRY INTEGRATED CARE BOARD,X02,Other - Medical Services,18,13,0,0.7222,False
RTT-April-2026,2026-04-01,NVC21,WEST MIDLANDS HOSPITAL,NHS BLACK COUNTRY INTEGRATED CARE BOARD,X06,Other - Other Services,5,1,0,0.2,True
RTT-April-2026,2026-04-01,NVC21,WEST MIDLANDS HOSPITAL,NHS BLACK COUNTRY INTEGRATED CARE BOARD,C_110,Trauma and Orthopaedic Service,393,260,7,0.6616,True
RTT-April-2026,2026-04-01,NVC21,WEST MIDLANDS HOSPITAL,NHS BLACK COUNTRY INTEGRATED CARE BOARD,C_101,Urology Service,15,9,0,0.6,True
RTT-April-2026,2026-04-01,RGR,WEST SUFFOLK NHS FOUNDATION TRUST,NHS NORFOLK AND SUFFOLK INTEGRATED CARE BOARD,C_320,Cardiology Service,1110,844,1,0.7604,False
RTT-April-2026,2026-04-01,RGR,WEST SUFFOLK NHS FOUNDATION TRUST,NHS NORFOLK AND SUFFOLK INTEGRATED CARE BOARD,C_330,Dermatology Service,2027,1782,13,0.8791,False
RTT-April-2026,2026-04-01,RGR,WEST SUFFOLK NHS FOUNDATION TRUST,NHS NORFOLK AND SUFFOLK INTEGRATED CARE BOARD,C_120,Ear Nose and Throat Service,2836,2018,26,0.7116,False
RTT-April-2026,2026-04-01,RGR,WEST SUFFOLK NHS FOUNDATION TRUST,NHS NORFOLK AND SUFFOLK INTEGRATED CARE BOARD,C_430,Elderly Medicine Service,14,12,0,0.8571,False
RTT-April-2026,2026-04-01,RGR,WEST SUFFOLK NHS FOUNDATION TRUST,NHS NORFOLK AND SUFFOLK INTEGRATED CARE BOARD,C_301,Gastroenterology Service,903,644,5,0.7132,False
RTT-April-2026,2026-04-01,RGR,WEST SUFFOLK NHS FOUNDATION TRUST,NHS NORFOLK AND SUFFOLK INTEGRATED CARE BOARD,C_300,General Internal Medicine Service,565,428,1,0.7575,False
RTT-April-2026,2026-04-01,RGR,WEST SUFFOLK NHS FOUNDATION TRUST,NHS NORFOLK AND SUFFOLK INTEGRATED CARE BOARD,C_100,General Surgery Service,2041,1122,32,0.5497,True
RTT-April-2026,2026-04-01,RGR,WEST SUFFOLK NHS FOUNDATION TRUST,NHS NORFOLK AND SUFFOLK INTEGRATED CARE BOARD,C_502,Gynaecology Service,3067,1654,119,0.5393,True
RTT-April-2026,2026-04-01,RGR,WEST SUFFOLK NHS FOUNDATION TRUST,NHS NORFOLK AND SUFFOLK INTEGRATED CARE BOARD,C_400,Neurology Service,894,542,9,0.6063,True
RTT-April-2026,2026-04-01,RGR,WEST SUFFOLK NHS FOUNDATION TRUST,NHS NORFOLK AND SUFFOLK INTEGRATED CARE BOARD,C_130,Ophthalmology Service,2314,1671,5,0.7221,False
RTT-April-2026,2026-04-01,RGR,WEST SUFFOLK NHS FOUNDATION TRUST,NHS NORFOLK AND SUFFOLK INTEGRATED CARE BOARD,X02,Other - Medical Services,2058,1286,12,0.6249,True
RTT-April-2026,2026-04-01,RGR,WEST SUFFOLK NHS FOUNDATION TRUST,NHS NORFOLK AND SUFFOLK INTEGRATED CARE BOARD,X06,Other - Other Services,123,68,4,0.5528,True
RTT-April-2026,2026-04-01,RGR,WEST SUFFOLK NHS FOUNDATION TRUST,NHS NORFOLK AND SUFFOLK INTEGRATED CARE BOARD,X04,Other - Paediatric Services,1467,919,39,0.6264,True
RTT-April-2026,2026-04-01,RGR,WEST SUFFOLK NHS FOUNDATION TRUST,NHS NORFOLK AND SUFFOLK INTEGRATED CARE BOARD,X05,Other - Surgical Services,3559,2426,73,0.6817,True
RTT-April-2026,2026-04-01,RGR,WEST SUFFOLK NHS FOUNDATION TRUST,NHS NORFOLK AND SUFFOLK INTEGRATED CARE BOARD,C_160,Plastic Surgery Service,825,393,29,0.4764,True
RTT-April-2026,2026-04-01,RGR,WEST SUFFOLK NHS FOUNDATION TRUST,NHS NORFOLK AND SUFFOLK INTEGRATED CARE BOARD,C_340,Respiratory Medicine Service,530,448,1,0.8453,False
RTT-April-2026,2026-04-01,RGR,WEST SUFFOLK NHS FOUNDATION TRUST,NHS NORFOLK AND SUFFOLK INTEGRATED CARE BOARD,C_410,Rheumatology Service,642,592,3,0.9221,False
RTT-April-2026,2026-04-01,RGR,WEST SUFFOLK NHS FOUNDATION TRUST,NHS NORFOLK AND SUFFOLK INTEGRATED CARE BOARD,C_110,Trauma and Orthopaedic Service,4123,2059,49,0.4994,True
RTT-April-2026,2026-04-01,RGR,WEST SUFFOLK NHS FOUNDATION TRUST,NHS NORFOLK AND SUFFOLK INTEGRATED CARE BOARD,C_101,Urology Service,1905,1334,1,0.7003,False
RTT-April-2026,2026-04-01,RKE,WHITTINGTON HEALTH NHS TRUST,NHS WEST AND NORTH LONDON INTEGRATED CARE BOARD,C_320,Cardiology Service,788,588,0,0.7462,False
RTT-April-2026,2026-04-01,RKE,WHITTINGTON HEALTH NHS TRUST,NHS WEST AND NORTH LONDON INTEGRATED CARE BOARD,C_330,Dermatology Service,1799,805,2,0.4475,True
RTT-April-2026,2026-04-01,RKE,WHITTINGTON HEALTH NHS TRUST,NHS WEST AND NORTH LONDON INTEGRATED CARE BOARD,C_120,Ear Nose and Throat Service,2171,1663,0,0.766,False
RTT-April-2026,2026-04-01,RKE,WHITTINGTON HEALTH NHS TRUST,NHS WEST AND NORTH LONDON INTEGRATED CARE BOARD,C_430,Elderly Medicine Service,80,79,0,0.9875,False
RTT-April-2026,2026-04-01,RKE,WHITTINGTON HEALTH NHS TRUST,NHS WEST AND NORTH LONDON INTEGRATED CARE BOARD,C_301,Gastroenterology Service,1395,1146,0,0.8215,False
RTT-April-2026,2026-04-01,RKE,WHITTINGTON HEALTH NHS TRUST,NHS WEST AND NORTH LONDON INTEGRATED CARE BOARD,C_100,General Surgery Service,3956,2546,68,0.6436,True
RTT-April-2026,2026-04-01,RKE,WHITTINGTON HEALTH NHS TRUST,NHS WEST AND NORTH LONDON INTEGRATED CARE BOARD,C_502,Gynaecology Service,3000,1837,14,0.6123,True
RTT-April-2026,2026-04-01,RKE,WHITTINGTON HEALTH NHS TRUST,NHS WEST AND NORTH LONDON INTEGRATED CARE BOARD,C_400,Neurology Service,808,594,0,0.7351,False
RTT-April-2026,2026-04-01,RKE,WHITTINGTON HEALTH NHS TRUST,NHS WEST AND NORTH LONDON INTEGRATED CARE BOARD,C_130,Ophthalmology Service,1095,888,2,0.811,False
RTT-April-2026,2026-04-01,RKE,WHITTINGTON HEALTH NHS TRUST,NHS WEST AND NORTH LONDON INTEGRATED CARE BOARD,C_140,Oral Surgery Service,145,89,1,0.6138,True
RTT-April-2026,2026-04-01,RKE,WHITTINGTON HEALTH NHS TRUST,NHS WEST AND NORTH LONDON INTEGRATED CARE BOARD,X02,Other - Medical Services,2054,1657,4,0.8067,False
RTT-April-2026,2026-04-01,RKE,WHITTINGTON HEALTH NHS TRUST,NHS WEST AND NORTH LONDON INTEGRATED CARE BOARD,X04,Other - Paediatric Services,2,2,0,1.0,False
RTT-April-2026,2026-04-01,RKE,WHITTINGTON HEALTH NHS TRUST,NHS WEST AND NORTH LONDON INTEGRATED CARE BOARD,C_160,Plastic Surgery Service,129,65,3,0.5039,True
RTT-April-2026,2026-04-01,RKE,WHITTINGTON HEALTH NHS TRUST,NHS WEST AND NORTH LONDON INTEGRATED CARE BOARD,C_340,Respiratory Medicine Service,620,566,0,0.9129,False
RTT-April-2026,2026-04-01,RKE,WHITTINGTON HEALTH NHS TRUST,NHS WEST AND NORTH LONDON INTEGRATED CARE BOARD,C_410,Rheumatology Service,283,262,0,0.9258,False
RTT-April-2026,2026-04-01,RKE,WHITTINGTON HEALTH NHS TRUST,NHS WEST AND NORTH LONDON INTEGRATED CARE BOARD,C_110,Trauma and Orthopaedic Service,2248,1682,0,0.7482,False
RTT-April-2026,2026-04-01,RKE,WHITTINGTON HEALTH NHS TRUST,NHS WEST AND NORTH LONDON INTEGRATED CARE BOARD,C_101,Urology Service,1849,1388,1,0.7507,False
RTT-April-2026,2026-04-01,NVC22,WINFIELD HOSPITAL,NHS GLOUCESTERSHIRE INTEGRATED CARE BOARD,C_120,Ear Nose and Throat Service,6,0,0,0.0,True
RTT-April-2026,2026-04-01,NVC22,WINFIELD HOSPITAL,NHS GLOUCESTERSHIRE INTEGRATED CARE BOARD,C_301,Gastroenterology Service,150,146,0,0.9733,False
RTT-April-2026,2026-04-01,NVC22,WINFIELD HOSPITAL,NHS GLOUCESTERSHIRE INTEGRATED CARE BOARD,C_100,General Surgery Service,162,101,0,0.6235,True
RTT-April-2026,2026-04-01,NVC22,WINFIELD HOSPITAL,NHS GLOUCESTERSHIRE INTEGRATED CARE BOARD,C_160,Plastic Surgery Service,5,5,0,1.0,False
RTT-April-2026,2026-04-01,NVC22,WINFIELD HOSPITAL,NHS GLOUCESTERSHIRE INTEGRATED CARE BOARD,C_110,Trauma and Orthopaedic Service,817,600,0,0.7344,False
RTT-April-2026,2026-04-01,NVC22,WINFIELD HOSPITAL,NHS GLOUCESTERSHIRE INTEGRATED CARE BOARD,C_101,Urology Service,55,45,0,0.8182,False
RTT-April-2026,2026-04-01,NT443,WINTERBOURNE HOSPITAL,NHS DORSET INTEGRATED CARE BOARD,C_100,General Surgery Service,36,33,0,0.9167,False
RTT-April-2026,2026-04-01,NT443,WINTERBOURNE HOSPITAL,NHS DORSET INTEGRATED CARE BOARD,X06,Other - Other Services,2,2,0,1.0,False
RTT-April-2026,2026-04-01,NT443,WINTERBOURNE HOSPITAL,NHS DORSET INTEGRATED CARE BOARD,C_110,Trauma and Orthopaedic Service,379,277,0,0.7309,False
RTT-April-2026,2026-04-01,RBL,WIRRAL UNIVERSITY TEACHING HOSPITAL NHS FOUNDATION TRUST,NHS CHESHIRE AND MERSEYSIDE INTEGRATED CARE BOARD,C_320,Cardiology Service,1459,984,8,0.6744,True
RTT-April-2026,2026-04-01,RBL,WIRRAL UNIVERSITY TEACHING HOSPITAL NHS FOUNDATION TRUST,NHS CHESHIRE AND MERSEYSIDE INTEGRATED CARE BOARD,C_330,Dermatology Service,2915,1668,48,0.5722,True
RTT-April-2026,2026-04-01,RBL,WIRRAL UNIVERSITY TEACHING HOSPITAL NHS FOUNDATION TRUST,NHS CHESHIRE AND MERSEYSIDE INTEGRATED CARE BOARD,C_120,Ear Nose and Throat Service,3934,2276,49,0.5785,True
RTT-April-2026,2026-04-01,RBL,WIRRAL UNIVERSITY TEACHING HOSPITAL NHS FOUNDATION TRUST,NHS CHESHIRE AND MERSEYSIDE INTEGRATED CARE BOARD,C_430,Elderly Medicine Service,154,148,0,0.961,False
RTT-April-2026,2026-04-01,RBL,WIRRAL UNIVERSITY TEACHING HOSPITAL NHS FOUNDATION TRUST,NHS CHESHIRE AND MERSEYSIDE INTEGRATED CARE BOARD,C_301,Gastroenterology Service,3046,1970,17,0.6467,True
RTT-April-2026,2026-04-01,RBL,WIRRAL UNIVERSITY TEACHING HOSPITAL NHS FOUNDATION TRUST,NHS CHESHIRE AND MERSEYSIDE INTEGRATED CARE BOARD,C_300,General Internal Medicine Service,50,44,0,0.88,False
RTT-April-2026,2026-04-01,RBL,WIRRAL UNIVERSITY TEACHING HOSPITAL NHS FOUNDATION TRUST,NHS CHESHIRE AND MERSEYSIDE INTEGRATED CARE BOARD,C_100,General Surgery Service,482,386,0,0.8008,False
RTT-April-2026,2026-04-01,RBL,WIRRAL UNIVERSITY TEACHING HOSPITAL NHS FOUNDATION TRUST,NHS CHESHIRE AND MERSEYSIDE INTEGRATED CARE BOARD,C_502,Gynaecology Service,2895,1727,12,0.5965,True
RTT-April-2026,2026-04-01,RBL,WIRRAL UNIVERSITY TEACHING HOSPITAL NHS FOUNDATION TRUST,NHS CHESHIRE AND MERSEYSIDE INTEGRATED CARE BOARD,C_130,Ophthalmology Service,3189,1916,17,0.6008,True
RTT-April-2026,2026-04-01,RBL,WIRRAL UNIVERSITY TEACHING HOSPITAL NHS FOUNDATION TRUST,NHS CHESHIRE AND MERSEYSIDE INTEGRATED CARE BOARD,C_140,Oral Surgery Service,2781,1348,16,0.4847,True
RTT-April-2026,2026-04-01,RBL,WIRRAL UNIVERSITY TEACHING HOSPITAL NHS FOUNDATION TRUST,NHS CHESHIRE AND MERSEYSIDE INTEGRATED CARE BOARD,X02,Other - Medical Services,3551,2661,3,0.7494,False
RTT-April-2026,2026-04-01,RBL,WIRRAL UNIVERSITY TEACHING HOSPITAL NHS FOUNDATION TRUST,NHS CHESHIRE AND MERSEYSIDE INTEGRATED CARE BOARD,X06,Other - Other Services,3883,3508,6,0.9034,False
RTT-April-2026,2026-04-01,RBL,WIRRAL UNIVERSITY TEACHING HOSPITAL NHS FOUNDATION TRUST,NHS CHESHIRE AND MERSEYSIDE INTEGRATED CARE BOARD,X04,Other - Paediatric Services,2368,1865,1,0.7876,False
RTT-April-2026,2026-04-01,RBL,WIRRAL UNIVERSITY TEACHING HOSPITAL NHS FOUNDATION TRUST,NHS CHESHIRE AND MERSEYSIDE INTEGRATED CARE BOARD,X05,Other - Surgical Services,3878,2486,39,0.6411,True
RTT-April-2026,2026-04-01,RBL,WIRRAL UNIVERSITY TEACHING HOSPITAL NHS FOUNDATION TRUST,NHS CHESHIRE AND MERSEYSIDE INTEGRATED CARE BOARD,C_340,Respiratory Medicine Service,3572,2298,3,0.6433,True
RTT-April-2026,2026-04-01,RBL,WIRRAL UNIVERSITY TEACHING HOSPITAL NHS FOUNDATION TRUST,NHS CHESHIRE AND MERSEYSIDE INTEGRATED CARE BOARD,C_410,Rheumatology Service,1235,645,51,0.5223,True
RTT-April-2026,2026-04-01,RBL,WIRRAL UNIVERSITY TEACHING HOSPITAL NHS FOUNDATION TRUST,NHS CHESHIRE AND MERSEYSIDE INTEGRATED CARE BOARD,C_110,Trauma and Orthopaedic Service,2502,1268,15,0.5068,True
RTT-April-2026,2026-04-01,RBL,WIRRAL UNIVERSITY TEACHING HOSPITAL NHS FOUNDATION TRUST,NHS CHESHIRE AND MERSEYSIDE INTEGRATED CARE BOARD,C_101,Urology Service,2105,1569,2,0.7454,False
RTT-April-2026,2026-04-01,NVC23,WOODLAND HOSPITAL,NHS NORTHAMPTONSHIRE INTEGRATED CARE BOARD,C_330,Dermatology Service,20,12,0,0.6,True
RTT-April-2026,2026-04-01,NVC23,WOODLAND HOSPITAL,NHS NORTHAMPTONSHIRE INTEGRATED CARE BOARD,C_301,Gastroenterology Service,155,117,1,0.7548,False
RTT-April-2026,2026-04-01,NVC23,WOODLAND HOSPITAL,NHS NORTHAMPTONSHIRE INTEGRATED CARE BOARD,C_100,General Surgery Service,386,282,0,0.7306,False
RTT-April-2026,2026-04-01,NVC23,WOODLAND HOSPITAL,NHS NORTHAMPTONSHIRE INTEGRATED CARE BOARD,C_502,Gynaecology Service,431,148,1,0.3434,True
RTT-April-2026,2026-04-01,NVC23,WOODLAND HOSPITAL,NHS NORTHAMPTONSHIRE INTEGRATED CARE BOARD,C_400,Neurology Service,1,0,0,0.0,True
RTT-April-2026,2026-04-01,NVC23,WOODLAND HOSPITAL,NHS NORTHAMPTONSHIRE INTEGRATED CARE BOARD,C_130,Ophthalmology Service,1,1,0,1.0,False
RTT-April-2026,2026-04-01,NVC23,WOODLAND HOSPITAL,NHS NORTHAMPTONSHIRE INTEGRATED CARE BOARD,X02,Other - Medical Services,4,4,0,1.0,False
RTT-April-2026,2026-04-01,NVC23,WOODLAND HOSPITAL,NHS NORTHAMPTONSHIRE INTEGRATED CARE BOARD,C_160,Plastic Surgery Service,2,2,0,1.0,False
RTT-April-2026,2026-04-01,NVC23,WOODLAND HOSPITAL,NHS NORTHAMPTONSHIRE INTEGRATED CARE BOARD,C_110,Trauma and Orthopaedic Service,3446,2208,0,0.6407,True
RTT-April-2026,2026-04-01,NVC23,WOODLAND HOSPITAL,NHS NORTHAMPTONSHIRE INTEGRATED CARE BOARD,C_101,Urology Service,495,330,0,0.6667,True
RTT-April-2026,2026-04-01,NT457,WOODLANDS HOSPITAL,NHS NORTH EAST AND NORTH CUMBRIA INTEGRATED CARE BOARD,C_120,Ear Nose and Throat Service,214,177,0,0.8271,False
RTT-April-2026,2026-04-01,NT457,WOODLANDS HOSPITAL,NHS NORTH EAST AND NORTH CUMBRIA INTEGRATED CARE BOARD,C_301,Gastroenterology Service,101,92,0,0.9109,False
RTT-April-2026,2026-04-01,NT457,WOODLANDS HOSPITAL,NHS NORTH EAST AND NORTH CUMBRIA INTEGRATED CARE BOARD,C_100,General Surgery Service,337,252,0,0.7478,False
RTT-April-2026,2026-04-01,NT457,WOODLANDS HOSPITAL,NHS NORTH EAST AND NORTH CUMBRIA INTEGRATED CARE BOARD,C_502,Gynaecology Service,382,272,2,0.712,False
RTT-April-2026,2026-04-01,NT457,WOODLANDS HOSPITAL,NHS NORTH EAST AND NORTH CUMBRIA INTEGRATED CARE BOARD,C_150,Neurosurgical Service,2,1,0,0.5,True
RTT-April-2026,2026-04-01,NT457,WOODLANDS HOSPITAL,NHS NORTH EAST AND NORTH CUMBRIA INTEGRATED CARE BOARD,C_130,Ophthalmology Service,624,561,0,0.899,False
RTT-April-2026,2026-04-01,NT457,WOODLANDS HOSPITAL,NHS NORTH EAST AND NORTH CUMBRIA INTEGRATED CARE BOARD,X06,Other - Other Services,155,119,0,0.7677,False
RTT-April-2026,2026-04-01,NT457,WOODLANDS HOSPITAL,NHS NORTH EAST AND NORTH CUMBRIA INTEGRATED CARE BOARD,C_110,Trauma and Orthopaedic Service,760,556,5,0.7316,False
RTT-April-2026,2026-04-01,NT457,WOODLANDS HOSPITAL,NHS NORTH EAST AND NORTH CUMBRIA INTEGRATED CARE BOARD,C_101,Urology Service,182,142,0,0.7802,False
RTT-April-2026,2026-04-01,NVC40,WOODTHORPE HOSPITAL,NHS NOTTINGHAM AND NOTTINGHAMSHIRE INTEGRATED CARE BOARD,C_301,Gastroenterology Service,169,139,0,0.8225,False
RTT-April-2026,2026-04-01,NVC40,WOODTHORPE HOSPITAL,NHS NOTTINGHAM AND NOTTINGHAMSHIRE INTEGRATED CARE BOARD,C_300,General Internal Medicine Service,1,0,0,0.0,True
RTT-April-2026,2026-04-01,NVC40,WOODTHORPE HOSPITAL,NHS NOTTINGHAM AND NOTTINGHAMSHIRE INTEGRATED CARE BOARD,C_100,General Surgery Service,153,102,1,0.6667,True
RTT-April-2026,2026-04-01,NVC40,WOODTHORPE HOSPITAL,NHS NOTTINGHAM AND NOTTINGHAMSHIRE INTEGRATED CARE BOARD,C_502,Gynaecology Service,750,390,1,0.52,True
RTT-April-2026,2026-04-01,NVC40,WOODTHORPE HOSPITAL,NHS NOTTINGHAM AND NOTTINGHAMSHIRE INTEGRATED CARE BOARD,C_400,Neurology Service,1,1,0,1.0,False
RTT-April-2026,2026-04-01,NVC40,WOODTHORPE HOSPITAL,NHS NOTTINGHAM AND NOTTINGHAMSHIRE INTEGRATED CARE BOARD,C_130,Ophthalmology Service,373,350,0,0.9383,False
RTT-April-2026,2026-04-01,NVC40,WOODTHORPE HOSPITAL,NHS NOTTINGHAM AND NOTTINGHAMSHIRE INTEGRATED CARE BOARD,X02,Other - Medical Services,90,69,6,0.7667,False
RTT-April-2026,2026-04-01,NVC40,WOODTHORPE HOSPITAL,NHS NOTTINGHAM AND NOTTINGHAMSHIRE INTEGRATED CARE BOARD,C_110,Trauma and Orthopaedic Service,1954,1383,2,0.7078,False
RTT-April-2026,2026-04-01,NVC40,WOODTHORPE HOSPITAL,NHS NOTTINGHAM AND NOTTINGHAMSHIRE INTEGRATED CARE BOARD,C_101,Urology Service,181,150,0,0.8287,False
RTT-April-2026,2026-04-01,RWP,WORCESTERSHIRE ACUTE HOSPITALS NHS TRUST,NHS HEREFORDSHIRE AND WORCESTERSHIRE INTEGRATED CARE BOARD,C_320,Cardiology Service,1976,1651,0,0.8355,False
RTT-April-2026,2026-04-01,RWP,WORCESTERSHIRE ACUTE HOSPITALS NHS TRUST,NHS HEREFORDSHIRE AND WORCESTERSHIRE INTEGRATED CARE BOARD,C_330,Dermatology Service,2363,1555,2,0.6581,True
RTT-April-2026,2026-04-01,RWP,WORCESTERSHIRE ACUTE HOSPITALS NHS TRUST,NHS HEREFORDSHIRE AND WORCESTERSHIRE INTEGRATED CARE BOARD,C_120,Ear Nose and Throat Service,7630,3878,248,0.5083,True
RTT-April-2026,2026-04-01,RWP,WORCESTERSHIRE ACUTE HOSPITALS NHS TRUST,NHS HEREFORDSHIRE AND WORCESTERSHIRE INTEGRATED CARE BOARD,C_430,Elderly Medicine Service,31,30,0,0.9677,False
RTT-April-2026,2026-04-01,RWP,WORCESTERSHIRE ACUTE HOSPITALS NHS TRUST,NHS HEREFORDSHIRE AND WORCESTERSHIRE INTEGRATED CARE BOARD,C_301,Gastroenterology Service,2554,2044,15,0.8003,False
RTT-April-2026,2026-04-01,RWP,WORCESTERSHIRE ACUTE HOSPITALS NHS TRUST,NHS HEREFORDSHIRE AND WORCESTERSHIRE INTEGRATED CARE BOARD,C_300,General Internal Medicine Service,59,49,0,0.8305,False
RTT-April-2026,2026-04-01,RWP,WORCESTERSHIRE ACUTE HOSPITALS NHS TRUST,NHS HEREFORDSHIRE AND WORCESTERSHIRE INTEGRATED CARE BOARD,C_100,General Surgery Service,4468,2672,9,0.598,True
RTT-April-2026,2026-04-01,RWP,WORCESTERSHIRE ACUTE HOSPITALS NHS TRUST,NHS HEREFORDSHIRE AND WORCESTERSHIRE INTEGRATED CARE BOARD,C_502,Gynaecology Service,5700,3360,0,0.5895,True
RTT-April-2026,2026-04-01,RWP,WORCESTERSHIRE ACUTE HOSPITALS NHS TRUST,NHS HEREFORDSHIRE AND WORCESTERSHIRE INTEGRATED CARE BOARD,C_400,Neurology Service,830,774,0,0.9325,False
RTT-April-2026,2026-04-01,RWP,WORCESTERSHIRE ACUTE HOSPITALS NHS TRUST,NHS HEREFORDSHIRE AND WORCESTERSHIRE INTEGRATED CARE BOARD,C_130,Ophthalmology Service,6108,4279,2,0.7006,False
RTT-April-2026,2026-04-01,RWP,WORCESTERSHIRE ACUTE HOSPITALS NHS TRUST,NHS HEREFORDSHIRE AND WORCESTERSHIRE INTEGRATED CARE BOARD,C_140,Oral Surgery Service,4023,1528,256,0.3798,True
RTT-April-2026,2026-04-01,RWP,WORCESTERSHIRE ACUTE HOSPITALS NHS TRUST,NHS HEREFORDSHIRE AND WORCESTERSHIRE INTEGRATED CARE BOARD,X02,Other - Medical Services,4889,3286,0,0.6721,True
RTT-April-2026,2026-04-01,RWP,WORCESTERSHIRE ACUTE HOSPITALS NHS TRUST,NHS HEREFORDSHIRE AND WORCESTERSHIRE INTEGRATED CARE BOARD,X06,Other - Other Services,1942,1604,0,0.826,False
RTT-April-2026,2026-04-01,RWP,WORCESTERSHIRE ACUTE HOSPITALS NHS TRUST,NHS HEREFORDSHIRE AND WORCESTERSHIRE INTEGRATED CARE BOARD,X04,Other - Paediatric Services,114,106,0,0.9298,False
RTT-April-2026,2026-04-01,RWP,WORCESTERSHIRE ACUTE HOSPITALS NHS TRUST,NHS HEREFORDSHIRE AND WORCESTERSHIRE INTEGRATED CARE BOARD,X05,Other - Surgical Services,2471,1861,12,0.7531,False
RTT-April-2026,2026-04-01,RWP,WORCESTERSHIRE ACUTE HOSPITALS NHS TRUST,NHS HEREFORDSHIRE AND WORCESTERSHIRE INTEGRATED CARE BOARD,C_160,Plastic Surgery Service,15,10,0,0.6667,True
RTT-April-2026,2026-04-01,RWP,WORCESTERSHIRE ACUTE HOSPITALS NHS TRUST,NHS HEREFORDSHIRE AND WORCESTERSHIRE INTEGRATED CARE BOARD,C_340,Respiratory Medicine Service,1497,1154,0,0.7709,False
RTT-April-2026,2026-04-01,RWP,WORCESTERSHIRE ACUTE HOSPITALS NHS TRUST,NHS HEREFORDSHIRE AND WORCESTERSHIRE INTEGRATED CARE BOARD,C_410,Rheumatology Service,604,552,0,0.9139,False
RTT-April-2026,2026-04-01,RWP,WORCESTERSHIRE ACUTE HOSPITALS NHS TRUST,NHS HEREFORDSHIRE AND WORCESTERSHIRE INTEGRATED CARE BOARD,C_110,Trauma and Orthopaedic Service,5098,2396,206,0.47,True
RTT-April-2026,2026-04-01,RWP,WORCESTERSHIRE ACUTE HOSPITALS NHS TRUST,NHS HEREFORDSHIRE AND WORCESTERSHIRE INTEGRATED CARE BOARD,C_101,Urology Service,4876,2859,68,0.5863,True
RTT-April-2026,2026-04-01,RRF,"WRIGHTINGTON, WIGAN AND LEIGH TEACHING HOSPITALS NHS FOUNDATION TRUST",NHS GREATER MANCHESTER INTEGRATED CARE BOARD,C_320,Cardiology Service,2780,1826,0,0.6568,True
RTT-April-2026,2026-04-01,RRF,"WRIGHTINGTON, WIGAN AND LEIGH TEACHING HOSPITALS NHS FOUNDATION TRUST",NHS GREATER MANCHESTER INTEGRATED CARE BOARD,C_170,Cardiothoracic Surgery Service,14,6,0,0.4286,True
RTT-April-2026,2026-04-01,RRF,"WRIGHTINGTON, WIGAN AND LEIGH TEACHING HOSPITALS NHS FOUNDATION TRUST",NHS GREATER MANCHESTER INTEGRATED CARE BOARD,C_330,Dermatology Service,2594,1596,14,0.6153,True
RTT-April-2026,2026-04-01,RRF,"WRIGHTINGTON, WIGAN AND LEIGH TEACHING HOSPITALS NHS FOUNDATION TRUST",NHS GREATER MANCHESTER INTEGRATED CARE BOARD,C_120,Ear Nose and Throat Service,4988,2483,206,0.4978,True
RTT-April-2026,2026-04-01,RRF,"WRIGHTINGTON, WIGAN AND LEIGH TEACHING HOSPITALS NHS FOUNDATION TRUST",NHS GREATER MANCHESTER INTEGRATED CARE BOARD,C_430,Elderly Medicine Service,354,242,0,0.6836,True
RTT-April-2026,2026-04-01,RRF,"WRIGHTINGTON, WIGAN AND LEIGH TEACHING HOSPITALS NHS FOUNDATION TRUST",NHS GREATER MANCHESTER INTEGRATED CARE BOARD,C_301,Gastroenterology Service,4474,2571,65,0.5747,True
RTT-April-2026,2026-04-01,RRF,"WRIGHTINGTON, WIGAN AND LEIGH TEACHING HOSPITALS NHS FOUNDATION TRUST",NHS GREATER MANCHESTER INTEGRATED CARE BOARD,C_300,General Internal Medicine Service,178,126,0,0.7079,False
RTT-April-2026,2026-04-01,RRF,"WRIGHTINGTON, WIGAN AND LEIGH TEACHING HOSPITALS NHS FOUNDATION TRUST",NHS GREATER MANCHESTER INTEGRATED CARE BOARD,C_100,General Surgery Service,2008,970,111,0.4831,True
RTT-April-2026,2026-04-01,RRF,"WRIGHTINGTON, WIGAN AND LEIGH TEACHING HOSPITALS NHS FOUNDATION TRUST",NHS GREATER MANCHESTER INTEGRATED CARE BOARD,C_502,Gynaecology Service,2909,1861,64,0.6397,True
RTT-April-2026,2026-04-01,RRF,"WRIGHTINGTON, WIGAN AND LEIGH TEACHING HOSPITALS NHS FOUNDATION TRUST",NHS GREATER MANCHESTER INTEGRATED CARE BOARD,C_150,Neurosurgical Service,7,3,0,0.4286,True
RTT-April-2026,2026-04-01,RRF,"WRIGHTINGTON, WIGAN AND LEIGH TEACHING HOSPITALS NHS FOUNDATION TRUST",NHS GREATER MANCHESTER INTEGRATED CARE BOARD,C_130,Ophthalmology Service,1568,1381,5,0.8807,False
RTT-April-2026,2026-04-01,RRF,"WRIGHTINGTON, WIGAN AND LEIGH TEACHING HOSPITALS NHS FOUNDATION TRUST",NHS GREATER MANCHESTER INTEGRATED CARE BOARD,C_140,Oral Surgery Service,1493,864,24,0.5787,True
RTT-April-2026,2026-04-01,RRF,"WRIGHTINGTON, WIGAN AND LEIGH TEACHING HOSPITALS NHS FOUNDATION TRUST",NHS GREATER MANCHESTER INTEGRATED CARE BOARD,X06,Other - Other Services,5120,2730,188,0.5332,True
RTT-April-2026,2026-04-01,RRF,"WRIGHTINGTON, WIGAN AND LEIGH TEACHING HOSPITALS NHS FOUNDATION TRUST",NHS GREATER MANCHESTER INTEGRATED CARE BOARD,X04,Other - Paediatric Services,2637,1674,48,0.6348,True
RTT-April-2026,2026-04-01,RRF,"WRIGHTINGTON, WIGAN AND LEIGH TEACHING HOSPITALS NHS FOUNDATION TRUST",NHS GREATER MANCHESTER INTEGRATED CARE BOARD,X05,Other - Surgical Services,2,0,0,0.0,True
RTT-April-2026,2026-04-01,RRF,"WRIGHTINGTON, WIGAN AND LEIGH TEACHING HOSPITALS NHS FOUNDATION TRUST",NHS GREATER MANCHESTER INTEGRATED CARE BOARD,C_340,Respiratory Medicine Service,1878,1361,0,0.7247,False
RTT-April-2026,2026-04-01,RRF,"WRIGHTINGTON, WIGAN AND LEIGH TEACHING HOSPITALS NHS FOUNDATION TRUST",NHS GREATER MANCHESTER INTEGRATED CARE BOARD,C_410,Rheumatology Service,795,665,3,0.8365,False
RTT-April-2026,2026-04-01,RRF,"WRIGHTINGTON, WIGAN AND LEIGH TEACHING HOSPITALS NHS FOUNDATION TRUST",NHS GREATER MANCHESTER INTEGRATED CARE BOARD,C_110,Trauma and Orthopaedic Service,8667,5034,174,0.5808,True
RTT-April-2026,2026-04-01,RRF,"WRIGHTINGTON, WIGAN AND LEIGH TEACHING HOSPITALS NHS FOUNDATION TRUST",NHS GREATER MANCHESTER INTEGRATED CARE BOARD,C_101,Urology Service,1652,1154,43,0.6985,True
RTT-April-2026,2026-04-01,RLQ,WYE VALLEY NHS TRUST,NHS HEREFORDSHIRE AND WORCESTERSHIRE INTEGRATED CARE BOARD,C_320,Cardiology Service,1737,1115,23,0.6419,True
RTT-April-2026,2026-04-01,RLQ,WYE VALLEY NHS TRUST,NHS HEREFORDSHIRE AND WORCESTERSHIRE INTEGRATED CARE BOARD,C_170,Cardiothoracic Surgery Service,12,10,0,0.8333,False
RTT-April-2026,2026-04-01,RLQ,WYE VALLEY NHS TRUST,NHS HEREFORDSHIRE AND WORCESTERSHIRE INTEGRATED CARE BOARD,C_330,Dermatology Service,1042,762,0,0.7313,False
RTT-April-2026,2026-04-01,RLQ,WYE VALLEY NHS TRUST,NHS HEREFORDSHIRE AND WORCESTERSHIRE INTEGRATED CARE BOARD,C_120,Ear Nose and Throat Service,2523,1539,24,0.61,True
RTT-April-2026,2026-04-01,RLQ,WYE VALLEY NHS TRUST,NHS HEREFORDSHIRE AND WORCESTERSHIRE INTEGRATED CARE BOARD,C_430,Elderly Medicine Service,136,104,1,0.7647,False
RTT-April-2026,2026-04-01,RLQ,WYE VALLEY NHS TRUST,NHS HEREFORDSHIRE AND WORCESTERSHIRE INTEGRATED CARE BOARD,C_301,Gastroenterology Service,1440,847,43,0.5882,True
RTT-April-2026,2026-04-01,RLQ,WYE VALLEY NHS TRUST,NHS HEREFORDSHIRE AND WORCESTERSHIRE INTEGRATED CARE BOARD,C_300,General Internal Medicine Service,36,16,0,0.4444,True
RTT-April-2026,2026-04-01,RLQ,WYE VALLEY NHS TRUST,NHS HEREFORDSHIRE AND WORCESTERSHIRE INTEGRATED CARE BOARD,C_100,General Surgery Service,853,528,5,0.619,True
RTT-April-2026,2026-04-01,RLQ,WYE VALLEY NHS TRUST,NHS HEREFORDSHIRE AND WORCESTERSHIRE INTEGRATED CARE BOARD,C_502,Gynaecology Service,2241,1316,21,0.5872,True
RTT-April-2026,2026-04-01,RLQ,WYE VALLEY NHS TRUST,NHS HEREFORDSHIRE AND WORCESTERSHIRE INTEGRATED CARE BOARD,C_400,Neurology Service,544,386,3,0.7096,False
RTT-April-2026,2026-04-01,RLQ,WYE VALLEY NHS TRUST,NHS HEREFORDSHIRE AND WORCESTERSHIRE INTEGRATED CARE BOARD,C_130,Ophthalmology Service,2821,2042,25,0.7239,False
RTT-April-2026,2026-04-01,RLQ,WYE VALLEY NHS TRUST,NHS HEREFORDSHIRE AND WORCESTERSHIRE INTEGRATED CARE BOARD,C_140,Oral Surgery Service,773,448,3,0.5796,True
RTT-April-2026,2026-04-01,RLQ,WYE VALLEY NHS TRUST,NHS HEREFORDSHIRE AND WORCESTERSHIRE INTEGRATED CARE BOARD,X02,Other - Medical Services,2157,1611,5,0.7469,False
RTT-April-2026,2026-04-01,RLQ,WYE VALLEY NHS TRUST,NHS HEREFORDSHIRE AND WORCESTERSHIRE INTEGRATED CARE BOARD,X06,Other - Other Services,1,0,0,0.0,True
RTT-April-2026,2026-04-01,RLQ,WYE VALLEY NHS TRUST,NHS HEREFORDSHIRE AND WORCESTERSHIRE INTEGRATED CARE BOARD,X04,Other - Paediatric Services,323,255,0,0.7895,False
RTT-April-2026,2026-04-01,RLQ,WYE VALLEY NHS TRUST,NHS HEREFORDSHIRE AND WORCESTERSHIRE INTEGRATED CARE BOARD,X05,Other - Surgical Services,2185,1617,20,0.74,False
RTT-April-2026,2026-04-01,RLQ,WYE VALLEY NHS TRUST,NHS HEREFORDSHIRE AND WORCESTERSHIRE INTEGRATED CARE BOARD,C_160,Plastic Surgery Service,331,210,1,0.6344,True
RTT-April-2026,2026-04-01,RLQ,WYE VALLEY NHS TRUST,NHS HEREFORDSHIRE AND WORCESTERSHIRE INTEGRATED CARE BOARD,C_340,Respiratory Medicine Service,1763,1308,86,0.7419,False
RTT-April-2026,2026-04-01,RLQ,WYE VALLEY NHS TRUST,NHS HEREFORDSHIRE AND WORCESTERSHIRE INTEGRATED CARE BOARD,C_410,Rheumatology Service,394,321,0,0.8147,False
RTT-April-2026,2026-04-01,RLQ,WYE VALLEY NHS TRUST,NHS HEREFORDSHIRE AND WORCESTERSHIRE INTEGRATED CARE BOARD,C_110,Trauma and Orthopaedic Service,3518,1692,292,0.481,True
RTT-April-2026,2026-04-01,RLQ,WYE VALLEY NHS TRUST,NHS HEREFORDSHIRE AND WORCESTERSHIRE INTEGRATED CARE BOARD,C_101,Urology Service,1590,1035,14,0.6509,True
RTT-April-2026,2026-04-01,RCB,YORK AND SCARBOROUGH TEACHING HOSPITALS NHS FOUNDATION TRUST,NHS HUMBER AND NORTH YORKSHIRE INTEGRATED CARE BOARD,C_320,Cardiology Service,2446,1505,42,0.6153,True
RTT-April-2026,2026-04-01,RCB,YORK AND SCARBOROUGH TEACHING HOSPITALS NHS FOUNDATION TRUST,NHS HUMBER AND NORTH YORKSHIRE INTEGRATED CARE BOARD,C_330,Dermatology Service,3038,1628,2,0.5359,True
RTT-April-2026,2026-04-01,RCB,YORK AND SCARBOROUGH TEACHING HOSPITALS NHS FOUNDATION TRUST,NHS HUMBER AND NORTH YORKSHIRE INTEGRATED CARE BOARD,C_120,Ear Nose and Throat Service,7460,3934,140,0.5273,True
RTT-April-2026,2026-04-01,RCB,YORK AND SCARBOROUGH TEACHING HOSPITALS NHS FOUNDATION TRUST,NHS HUMBER AND NORTH YORKSHIRE INTEGRATED CARE BOARD,C_430,Elderly Medicine Service,203,189,0,0.931,False
RTT-April-2026,2026-04-01,RCB,YORK AND SCARBOROUGH TEACHING HOSPITALS NHS FOUNDATION TRUST,NHS HUMBER AND NORTH YORKSHIRE INTEGRATED CARE BOARD,C_301,Gastroenterology Service,1606,950,9,0.5915,True
RTT-April-2026,2026-04-01,RCB,YORK AND SCARBOROUGH TEACHING HOSPITALS NHS FOUNDATION TRUST,NHS HUMBER AND NORTH YORKSHIRE INTEGRATED CARE BOARD,C_300,General Internal Medicine Service,1,1,0,1.0,False
RTT-April-2026,2026-04-01,RCB,YORK AND SCARBOROUGH TEACHING HOSPITALS NHS FOUNDATION TRUST,NHS HUMBER AND NORTH YORKSHIRE INTEGRATED CARE BOARD,C_100,General Surgery Service,31,21,0,0.6774,True
RTT-April-2026,2026-04-01,RCB,YORK AND SCARBOROUGH TEACHING HOSPITALS NHS FOUNDATION TRUST,NHS HUMBER AND NORTH YORKSHIRE INTEGRATED CARE BOARD,C_502,Gynaecology Service,3523,1768,11,0.5018,True
RTT-April-2026,2026-04-01,RCB,YORK AND SCARBOROUGH TEACHING HOSPITALS NHS FOUNDATION TRUST,NHS HUMBER AND NORTH YORKSHIRE INTEGRATED CARE BOARD,C_400,Neurology Service,1173,824,1,0.7025,False
RTT-April-2026,2026-04-01,RCB,YORK AND SCARBOROUGH TEACHING HOSPITALS NHS FOUNDATION TRUST,NHS HUMBER AND NORTH YORKSHIRE INTEGRATED CARE BOARD,C_130,Ophthalmology Service,5624,3645,61,0.6481,True
RTT-April-2026,2026-04-01,RCB,YORK AND SCARBOROUGH TEACHING HOSPITALS NHS FOUNDATION TRUST,NHS HUMBER AND NORTH YORKSHIRE INTEGRATED CARE BOARD,C_140,Oral Surgery Service,3902,1823,89,0.4672,True
RTT-April-2026,2026-04-01,RCB,YORK AND SCARBOROUGH TEACHING HOSPITALS NHS FOUNDATION TRUST,NHS HUMBER AND NORTH YORKSHIRE INTEGRATED CARE BOARD,X02,Other - Medical Services,6737,3796,244,0.5635,True
RTT-April-2026,2026-04-01,RCB,YORK AND SCARBOROUGH TEACHING HOSPITALS NHS FOUNDATION TRUST,NHS HUMBER AND NORTH YORKSHIRE INTEGRATED CARE BOARD,X06,Other - Other Services,133,93,0,0.6992,True
RTT-April-2026,2026-04-01,RCB,YORK AND SCARBOROUGH TEACHING HOSPITALS NHS FOUNDATION TRUST,NHS HUMBER AND NORTH YORKSHIRE INTEGRATED CARE BOARD,X04,Other - Paediatric Services,8,8,0,1.0,False
RTT-April-2026,2026-04-01,RCB,YORK AND SCARBOROUGH TEACHING HOSPITALS NHS FOUNDATION TRUST,NHS HUMBER AND NORTH YORKSHIRE INTEGRATED CARE BOARD,X05,Other - Surgical Services,7899,4540,206,0.5748,True
RTT-April-2026,2026-04-01,RCB,YORK AND SCARBOROUGH TEACHING HOSPITALS NHS FOUNDATION TRUST,NHS HUMBER AND NORTH YORKSHIRE INTEGRATED CARE BOARD,C_160,Plastic Surgery Service,251,156,0,0.6215,True
RTT-April-2026,2026-04-01,RCB,YORK AND SCARBOROUGH TEACHING HOSPITALS NHS FOUNDATION TRUST,NHS HUMBER AND NORTH YORKSHIRE INTEGRATED CARE BOARD,C_340,Respiratory Medicine Service,2705,1463,16,0.5409,True
RTT-April-2026,2026-04-01,RCB,YORK AND SCARBOROUGH TEACHING HOSPITALS NHS FOUNDATION TRUST,NHS HUMBER AND NORTH YORKSHIRE INTEGRATED CARE BOARD,C_410,Rheumatology Service,667,548,0,0.8216,False
RTT-April-2026,2026-04-01,RCB,YORK AND SCARBOROUGH TEACHING HOSPITALS NHS FOUNDATION TRUST,NHS HUMBER AND NORTH YORKSHIRE INTEGRATED CARE BOARD,C_110,Trauma and Orthopaedic Service,4511,2419,86,0.5362,True
RTT-April-2026,2026-04-01,RCB,YORK AND SCARBOROUGH TEACHING HOSPITALS NHS FOUNDATION TRUST,NHS HUMBER AND NORTH YORKSHIRE INTEGRATED CARE BOARD,C_101,Urology Service,3180,1855,89,0.5833,True
